{"schema_version":1,"timestamp_ms":1773270803742,"sequence":840,"detections":[{"class_id":2,"confidence":0.4089842736721039,"x_center":0.41751623153686523,"y_center":0.48825158013237846,"width":0.027249526977539063,"height":0.029461330837673612,"source_id":0,"frame_num":840,"label":"car"},{"class_id":10,"confidence":0.34433871507644653,"x_center":0.8508586883544922,"y_center":0.5255992465549045,"width":0.03941268920898437,"height":0.09573042127821181,"source_id":0,"frame_num":840,"label":"fire hydrant"}]}