{"schema_version":1,"timestamp_ms":1773270797680,"sequence":661,"detections":[{"class_id":2,"confidence":0.4334518313407898,"x_center":0.3931540012359619,"y_center":0.48947837264449506,"width":0.022044658660888672,"height":0.0348454510724103,"source_id":0,"frame_num":661,"label":"car"},{"class_id":2,"confidence":0.35673999786376953,"x_center":0.7529302597045898,"y_center":0.9219714411982783,"width":0.4861122131347656,"height":0.13701776575159144,"source_id":0,"frame_num":661,"label":"car"}]}