{"schema_version":1,"timestamp_ms":1773270778152,"sequence":107,"detections":[{"class_id":2,"confidence":0.720239520072937,"x_center":0.43786528905232747,"y_center":0.5225450021249277,"width":0.31604200998942056,"height":0.22608173511646412,"source_id":0,"frame_num":107,"label":"car"},{"class_id":0,"confidence":0.33133071660995483,"x_center":0.4654703458150228,"y_center":0.45448390819408274,"width":0.029262542724609375,"height":0.04902699788411458,"source_id":0,"frame_num":107,"label":"person"},{"class_id":2,"confidence":0.2847912013530731,"x_center":0.2823898712793986,"y_center":0.46496953611020686,"width":0.03332537015279134,"height":0.04278985482675058,"source_id":0,"frame_num":107,"label":"car"}]}