{"schema_version":1,"timestamp_ms":1773270802459,"sequence":802,"detections":[{"class_id":2,"confidence":0.47404900193214417,"x_center":0.41324005126953123,"y_center":0.49033472979510273,"width":0.022852706909179687,"height":0.03443990636754919,"source_id":0,"frame_num":802,"label":"car"},{"class_id":2,"confidence":0.4460734724998474,"x_center":0.49183311462402346,"y_center":0.9048063772696036,"width":0.9836662292480469,"height":0.17522882532190392,"source_id":0,"frame_num":802,"label":"car"}]}