{"schema_version":1,"timestamp_ms":1773270808343,"sequence":969,"detections":[{"class_id":2,"confidence":0.6851990222930908,"x_center":0.2845948616663615,"y_center":0.5217068990071615,"width":0.08473566373189291,"height":0.09671037462022569,"source_id":0,"frame_num":969,"label":"car"},{"class_id":2,"confidence":0.3643172085285187,"x_center":0.48121089935302735,"y_center":0.4920795581958912,"width":0.027871131896972656,"height":0.04930747703269676,"source_id":0,"frame_num":969,"label":"car"},{"class_id":2,"confidence":0.3575718104839325,"x_center":0.46755380630493165,"y_center":0.9147239402488426,"width":0.8797887802124024,"height":0.16097186053240742,"source_id":0,"frame_num":969,"label":"car"}]}