{"schema_version":1,"timestamp_ms":1773270811213,"sequence":1054,"detections":[{"class_id":2,"confidence":0.3489352762699127,"x_center":0.4246471881866455,"y_center":0.9467259442364728,"width":0.19490633010864258,"height":0.1016481187608507,"source_id":0,"frame_num":1054,"label":"car"},{"class_id":2,"confidence":0.26898494362831116,"x_center":0.5101209163665772,"y_center":0.9249270686396847,"width":0.9718644142150878,"height":0.13989557336877895,"source_id":0,"frame_num":1054,"label":"car"}]}