{"schema_version":1,"timestamp_ms":1773270801642,"sequence":777,"detections":[{"class_id":2,"confidence":0.33911123871803284,"x_center":0.4967935085296631,"y_center":0.9138222305862992,"width":0.9925827980041504,"height":0.16701654504846644,"source_id":0,"frame_num":777,"label":"car"},{"class_id":2,"confidence":0.276303768157959,"x_center":0.4096280415852865,"y_center":0.48989011976453994,"width":0.018502235412597656,"height":0.03191613091362847,"source_id":0,"frame_num":777,"label":"car"}]}