{"schema_version":1,"timestamp_ms":1773270796476,"sequence":628,"detections":[{"class_id":2,"confidence":0.8555911183357239,"x_center":0.0725939393043518,"y_center":0.6525199890136719,"width":0.144983172416687,"height":0.3739032321506076,"source_id":0,"frame_num":628,"label":"car"},{"class_id":2,"confidence":0.5064273476600647,"x_center":0.38591537475585935,"y_center":0.49335250854492185,"width":0.022015380859375,"height":0.03551449245876736,"source_id":0,"frame_num":628,"label":"car"},{"class_id":2,"confidence":0.4416522681713104,"x_center":0.4600955009460449,"y_center":0.9091432359483507,"width":0.8533666610717774,"height":0.1708648681640625,"source_id":0,"frame_num":628,"label":"car"}]}