{"schema_version":1,"timestamp_ms":1773270784928,"sequence":314,"detections":[{"class_id":2,"confidence":0.690830409526825,"x_center":0.9066955248514811,"y_center":0.5462146900318287,"width":0.05364704132080078,"height":0.06036241319444444,"source_id":0,"frame_num":314,"label":"car"},{"class_id":7,"confidence":0.5486102104187012,"x_center":0.8097563743591308,"y_center":0.5433146723994502,"width":0.1136789321899414,"height":0.11878729926215278,"source_id":0,"frame_num":314,"label":"truck"},{"class_id":2,"confidence":0.43351903557777405,"x_center":0.8104386965433756,"y_center":0.5429244995117187,"width":0.11329975128173828,"height":0.11992153591579861,"source_id":0,"frame_num":314,"label":"car"},{"class_id":2,"confidence":0.2644849419593811,"x_center":0.9367172241210937,"y_center":0.5280632866753472,"width":0.025127410888671875,"height":0.0285369873046875,"source_id":0,"frame_num":314,"label":"car"}]}