{"schema_version":1,"timestamp_ms":1773270803268,"sequence":826,"detections":[{"class_id":2,"confidence":0.42026403546333313,"x_center":0.5050778230031331,"y_center":0.9100438153302228,"width":0.984719435373942,"height":0.167823565447772,"source_id":0,"frame_num":826,"label":"car"},{"class_id":2,"confidence":0.37876251339912415,"x_center":0.4144137382507324,"y_center":0.4893463276050709,"width":0.024634552001953126,"height":0.03208004986798322,"source_id":0,"frame_num":826,"label":"car"}]}