{"schema_version":1,"timestamp_ms":1773270807949,"sequence":958,"detections":[{"class_id":2,"confidence":0.7965611815452576,"x_center":0.3170339902242025,"y_center":0.5105199743200232,"width":0.05971056620279948,"height":0.07020297580295139,"source_id":0,"frame_num":958,"label":"car"},{"class_id":2,"confidence":0.4230807423591614,"x_center":0.47868809700012205,"y_center":0.4917720512107567,"width":0.025502872467041016,"height":0.050557256627965855,"source_id":0,"frame_num":958,"label":"car"},{"class_id":2,"confidence":0.3963204026222229,"x_center":0.44785614013671876,"y_center":0.49066229926215277,"width":0.0195648193359375,"height":0.03783535427517361,"source_id":0,"frame_num":958,"label":"car"},{"class_id":2,"confidence":0.28997793793678284,"x_center":0.5005584716796875,"y_center":0.9163211398654514,"width":0.9757217407226563,"height":0.15797593858506945,"source_id":0,"frame_num":958,"label":"car"}]}