{"schema_version":1,"timestamp_ms":1773270805591,"sequence":894,"detections":[{"class_id":2,"confidence":0.4700680077075958,"x_center":0.42075109481811523,"y_center":0.4889729817708333,"width":0.01906299591064453,"height":0.029457261827256945,"source_id":0,"frame_num":894,"label":"car"},{"class_id":2,"confidence":0.43289127945899963,"x_center":0.373568852742513,"y_center":0.4933071842900029,"width":0.02515068054199219,"height":0.027245133011429397,"source_id":0,"frame_num":894,"label":"car"},{"class_id":2,"confidence":0.3382663428783417,"x_center":0.4430270195007324,"y_center":0.48599860579879195,"width":0.015448188781738282,"height":0.02455984044958044,"source_id":0,"frame_num":894,"label":"car"},{"class_id":2,"confidence":0.3213886022567749,"x_center":0.49213590621948244,"y_center":0.911390318693938,"width":0.982014274597168,"height":0.16956171106409143,"source_id":0,"frame_num":894,"label":"car"}]}