{"schema_version":1,"timestamp_ms":1773270777499,"sequence":88,"detections":[{"class_id":2,"confidence":0.8477718234062195,"x_center":0.5775842984517415,"y_center":0.5114162021213108,"width":0.2524545669555664,"height":0.16838904486762152,"source_id":0,"frame_num":88,"label":"car"},{"class_id":2,"confidence":0.3522135317325592,"x_center":0.33334975242614745,"y_center":0.46939950165925204,"width":0.021320247650146486,"height":0.02172017980504919,"source_id":0,"frame_num":88,"label":"car"},{"class_id":2,"confidence":0.2806238532066345,"x_center":0.2877895514170329,"y_center":0.46582953841597946,"width":0.029144128163655598,"height":0.041970457854094326,"source_id":0,"frame_num":88,"label":"car"},{"class_id":2,"confidence":0.27480825781822205,"x_center":0.255217711130778,"y_center":0.46449534098307294,"width":0.016492938995361327,"height":0.022496541341145832,"source_id":0,"frame_num":88,"label":"car"}]}