{"schema_version":1,"timestamp_ms":1773270775169,"sequence":17,"detections":[{"class_id":11,"confidence":0.7620113492012024,"x_center":0.6707648277282715,"y_center":0.3821705570927373,"width":0.03861789703369141,"height":0.06686180962456598,"source_id":0,"frame_num":17,"label":"stop sign"},{"class_id":7,"confidence":0.5400140881538391,"x_center":0.6240512212117513,"y_center":0.5057579323097512,"width":0.1446715037027995,"height":0.10945536295572916,"source_id":0,"frame_num":17,"label":"truck"},{"class_id":2,"confidence":0.32303351163864136,"x_center":0.4055197715759277,"y_center":0.48971792150426796,"width":0.02053356170654297,"height":0.026315816243489585,"source_id":0,"frame_num":17,"label":"car"}]}