{"schema_version":1,"timestamp_ms":1773270799838,"sequence":725,"detections":[{"class_id":2,"confidence":0.4382035732269287,"x_center":0.40599589347839354,"y_center":0.4893395317925347,"width":0.019580364227294922,"height":0.031504313151041664,"source_id":0,"frame_num":725,"label":"car"},{"class_id":2,"confidence":0.4315759837627411,"x_center":0.1549693743387858,"y_center":0.5284937258119936,"width":0.031072521209716798,"height":0.032198927137586805,"source_id":0,"frame_num":725,"label":"car"}]}