{"schema_version":1,"timestamp_ms":1773270775894,"sequence":38,"detections":[{"class_id":11,"confidence":0.8957210779190063,"x_center":0.7646846453348796,"y_center":0.3440309171323423,"width":0.05360469818115234,"height":0.0989243401421441,"source_id":0,"frame_num":38,"label":"stop sign"},{"class_id":2,"confidence":0.6516363024711609,"x_center":0.6991066932678223,"y_center":0.508072492811415,"width":0.16159915924072266,"height":0.0969602796766493,"source_id":0,"frame_num":38,"label":"car"}]}