{"schema_version":1,"timestamp_ms":1773270791873,"sequence":502,"detections":[{"class_id":2,"confidence":0.6974425911903381,"x_center":0.38932294845581056,"y_center":0.5209234732168692,"width":0.05784797668457031,"height":0.06641721372251157,"source_id":0,"frame_num":502,"label":"car"},{"class_id":7,"confidence":0.5775632262229919,"x_center":0.5951973756154378,"y_center":0.4888285601580584,"width":0.149175230662028,"height":0.10177719681351273,"source_id":0,"frame_num":502,"label":"truck"},{"class_id":2,"confidence":0.34907710552215576,"x_center":0.25253071784973147,"y_center":0.5061515525535301,"width":0.015084362030029297,"height":0.025349143699363426,"source_id":0,"frame_num":502,"label":"car"},{"class_id":2,"confidence":0.3417113125324249,"x_center":0.27246875762939454,"y_center":0.4997132760507089,"width":0.026012992858886717,"height":0.037087164984809025,"source_id":0,"frame_num":502,"label":"car"}]}