{"schema_version":1,"timestamp_ms":1773270806048,"sequence":907,"detections":[{"class_id":2,"confidence":0.3332825303077698,"x_center":0.36874942779541015,"y_center":0.4946387679488571,"width":0.02889842987060547,"height":0.03253631591796875,"source_id":0,"frame_num":907,"label":"car"},{"class_id":2,"confidence":0.31207069754600525,"x_center":0.49515724182128906,"y_center":0.9106487698025174,"width":0.9896091461181641,"height":0.16946580674913195,"source_id":0,"frame_num":907,"label":"car"},{"class_id":2,"confidence":0.2712944447994232,"x_center":0.4254611968994141,"y_center":0.48998548719618057,"width":0.018445587158203124,"height":0.029622734917534723,"source_id":0,"frame_num":907,"label":"car"}]}