{"schema_version":1,"timestamp_ms":1773270802492,"sequence":803,"detections":[{"class_id":2,"confidence":0.504546582698822,"x_center":0.4131202697753906,"y_center":0.49049003035933886,"width":0.023155975341796874,"height":0.03430562902379919,"source_id":0,"frame_num":803,"label":"car"},{"class_id":2,"confidence":0.46245086193084717,"x_center":0.4928627014160156,"y_center":0.9055682429560908,"width":0.9857254028320312,"height":0.17697002269603587,"source_id":0,"frame_num":803,"label":"car"}]}