{"schema_version":1,"timestamp_ms":1773270775008,"sequence":12,"detections":[{"class_id":11,"confidence":0.8195056915283203,"x_center":0.6532712618509928,"y_center":0.3906211853027344,"width":0.036162376403808594,"height":0.06608123779296875,"source_id":0,"frame_num":12,"label":"stop sign"},{"class_id":7,"confidence":0.5490204095840454,"x_center":0.569955603281657,"y_center":0.5020672692192926,"width":0.13621298472086588,"height":0.1053177727593316,"source_id":0,"frame_num":12,"label":"truck"},{"class_id":2,"confidence":0.3016613721847534,"x_center":0.5708662350972493,"y_center":0.5015498832420067,"width":0.1387741724650065,"height":0.10549974794741031,"source_id":0,"frame_num":12,"label":"car"}]}