{"schema_version":1,"timestamp_ms":1773270806746,"sequence":929,"detections":[{"class_id":2,"confidence":0.6000077724456787,"x_center":0.3569256623586019,"y_center":0.4996288723415799,"width":0.03369760513305664,"height":0.04134148491753472,"source_id":0,"frame_num":929,"label":"car"},{"class_id":2,"confidence":0.594409704208374,"x_center":0.43349650700887044,"y_center":0.48946702745225695,"width":0.020802879333496095,"height":0.03156399197048611,"source_id":0,"frame_num":929,"label":"car"},{"class_id":2,"confidence":0.2713480591773987,"x_center":0.46801098187764484,"y_center":0.48895341378671153,"width":0.02912149429321289,"height":0.03813355057327836,"source_id":0,"frame_num":929,"label":"car"}]}