{"schema_version":1,"timestamp_ms":1773270801536,"sequence":774,"detections":[{"class_id":2,"confidence":0.3242398798465729,"x_center":0.4959591865539551,"y_center":0.9123916625976562,"width":0.9866674423217774,"height":0.1654273139105903,"source_id":0,"frame_num":774,"label":"car"},{"class_id":2,"confidence":0.2963406443595886,"x_center":0.4089590867360433,"y_center":0.48879838166413486,"width":0.01818857192993164,"height":0.034090677897135414,"source_id":0,"frame_num":774,"label":"car"}]}