{"schema_version":1,"timestamp_ms":1773270796970,"sequence":642,"detections":[{"class_id":2,"confidence":0.5503482222557068,"x_center":0.3882778485616048,"y_center":0.4918557908799913,"width":0.023354848225911457,"height":0.03187510172526042,"source_id":0,"frame_num":642,"label":"car"},{"class_id":2,"confidence":0.2650662064552307,"x_center":0.47736568450927735,"y_center":0.9110762702094184,"width":0.9525104522705078,"height":0.16879119873046874,"source_id":0,"frame_num":642,"label":"car"}]}