{"schema_version":1,"timestamp_ms":1773270799411,"sequence":712,"detections":[{"class_id":2,"confidence":0.4973445534706116,"x_center":0.40415848096211754,"y_center":0.4914303532353154,"width":0.018943055470784505,"height":0.033380409523292826,"source_id":0,"frame_num":712,"label":"car"},{"class_id":2,"confidence":0.29623550176620483,"x_center":0.48110540707906085,"y_center":0.9116973594382957,"width":0.9589509646097819,"height":0.17072985613787617,"source_id":0,"frame_num":712,"label":"car"}]}