{"schema_version":1,"timestamp_ms":1773270779698,"sequence":154,"detections":[{"class_id":7,"confidence":0.5041071772575378,"x_center":0.268848180770874,"y_center":0.47206107245551215,"width":0.039388179779052734,"height":0.05938568115234375,"source_id":0,"frame_num":154,"label":"truck"},{"class_id":2,"confidence":0.484408974647522,"x_center":0.22254714171091716,"y_center":0.46417206658257376,"width":0.022359800338745118,"height":0.024792395697699653,"source_id":0,"frame_num":154,"label":"car"}]}