{"schema_version":1,"timestamp_ms":1773270797083,"sequence":645,"detections":[{"class_id":2,"confidence":0.6042543053627014,"x_center":0.3887950897216797,"y_center":0.49249954223632814,"width":0.022776985168457033,"height":0.03182627360026042,"source_id":0,"frame_num":645,"label":"car"},{"class_id":2,"confidence":0.2924575209617615,"x_center":0.449629020690918,"y_center":0.9113656785753038,"width":0.899258041381836,"height":0.16302303738064236,"source_id":0,"frame_num":645,"label":"car"}]}