{"schema_version":1,"timestamp_ms":1773270780640,"sequence":183,"detections":[{"class_id":2,"confidence":0.5291127562522888,"x_center":0.25461749235788983,"y_center":0.48086470144766347,"width":0.05097816785176595,"height":0.07067257916485822,"source_id":0,"frame_num":183,"label":"car"},{"class_id":2,"confidence":0.484641432762146,"x_center":0.3213699181874593,"y_center":0.4712563550030744,"width":0.025762081146240234,"height":0.029209702103226272,"source_id":0,"frame_num":183,"label":"car"},{"class_id":2,"confidence":0.39387428760528564,"x_center":0.37304266293843585,"y_center":0.48030784041793256,"width":0.025332164764404298,"height":0.033784117522063076,"source_id":0,"frame_num":183,"label":"car"},{"class_id":2,"confidence":0.32268333435058594,"x_center":0.21734466552734374,"y_center":0.46934331258138023,"width":0.026506614685058594,"height":0.025424702962239584,"source_id":0,"frame_num":183,"label":"car"}]}