{"schema_version":1,"timestamp_ms":1773270775362,"sequence":23,"detections":[{"class_id":11,"confidence":0.7945153117179871,"x_center":0.6938572247823079,"y_center":0.37420662773980035,"width":0.043504524230957034,"height":0.07281985812717014,"source_id":0,"frame_num":23,"label":"stop sign"},{"class_id":5,"confidence":0.5175686478614807,"x_center":0.6785254160563151,"y_center":0.5055652900978371,"width":0.13516159057617189,"height":0.10595089947735822,"source_id":0,"frame_num":23,"label":"bus"},{"class_id":2,"confidence":0.5014523863792419,"x_center":0.3837051232655843,"y_center":0.4854120749014395,"width":0.02259988784790039,"height":0.024559331823278355,"source_id":0,"frame_num":23,"label":"car"},{"class_id":7,"confidence":0.33663293719291687,"x_center":0.6789559046427409,"y_center":0.5041645756474248,"width":0.1347057342529297,"height":0.10616647225839121,"source_id":0,"frame_num":23,"label":"truck"}]}