{"schema_version":1,"timestamp_ms":1773270774853,"sequence":7,"detections":[{"class_id":11,"confidence":0.8038562536239624,"x_center":0.6392555872599284,"y_center":0.396056154039171,"width":0.032881546020507815,"height":0.06020295884874132,"source_id":0,"frame_num":7,"label":"stop sign"},{"class_id":2,"confidence":0.740781843662262,"x_center":0.5396291097005208,"y_center":0.5028599915681062,"width":0.160565185546875,"height":0.10537632129810474,"source_id":0,"frame_num":7,"label":"car"},{"class_id":2,"confidence":0.29332903027534485,"x_center":0.3931355158487956,"y_center":0.48833928991247105,"width":0.023081843058268228,"height":0.027427842881944445,"source_id":0,"frame_num":7,"label":"car"}]}