{"schema_version":1,"timestamp_ms":1773270775996,"sequence":41,"detections":[{"class_id":11,"confidence":0.8804364204406738,"x_center":0.7824157396952311,"y_center":0.33896720321090135,"width":0.057124900817871097,"height":0.10333949901439525,"source_id":0,"frame_num":41,"label":"stop sign"},{"class_id":2,"confidence":0.5892427563667297,"x_center":0.6985986073811848,"y_center":0.5079846134892216,"width":0.16605478922526043,"height":0.09989980061848959,"source_id":0,"frame_num":41,"label":"car"}]}