{"schema_version":1,"timestamp_ms":1773270780146,"sequence":168,"detections":[{"class_id":2,"confidence":0.6960666179656982,"x_center":0.2632930676142375,"y_center":0.4771689379656756,"width":0.0447876771291097,"height":0.06408061274775752,"source_id":0,"frame_num":168,"label":"car"},{"class_id":2,"confidence":0.3361954391002655,"x_center":0.3739368756612142,"y_center":0.4748509583649812,"width":0.023610877990722656,"height":0.03381271362304687,"source_id":0,"frame_num":168,"label":"car"},{"class_id":2,"confidence":0.2764131724834442,"x_center":0.30829224586486814,"y_center":0.47088113007722077,"width":0.01681070327758789,"height":0.019291997838903358,"source_id":0,"frame_num":168,"label":"car"},{"class_id":2,"confidence":0.2546551525592804,"x_center":0.21826700369517008,"y_center":0.4671786696822555,"width":0.02158961296081543,"height":0.025192062943070023,"source_id":0,"frame_num":168,"label":"car"}]}