{"schema_version":1,"timestamp_ms":1773270774975,"sequence":11,"detections":[{"class_id":11,"confidence":0.7563501596450806,"x_center":0.6505021731058757,"y_center":0.39111226399739585,"width":0.03682727813720703,"height":0.06448228624131945,"source_id":0,"frame_num":11,"label":"stop sign"},{"class_id":7,"confidence":0.4784170091152191,"x_center":0.5601186752319336,"y_center":0.5026866630271629,"width":0.13756103515625,"height":0.10476020530418113,"source_id":0,"frame_num":11,"label":"truck"},{"class_id":2,"confidence":0.4423286020755768,"x_center":0.5622232755025228,"y_center":0.5020422900164568,"width":0.1406807581583659,"height":0.10686557911060475,"source_id":0,"frame_num":11,"label":"car"},{"class_id":2,"confidence":0.256904274225235,"x_center":0.38477886517842613,"y_center":0.48680469371654367,"width":0.026172733306884764,"height":0.027089917218243633,"source_id":0,"frame_num":11,"label":"car"}]}