{"schema_version":1,"timestamp_ms":1773270784016,"sequence":287,"detections":[{"class_id":2,"confidence":0.5063260197639465,"x_center":0.06268036365509033,"y_center":0.4952718946668837,"width":0.032011222839355466,"height":0.04453141954210069,"source_id":0,"frame_num":287,"label":"car"},{"class_id":2,"confidence":0.31724080443382263,"x_center":0.035213836034138996,"y_center":0.4926672758879485,"width":0.02923587958017985,"height":0.034921999330873844,"source_id":0,"frame_num":287,"label":"car"}]}