{"schema_version":1,"timestamp_ms":1773270802427,"sequence":801,"detections":[{"class_id":2,"confidence":0.4757097661495209,"x_center":0.41300082206726074,"y_center":0.4909766020598235,"width":0.022594928741455078,"height":0.033943402325665506,"source_id":0,"frame_num":801,"label":"car"},{"class_id":2,"confidence":0.44445905089378357,"x_center":0.49250426292419436,"y_center":0.9046625490541811,"width":0.9829545021057129,"height":0.17658165825737848,"source_id":0,"frame_num":801,"label":"car"}]}