{"schema_version":1,"timestamp_ms":1773270810987,"sequence":1047,"detections":[{"class_id":2,"confidence":0.35704895853996277,"x_center":0.4233138879140218,"y_center":0.9427778455946181,"width":0.19744386672973632,"height":0.11178656684027778,"source_id":0,"frame_num":1047,"label":"car"},{"class_id":2,"confidence":0.2975870668888092,"x_center":0.5144318421681722,"y_center":0.919109316225405,"width":0.9617541948954265,"height":0.1531105324074074,"source_id":0,"frame_num":1047,"label":"car"}]}