{"schema_version":1,"timestamp_ms":1773270804528,"sequence":863,"detections":[{"class_id":2,"confidence":0.5298956632614136,"x_center":0.4282898267110189,"y_center":0.4876539442274306,"width":0.026517677307128906,"height":0.027098253038194443,"source_id":0,"frame_num":863,"label":"car"},{"class_id":2,"confidence":0.4307841360569,"x_center":0.42240990002950035,"y_center":0.48764555189344616,"width":0.03326749801635742,"height":0.029921976725260417,"source_id":0,"frame_num":863,"label":"car"},{"class_id":2,"confidence":0.3964105248451233,"x_center":0.38398903210957847,"y_center":0.49035424126519095,"width":0.01934041976928711,"height":0.029468112521701388,"source_id":0,"frame_num":863,"label":"car"},{"class_id":2,"confidence":0.37268000841140747,"x_center":0.5050798416137695,"y_center":0.9153033503779658,"width":0.9874359130859375,"height":0.16394986753110533,"source_id":0,"frame_num":863,"label":"car"}]}