{"schema_version":1,"timestamp_ms":1773270775860,"sequence":37,"detections":[{"class_id":11,"confidence":0.9121910333633423,"x_center":0.7593480745951334,"y_center":0.34680076881691263,"width":0.0552029291788737,"height":0.0976469251844618,"source_id":0,"frame_num":37,"label":"stop sign"},{"class_id":2,"confidence":0.5815731883049011,"x_center":0.6968213081359863,"y_center":0.5077822367350261,"width":0.16024723052978515,"height":0.09596642388237847,"source_id":0,"frame_num":37,"label":"car"}]}