{"schema_version":1,"timestamp_ms":1773270807469,"sequence":945,"detections":[{"class_id":2,"confidence":0.8136991262435913,"x_center":0.3403809865315755,"y_center":0.5047811437536169,"width":0.043700853983561196,"height":0.05534159342447917,"source_id":0,"frame_num":945,"label":"car"},{"class_id":2,"confidence":0.5548105835914612,"x_center":0.44275579452514646,"y_center":0.4895670007776331,"width":0.021484947204589842,"height":0.034697469075520834,"source_id":0,"frame_num":945,"label":"car"},{"class_id":7,"confidence":0.3843490779399872,"x_center":0.4756517728169759,"y_center":0.4892563996491609,"width":0.025699806213378907,"height":0.04383544921875,"source_id":0,"frame_num":945,"label":"truck"},{"class_id":2,"confidence":0.27640193700790405,"x_center":0.5027667045593261,"y_center":0.9216319896556713,"width":0.9836362838745117,"height":0.1462501808449074,"source_id":0,"frame_num":945,"label":"car"}]}