{"schema_version":1,"timestamp_ms":1773270775756,"sequence":34,"detections":[{"class_id":11,"confidence":0.8577890396118164,"x_center":0.7435261408487955,"y_center":0.3522301991780599,"width":0.050135040283203126,"height":0.08998641967773438,"source_id":0,"frame_num":34,"label":"stop sign"},{"class_id":2,"confidence":0.45767584443092346,"x_center":0.6806538899739584,"y_center":0.5078072018093533,"width":0.12610727945963543,"height":0.09314278496636284,"source_id":0,"frame_num":34,"label":"car"},{"class_id":2,"confidence":0.32191675901412964,"x_center":0.3993777434031169,"y_center":0.4859153747558594,"width":0.0227113405863444,"height":0.027783372667100695,"source_id":0,"frame_num":34,"label":"car"}]}