{"schema_version":1,"timestamp_ms":1773270798883,"sequence":697,"detections":[{"class_id":2,"confidence":0.5443823933601379,"x_center":0.4018524646759033,"y_center":0.4902600606282552,"width":0.022021007537841798,"height":0.03349287245008681,"source_id":0,"frame_num":697,"label":"car"},{"class_id":2,"confidence":0.33252817392349243,"x_center":0.44527692794799806,"y_center":0.9139846801757813,"width":0.8905538558959961,"height":0.1599063449435764,"source_id":0,"frame_num":697,"label":"car"}]}