{"schema_version":1,"timestamp_ms":1773270777631,"sequence":92,"detections":[{"class_id":2,"confidence":0.8696973323822021,"x_center":0.5535146872202555,"y_center":0.5125641151710792,"width":0.2618529955546061,"height":0.18159219247323496,"source_id":0,"frame_num":92,"label":"car"},{"class_id":2,"confidence":0.42121222615242004,"x_center":0.3339740117390951,"y_center":0.469513010095667,"width":0.022805468241373698,"height":0.022688095657913774,"source_id":0,"frame_num":92,"label":"car"},{"class_id":7,"confidence":0.3054691255092621,"x_center":0.2869683583577474,"y_center":0.4654874872278284,"width":0.029010581970214843,"height":0.043742681432653356,"source_id":0,"frame_num":92,"label":"truck"},{"class_id":2,"confidence":0.2888685166835785,"x_center":0.3823846975962321,"y_center":0.47141561154966,"width":0.023540655771891277,"height":0.030990911413122105,"source_id":0,"frame_num":92,"label":"car"}]}