{"schema_version":1,"timestamp_ms":1773270797645,"sequence":660,"detections":[{"class_id":2,"confidence":0.5121615529060364,"x_center":0.753717041015625,"y_center":0.9215138753255209,"width":0.4881004333496094,"height":0.13757120768229167,"source_id":0,"frame_num":660,"label":"car"},{"class_id":2,"confidence":0.4299362301826477,"x_center":0.3929347038269043,"y_center":0.48984129163953993,"width":0.02154254913330078,"height":0.03475901285807292,"source_id":0,"frame_num":660,"label":"car"}]}