{"schema_version":1,"timestamp_ms":1773270799679,"sequence":720,"detections":[{"class_id":2,"confidence":0.4529053568840027,"x_center":0.4053793907165527,"y_center":0.4907766271520544,"width":0.020406723022460938,"height":0.033144237377025466,"source_id":0,"frame_num":720,"label":"car"},{"class_id":25,"confidence":0.4217480719089508,"x_center":0.8872006098429362,"y_center":0.2403516133626302,"width":0.07219429016113281,"height":0.13620062934027777,"source_id":0,"frame_num":720,"label":"umbrella"},{"class_id":2,"confidence":0.25471484661102295,"x_center":0.48319072723388673,"y_center":0.9132595203540943,"width":0.964809799194336,"height":0.16890287046079283,"source_id":0,"frame_num":720,"label":"car"}]}