{"schema_version":1,"timestamp_ms":1773270784861,"sequence":312,"detections":[{"class_id":2,"confidence":0.6963109374046326,"x_center":0.937653923034668,"y_center":0.5469674852159289,"width":0.056708908081054686,"height":0.061480204264322914,"source_id":0,"frame_num":312,"label":"car"},{"class_id":2,"confidence":0.5299379229545593,"x_center":0.8384378115336101,"y_center":0.5434236314561632,"width":0.11577434539794922,"height":0.118255615234375,"source_id":0,"frame_num":312,"label":"car"},{"class_id":2,"confidence":0.5168229341506958,"x_center":0.9701147079467773,"y_center":0.530576267948857,"width":0.02676811218261719,"height":0.03757940221715857,"source_id":0,"frame_num":312,"label":"car"},{"class_id":7,"confidence":0.3782694935798645,"x_center":0.8370941162109375,"y_center":0.544782652678313,"width":0.120440673828125,"height":0.11913288257740162,"source_id":0,"frame_num":312,"label":"truck"}]}