{"schema_version":1,"timestamp_ms":1773270797610,"sequence":659,"detections":[{"class_id":2,"confidence":0.5075284242630005,"x_center":0.7546085198720296,"y_center":0.920086161295573,"width":0.4885820070902506,"height":0.1385284423828125,"source_id":0,"frame_num":659,"label":"car"},{"class_id":2,"confidence":0.3855706751346588,"x_center":0.39260172843933105,"y_center":0.4898726851851852,"width":0.021152973175048828,"height":0.03431837293836806,"source_id":0,"frame_num":659,"label":"car"}]}