{"schema_version":1,"timestamp_ms":1773270802101,"sequence":791,"detections":[{"class_id":2,"confidence":0.4527001976966858,"x_center":0.41168368657430016,"y_center":0.48934816431116174,"width":0.02126026153564453,"height":0.033086621319806137,"source_id":0,"frame_num":791,"label":"car"},{"class_id":2,"confidence":0.3553024232387543,"x_center":0.49356215794881186,"y_center":0.9121590508355035,"width":0.9857105890909831,"height":0.16458095974392362,"source_id":0,"frame_num":791,"label":"car"}]}