{"schema_version":1,"timestamp_ms":1773270806586,"sequence":924,"detections":[{"class_id":2,"confidence":0.6053722500801086,"x_center":0.43127145767211916,"y_center":0.4898523118760851,"width":0.019694137573242187,"height":0.02908172607421875,"source_id":0,"frame_num":924,"label":"car"},{"class_id":2,"confidence":0.6046085953712463,"x_center":0.36007464726765953,"y_center":0.49992220843279805,"width":0.030761909484863282,"height":0.03803162751374421,"source_id":0,"frame_num":924,"label":"car"}]}