{"schema_version":1,"timestamp_ms":1773270800279,"sequence":737,"detections":[{"class_id":2,"confidence":0.4221498966217041,"x_center":0.11152634620666504,"y_center":0.537920492666739,"width":0.036336421966552734,"height":0.03717939588758681,"source_id":0,"frame_num":737,"label":"car"},{"class_id":2,"confidence":0.3835661709308624,"x_center":0.46322539647420247,"y_center":0.9175535131383825,"width":0.9264507929484049,"height":0.15665345368561923,"source_id":0,"frame_num":737,"label":"car"}]}