{"schema_version":1,"timestamp_ms":1773270810955,"sequence":1046,"detections":[{"class_id":2,"confidence":0.30963581800460815,"x_center":0.42191274960835773,"y_center":0.9419772677951389,"width":0.19790239334106446,"height":0.11469184027777778,"source_id":0,"frame_num":1046,"label":"car"},{"class_id":2,"confidence":0.2641858160495758,"x_center":0.5071248054504395,"y_center":0.9184565226236979,"width":0.9783891677856446,"height":0.1534366183810764,"source_id":0,"frame_num":1046,"label":"car"}]}