{"schema_version":1,"timestamp_ms":1773270781199,"sequence":200,"detections":[{"class_id":2,"confidence":0.8545780181884766,"x_center":0.17318577766418458,"y_center":0.5354487807662399,"width":0.34479990005493166,"height":0.2874586034704138,"source_id":0,"frame_num":200,"label":"car"},{"class_id":2,"confidence":0.42252323031425476,"x_center":0.32107783953348795,"y_center":0.4718397917570891,"width":0.029283873240152993,"height":0.028493132414641204,"source_id":0,"frame_num":200,"label":"car"},{"class_id":2,"confidence":0.2994099259376526,"x_center":0.3691298007965088,"y_center":0.48215788382071034,"width":0.03326196670532226,"height":0.03590576737015336,"source_id":0,"frame_num":200,"label":"car"}]}