{"schema_version":1,"timestamp_ms":1773270805760,"sequence":899,"detections":[{"class_id":2,"confidence":0.5320063233375549,"x_center":0.37204750378926593,"y_center":0.4927761501736111,"width":0.027438767751057944,"height":0.03137851291232639,"source_id":0,"frame_num":899,"label":"car"},{"class_id":2,"confidence":0.4449511170387268,"x_center":0.4459721406300863,"y_center":0.48880188553421583,"width":0.01684713363647461,"height":0.026330283836082175,"source_id":0,"frame_num":899,"label":"car"},{"class_id":2,"confidence":0.38609108328819275,"x_center":0.49509453773498535,"y_center":0.9120406821922019,"width":0.9872126579284668,"height":0.16547845911096642,"source_id":0,"frame_num":899,"label":"car"},{"class_id":2,"confidence":0.2518180310726166,"x_center":0.42248161633809406,"y_center":0.4898902045355903,"width":0.019371891021728517,"height":0.02527737087673611,"source_id":0,"frame_num":899,"label":"car"}]}