{"schema_version":1,"timestamp_ms":1773270809169,"sequence":992,"detections":[{"class_id":2,"confidence":0.891076922416687,"x_center":0.09935861825942993,"y_center":0.5941123538547092,"width":0.19833104610443114,"height":0.2754627651638455,"source_id":0,"frame_num":992,"label":"car"},{"class_id":2,"confidence":0.29058247804641724,"x_center":0.5351912498474121,"y_center":0.9212339330602575,"width":0.9249635696411133,"height":0.14538297299985534,"source_id":0,"frame_num":992,"label":"car"}]}