{"schema_version":1,"timestamp_ms":1773270812159,"sequence":1083,"detections":[{"class_id":2,"confidence":0.26171958446502686,"x_center":0.5300565878550212,"y_center":0.48698309439199944,"width":0.021485106150309245,"height":0.032809278700086805,"source_id":0,"frame_num":1083,"label":"car"},{"class_id":2,"confidence":0.25782766938209534,"x_center":0.419699748357137,"y_center":0.9386211536548755,"width":0.2188209851582845,"height":0.1217203210901331,"source_id":0,"frame_num":1083,"label":"car"}]}