{"schema_version":1,"timestamp_ms":1773270781686,"sequence":215,"detections":[{"class_id":2,"confidence":0.8402954339981079,"x_center":0.4651061773300171,"y_center":0.5437817043728299,"width":0.43520092964172363,"height":0.27845458984375,"source_id":0,"frame_num":215,"label":"car"},{"class_id":2,"confidence":0.8263176083564758,"x_center":0.22803876399993897,"y_center":0.49341632701732496,"width":0.05776982307434082,"height":0.09050205371997974,"source_id":0,"frame_num":215,"label":"car"}]}