{"schema_version":1,"timestamp_ms":1773270808870,"sequence":984,"detections":[{"class_id":2,"confidence":0.8251723647117615,"x_center":0.18298454682032267,"y_center":0.5483802371554904,"width":0.16893869241078693,"height":0.16739764743381078,"source_id":0,"frame_num":984,"label":"car"},{"class_id":2,"confidence":0.31095728278160095,"x_center":0.5040063381195068,"y_center":0.9218111391420718,"width":0.9814816474914551,"height":0.1446567111545139,"source_id":0,"frame_num":984,"label":"car"}]}