{"schema_version":1,"timestamp_ms":1773270796545,"sequence":630,"detections":[{"class_id":2,"confidence":0.7914698123931885,"x_center":0.04443023800849914,"y_center":0.6374337514241536,"width":0.08867028951644898,"height":0.3293652852376302,"source_id":0,"frame_num":630,"label":"car"},{"class_id":2,"confidence":0.38184723258018494,"x_center":0.4477049191792806,"y_center":0.9098804332591869,"width":0.8930199305216472,"height":0.16972074155454284,"source_id":0,"frame_num":630,"label":"car"},{"class_id":2,"confidence":0.3415709435939789,"x_center":0.3867266496022542,"y_center":0.49242799546983507,"width":0.02033548355102539,"height":0.03351999918619792,"source_id":0,"frame_num":630,"label":"car"}]}