{"schema_version":1,"timestamp_ms":1773270804919,"sequence":875,"detections":[{"class_id":2,"confidence":0.35593435168266296,"x_center":0.3803160508473714,"y_center":0.4907840022334346,"width":0.021141910552978517,"height":0.025262168601707175,"source_id":0,"frame_num":875,"label":"car"},{"class_id":2,"confidence":0.2659655809402466,"x_center":0.5085118770599365,"y_center":0.91532878169307,"width":0.979973316192627,"height":0.1609293054651331,"source_id":0,"frame_num":875,"label":"car"}]}