{"schema_version":1,"timestamp_ms":1773270796330,"sequence":624,"detections":[{"class_id":2,"confidence":0.850933849811554,"x_center":0.10772217114766439,"y_center":0.5879874335394966,"width":0.21544434229532877,"height":0.2322513156467014,"source_id":0,"frame_num":624,"label":"car"},{"class_id":2,"confidence":0.548262357711792,"x_center":0.38518718083699544,"y_center":0.4943425213849103,"width":0.02298259735107422,"height":0.032700432671440974,"source_id":0,"frame_num":624,"label":"car"},{"class_id":2,"confidence":0.2619193494319916,"x_center":0.4449443817138672,"y_center":0.9102166069878472,"width":0.8898887634277344,"height":0.17015313042534722,"source_id":0,"frame_num":624,"label":"car"}]}