{"schema_version":1,"timestamp_ms":1773270784079,"sequence":289,"detections":[{"class_id":2,"confidence":0.6944399476051331,"x_center":0.03469589650630951,"y_center":0.49277030097113717,"width":0.033486634492874146,"height":0.04707760281032986,"source_id":0,"frame_num":289,"label":"car"},{"class_id":2,"confidence":0.40288183093070984,"x_center":0.010155617942412693,"y_center":0.4902147787588614,"width":0.019964488844076794,"height":0.03706594396520544,"source_id":0,"frame_num":289,"label":"car"}]}