{"schema_version":1,"timestamp_ms":1773270802584,"sequence":806,"detections":[{"class_id":2,"confidence":0.6421748399734497,"x_center":0.4131279945373535,"y_center":0.49053309405291523,"width":0.023175811767578124,"height":0.033925515634042246,"source_id":0,"frame_num":806,"label":"car"},{"class_id":2,"confidence":0.43016958236694336,"x_center":0.45163052876790366,"y_center":0.9089077137134693,"width":0.9032610575358073,"height":0.1714738068757234,"source_id":0,"frame_num":806,"label":"car"}]}