{"schema_version":1,"timestamp_ms":1773270797428,"sequence":654,"detections":[{"class_id":2,"confidence":0.3506234884262085,"x_center":0.7037080287933349,"y_center":0.9263980159053096,"width":0.386959171295166,"height":0.1305395620840567,"source_id":0,"frame_num":654,"label":"car"},{"class_id":2,"confidence":0.3246583938598633,"x_center":0.3912253697713216,"y_center":0.49021292792426213,"width":0.02193031311035156,"height":0.03299679226345486,"source_id":0,"frame_num":654,"label":"car"},{"class_id":0,"confidence":0.25365880131721497,"x_center":0.944305419921875,"y_center":0.5307474489565249,"width":0.020125198364257812,"height":0.07295763934100116,"source_id":0,"frame_num":654,"label":"person"}]}