{"schema_version":1,"timestamp_ms":1773270811815,"sequence":1072,"detections":[{"class_id":2,"confidence":0.29341888427734375,"x_center":0.422267484664917,"y_center":0.9384869045681423,"width":0.20609426498413086,"height":0.12302619086371527,"source_id":0,"frame_num":1072,"label":"car"},{"class_id":2,"confidence":0.27752551436424255,"x_center":0.5431208610534668,"y_center":0.9198816935221354,"width":0.8982507705688476,"height":0.1535736083984375,"source_id":0,"frame_num":1072,"label":"car"}]}