{"schema_version":1,"timestamp_ms":1773270774945,"sequence":10,"detections":[{"class_id":11,"confidence":0.7816711664199829,"x_center":0.647689406077067,"y_center":0.3918020319055628,"width":0.03634929656982422,"height":0.06321792602539063,"source_id":0,"frame_num":10,"label":"stop sign"},{"class_id":2,"confidence":0.5488755702972412,"x_center":0.5662315686543783,"y_center":0.5026628988760489,"width":0.16497542063395182,"height":0.10835534554940683,"source_id":0,"frame_num":10,"label":"car"},{"class_id":7,"confidence":0.45320260524749756,"x_center":0.5657828648885092,"y_center":0.5026979940908927,"width":0.16321868896484376,"height":0.10512737698025174,"source_id":0,"frame_num":10,"label":"truck"}]}