{"schema_version":1,"timestamp_ms":1773270804597,"sequence":865,"detections":[{"class_id":2,"confidence":0.489938884973526,"x_center":0.38381775220235187,"y_center":0.4907178808141638,"width":0.019202518463134765,"height":0.02868771023220486,"source_id":0,"frame_num":865,"label":"car"},{"class_id":2,"confidence":0.4543416500091553,"x_center":0.43027372360229493,"y_center":0.48799653229890044,"width":0.023424911499023437,"height":0.02652553982204861,"source_id":0,"frame_num":865,"label":"car"},{"class_id":2,"confidence":0.3997649550437927,"x_center":0.49550156593322753,"y_center":0.9045582806622541,"width":0.988779354095459,"height":0.18044665301287616,"source_id":0,"frame_num":865,"label":"car"},{"class_id":2,"confidence":0.3973535895347595,"x_center":0.4211775143941244,"y_center":0.48744098522044993,"width":0.029596328735351562,"height":0.029843280933521413,"source_id":0,"frame_num":865,"label":"car"}]}