{"schema_version":1,"timestamp_ms":1773270808553,"sequence":975,"detections":[{"class_id":2,"confidence":0.7609063982963562,"x_center":0.2539442459742228,"y_center":0.5300825189661097,"width":0.10544374783833822,"height":0.11764710037796586,"source_id":0,"frame_num":975,"label":"car"},{"class_id":2,"confidence":0.43783560395240784,"x_center":0.4901296933492025,"y_center":0.9151404486762152,"width":0.9178135553995769,"height":0.15760091145833333,"source_id":0,"frame_num":975,"label":"car"},{"class_id":2,"confidence":0.26109641790390015,"x_center":0.4819553216298421,"y_center":0.49417718957971646,"width":0.02894144058227539,"height":0.04819064670138889,"source_id":0,"frame_num":975,"label":"car"}]}