{"schema_version":1,"timestamp_ms":1773270797846,"sequence":666,"detections":[{"class_id":2,"confidence":0.44923290610313416,"x_center":0.3940821965535482,"y_center":0.4886063469780816,"width":0.020514869689941408,"height":0.03418087429470486,"source_id":0,"frame_num":666,"label":"car"},{"class_id":2,"confidence":0.27146115899086,"x_center":0.7032020568847657,"y_center":0.9216198108814381,"width":0.3876129150390625,"height":0.139564288104022,"source_id":0,"frame_num":666,"label":"car"}]}