{"schema_version":1,"timestamp_ms":1773270804193,"sequence":853,"detections":[{"class_id":2,"confidence":0.4740210175514221,"x_center":0.42192487716674804,"y_center":0.4880301864058883,"width":0.032438468933105466,"height":0.030737361201533565,"source_id":0,"frame_num":853,"label":"car"},{"class_id":2,"confidence":0.45160627365112305,"x_center":0.7016829331715901,"y_center":0.9106985304090712,"width":0.385723082224528,"height":0.1611631605360243,"source_id":0,"frame_num":853,"label":"car"},{"class_id":2,"confidence":0.3535911738872528,"x_center":0.3860456625620524,"y_center":0.48964213618525754,"width":0.018967088063557944,"height":0.029031428584346066,"source_id":0,"frame_num":853,"label":"car"},{"class_id":7,"confidence":0.28110483288764954,"x_center":0.4148111343383789,"y_center":0.9434730529785156,"width":0.10738544464111328,"height":0.11305389404296876,"source_id":0,"frame_num":853,"label":"truck"}]}