{"schema_version":1,"timestamp_ms":1773270780611,"sequence":182,"detections":[{"class_id":2,"confidence":0.6209598183631897,"x_center":0.2547511021296183,"y_center":0.48071712917751735,"width":0.051784213383992514,"height":0.07007785373263889,"source_id":0,"frame_num":182,"label":"car"},{"class_id":2,"confidence":0.5270459055900574,"x_center":0.3214820384979248,"y_center":0.4712354871961806,"width":0.025750064849853517,"height":0.02917209201388889,"source_id":0,"frame_num":182,"label":"car"},{"class_id":2,"confidence":0.4457660913467407,"x_center":0.3732323964436849,"y_center":0.4804539998372396,"width":0.025284004211425782,"height":0.034226142035590275,"source_id":0,"frame_num":182,"label":"car"},{"class_id":2,"confidence":0.30017557740211487,"x_center":0.21666109561920166,"y_center":0.46970613267686634,"width":0.025966691970825195,"height":0.02531043158637153,"source_id":0,"frame_num":182,"label":"car"}]}