{"schema_version":1,"timestamp_ms":1773270805864,"sequence":902,"detections":[{"class_id":2,"confidence":0.5506398677825928,"x_center":0.37050827344258624,"y_center":0.4930674235026042,"width":0.028333759307861327,"height":0.030774603949652778,"source_id":0,"frame_num":902,"label":"car"},{"class_id":0,"confidence":0.3747764527797699,"x_center":0.18305410544077555,"y_center":0.5258369163230613,"width":0.021027326583862305,"height":0.05020345052083333,"source_id":0,"frame_num":902,"label":"person"},{"class_id":2,"confidence":0.3125787079334259,"x_center":0.49424219131469727,"y_center":0.9120651245117187,"width":0.985960578918457,"height":0.16707865397135416,"source_id":0,"frame_num":902,"label":"car"},{"class_id":2,"confidence":0.27116304636001587,"x_center":0.44773030281066895,"y_center":0.48938090006510415,"width":0.01668272018432617,"height":0.029419962565104166,"source_id":0,"frame_num":902,"label":"car"}]}