{"schema_version":1,"timestamp_ms":1773270798143,"sequence":675,"detections":[{"class_id":2,"confidence":0.28022971749305725,"x_center":0.48899044990539553,"y_center":0.9123199180320457,"width":0.9719779014587402,"height":0.16497491907190392,"source_id":0,"frame_num":675,"label":"car"},{"class_id":2,"confidence":0.259406179189682,"x_center":0.3966123104095459,"y_center":0.4884825247305411,"width":0.02059450149536133,"height":0.035400447139033564,"source_id":0,"frame_num":675,"label":"car"}]}