{"schema_version":1,"timestamp_ms":1773270802653,"sequence":808,"detections":[{"class_id":2,"confidence":0.5743000507354736,"x_center":0.4127347946166992,"y_center":0.4904097945601852,"width":0.024147605895996092,"height":0.03400200737847222,"source_id":0,"frame_num":808,"label":"car"},{"class_id":2,"confidence":0.41748929023742676,"x_center":0.45514920552571614,"y_center":0.9083160117820457,"width":0.9102984110514323,"height":0.17264432553891781,"source_id":0,"frame_num":808,"label":"car"}]}