{"schema_version":1,"timestamp_ms":1773270776530,"sequence":58,"detections":[{"class_id":11,"confidence":0.9142940044403076,"x_center":0.9179790178934734,"y_center":0.28199407083016853,"width":0.07724323272705078,"height":0.1474822856761791,"source_id":0,"frame_num":58,"label":"stop sign"},{"class_id":2,"confidence":0.772676408290863,"x_center":0.6837054252624511,"y_center":0.5080930074055989,"width":0.19515857696533204,"height":0.11980472140842013,"source_id":0,"frame_num":58,"label":"car"},{"class_id":2,"confidence":0.266110360622406,"x_center":0.2960572878519694,"y_center":0.4742639188413267,"width":0.029663530985514323,"height":0.028227714256004052,"source_id":0,"frame_num":58,"label":"car"}]}