{"schema_version":1,"timestamp_ms":1773270807913,"sequence":957,"detections":[{"class_id":2,"confidence":0.7993006110191345,"x_center":0.3193196773529053,"y_center":0.5101427148889612,"width":0.05845651626586914,"height":0.07047509087456597,"source_id":0,"frame_num":957,"label":"car"},{"class_id":2,"confidence":0.47712817788124084,"x_center":0.4783802032470703,"y_center":0.4905167756257234,"width":0.025731468200683595,"height":0.050679185655381945,"source_id":0,"frame_num":957,"label":"car"},{"class_id":2,"confidence":0.40422865748405457,"x_center":0.4469501495361328,"y_center":0.490981857864945,"width":0.019826889038085938,"height":0.03693717673972801,"source_id":0,"frame_num":957,"label":"car"},{"class_id":2,"confidence":0.317274272441864,"x_center":0.46265125274658203,"y_center":0.9150023848922164,"width":0.9253025054931641,"height":0.16414128056278934,"source_id":0,"frame_num":957,"label":"car"}]}