{"schema_version":1,"timestamp_ms":1773270806149,"sequence":910,"detections":[{"class_id":2,"confidence":0.3909103572368622,"x_center":0.42734766006469727,"y_center":0.49000204580801504,"width":0.02094898223876953,"height":0.02883662471064815,"source_id":0,"frame_num":910,"label":"car"},{"class_id":2,"confidence":0.3348977267742157,"x_center":0.4485722541809082,"y_center":0.9145601060655382,"width":0.8971445083618164,"height":0.16211107042100695,"source_id":0,"frame_num":910,"label":"car"},{"class_id":7,"confidence":0.2634448707103729,"x_center":0.3680551052093506,"y_center":0.4943399499963831,"width":0.031267833709716794,"height":0.036247196903935186,"source_id":0,"frame_num":910,"label":"truck"}]}