{"schema_version":1,"timestamp_ms":1773270781232,"sequence":201,"detections":[{"class_id":2,"confidence":0.758937418460846,"x_center":0.18323671023050944,"y_center":0.5359246854428892,"width":0.3664734204610189,"height":0.2868655452021846,"source_id":0,"frame_num":201,"label":"car"},{"class_id":5,"confidence":0.3959013521671295,"x_center":0.18213608662287395,"y_center":0.5375159652144821,"width":0.3639354785283407,"height":0.2899038244176794,"source_id":0,"frame_num":201,"label":"bus"},{"class_id":2,"confidence":0.32001161575317383,"x_center":0.3209371089935303,"y_center":0.47178354616518375,"width":0.027913951873779298,"height":0.026851201940465856,"source_id":0,"frame_num":201,"label":"car"},{"class_id":2,"confidence":0.31143733859062195,"x_center":0.37357134819030763,"y_center":0.4822207415545428,"width":0.024328327178955077,"height":0.03521084255642361,"source_id":0,"frame_num":201,"label":"car"}]}