{"schema_version":1,"timestamp_ms":1773270798536,"sequence":687,"detections":[{"class_id":2,"confidence":0.3747078478336334,"x_center":0.39948876698811847,"y_center":0.4893340358027705,"width":0.02419281005859375,"height":0.0348057782208478,"source_id":0,"frame_num":687,"label":"car"},{"class_id":2,"confidence":0.319519579410553,"x_center":0.5017185529073079,"y_center":0.9204959162959346,"width":0.9796906153361002,"height":0.14728828712745948,"source_id":0,"frame_num":687,"label":"car"}]}