{"schema_version":1,"timestamp_ms":1773270777367,"sequence":84,"detections":[{"class_id":2,"confidence":0.7633638381958008,"x_center":0.6010310490926106,"y_center":0.5091151767306857,"width":0.2461352030436198,"height":0.15876583523220486,"source_id":0,"frame_num":84,"label":"car"},{"class_id":2,"confidence":0.42290887236595154,"x_center":0.28649072647094725,"y_center":0.46651859989872685,"width":0.033453941345214844,"height":0.03934360080295139,"source_id":0,"frame_num":84,"label":"car"},{"class_id":2,"confidence":0.4025833308696747,"x_center":0.3322393735249837,"y_center":0.4692284478081597,"width":0.021341959635416668,"height":0.021931627061631945,"source_id":0,"frame_num":84,"label":"car"},{"class_id":2,"confidence":0.3607107698917389,"x_center":0.2555067539215088,"y_center":0.46442656340422456,"width":0.013844966888427734,"height":0.02061179832175926,"source_id":0,"frame_num":84,"label":"car"}]}