{"schema_version":1,"timestamp_ms":1773270778025,"sequence":103,"detections":[{"class_id":2,"confidence":0.6457831859588623,"x_center":0.4736331303914388,"y_center":0.5200199409767433,"width":0.2988745371500651,"height":0.2079996462221499,"source_id":0,"frame_num":103,"label":"car"},{"class_id":2,"confidence":0.4248025417327881,"x_center":0.28366503715515134,"y_center":0.46581815083821615,"width":0.03222932815551758,"height":0.044063229031032984,"source_id":0,"frame_num":103,"label":"car"},{"class_id":2,"confidence":0.280275821685791,"x_center":0.2542776584625244,"y_center":0.4626741056089048,"width":0.02515249252319336,"height":0.028133279305917247,"source_id":0,"frame_num":103,"label":"car"}]}