{"schema_version":1,"timestamp_ms":1773270803638,"sequence":837,"detections":[{"class_id":2,"confidence":0.4582650661468506,"x_center":0.4175469398498535,"y_center":0.48896122685185184,"width":0.027846336364746094,"height":0.029891176576967594,"source_id":0,"frame_num":837,"label":"car"},{"class_id":2,"confidence":0.27132198214530945,"x_center":0.5067304134368896,"y_center":0.9155096266004774,"width":0.9783917427062988,"height":0.1586088392469618,"source_id":0,"frame_num":837,"label":"car"}]}