{"schema_version":1,"timestamp_ms":1773270782381,"sequence":237,"detections":[{"class_id":2,"confidence":0.8012057542800903,"x_center":0.893350378672282,"y_center":0.5655359762686271,"width":0.212147585550944,"height":0.26861857661494504,"source_id":0,"frame_num":237,"label":"car"},{"class_id":2,"confidence":0.5950942635536194,"x_center":0.20762233734130858,"y_center":0.5058581882052952,"width":0.07944917678833008,"height":0.10557590060763888,"source_id":0,"frame_num":237,"label":"car"},{"class_id":7,"confidence":0.5257987380027771,"x_center":0.20771512190500896,"y_center":0.5056398462366175,"width":0.08038268089294434,"height":0.10736767804181134,"source_id":0,"frame_num":237,"label":"truck"},{"class_id":2,"confidence":0.26399898529052734,"x_center":0.3652828057607015,"y_center":0.49477231061017074,"width":0.024128055572509764,"height":0.03432588930483218,"source_id":0,"frame_num":237,"label":"car"}]}