{"schema_version":1,"timestamp_ms":1773270780050,"sequence":165,"detections":[{"class_id":2,"confidence":0.7633664011955261,"x_center":0.2643721103668213,"y_center":0.4765486823187934,"width":0.046030521392822266,"height":0.06506161159939236,"source_id":0,"frame_num":165,"label":"car"},{"class_id":2,"confidence":0.2700837254524231,"x_center":0.3072614828745524,"y_center":0.46997362772623696,"width":0.016816043853759767,"height":0.01960474650065104,"source_id":0,"frame_num":165,"label":"car"},{"class_id":2,"confidence":0.2630501091480255,"x_center":0.3222309271494547,"y_center":0.4703887515597873,"width":0.021197923024495444,"height":0.02254308064778646,"source_id":0,"frame_num":165,"label":"car"},{"class_id":2,"confidence":0.26099517941474915,"x_center":0.3736488660176595,"y_center":0.4742732295283565,"width":0.023998832702636717,"height":0.032096919307002314,"source_id":0,"frame_num":165,"label":"car"}]}