{"schema_version":1,"timestamp_ms":1773270806524,"sequence":922,"detections":[{"class_id":2,"confidence":0.7154274582862854,"x_center":0.3615192731221517,"y_center":0.49901323671694153,"width":0.030742835998535157,"height":0.03663946081090857,"source_id":0,"frame_num":922,"label":"car"},{"class_id":2,"confidence":0.47649869322776794,"x_center":0.4296591599782308,"y_center":0.490561760796441,"width":0.01788949966430664,"height":0.02843085394965278,"source_id":0,"frame_num":922,"label":"car"},{"class_id":2,"confidence":0.357400506734848,"x_center":0.7022289117177327,"y_center":0.9256015071162471,"width":0.38443657557169597,"height":0.13105768274377894,"source_id":0,"frame_num":922,"label":"car"}]}