{"schema_version":1,"timestamp_ms":1773270809271,"sequence":995,"detections":[{"class_id":2,"confidence":0.8760375380516052,"x_center":0.07624633312225342,"y_center":0.6359560507315176,"width":0.15249266624450683,"height":0.3729213855884693,"source_id":0,"frame_num":995,"label":"car"},{"class_id":2,"confidence":0.25042402744293213,"x_center":0.5192712783813477,"y_center":0.9249716299551505,"width":0.9531585693359375,"height":0.13877879955150463,"source_id":0,"frame_num":995,"label":"car"}]}