{"schema_version":1,"timestamp_ms":1773270808059,"sequence":961,"detections":[{"class_id":2,"confidence":0.7675673961639404,"x_center":0.3086949348449707,"y_center":0.5141016642252604,"width":0.0665863037109375,"height":0.07518717447916666,"source_id":0,"frame_num":961,"label":"car"},{"class_id":2,"confidence":0.47398269176483154,"x_center":0.47980008125305174,"y_center":0.49287024603949653,"width":0.02380056381225586,"height":0.04386494954427083,"source_id":0,"frame_num":961,"label":"car"},{"class_id":2,"confidence":0.45126089453697205,"x_center":0.4501811027526855,"y_center":0.4928899976942274,"width":0.02256317138671875,"height":0.037783983018663196,"source_id":0,"frame_num":961,"label":"car"},{"class_id":2,"confidence":0.2994459271430969,"x_center":0.4750227928161621,"y_center":0.9162499321831598,"width":0.9500455856323242,"height":0.16193372938368056,"source_id":0,"frame_num":961,"label":"car"}]}