{"schema_version":1,"timestamp_ms":1773270804826,"sequence":872,"detections":[{"class_id":2,"confidence":0.34009411931037903,"x_center":0.38093318939208987,"y_center":0.4922119988335503,"width":0.02087993621826172,"height":0.02727576361762153,"source_id":0,"frame_num":872,"label":"car"},{"class_id":2,"confidence":0.2605717182159424,"x_center":0.5076269626617431,"y_center":0.9150295963993779,"width":0.9822592735290527,"height":0.16333273428457754,"source_id":0,"frame_num":872,"label":"car"}]}