{"schema_version":1,"timestamp_ms":1773270804997,"sequence":877,"detections":[{"class_id":2,"confidence":0.4824160933494568,"x_center":0.3782076676686605,"y_center":0.49063260113751445,"width":0.02402175267537435,"height":0.02574649386935764,"source_id":0,"frame_num":877,"label":"car"},{"class_id":2,"confidence":0.39004597067832947,"x_center":0.5077081680297851,"y_center":0.9168861954300492,"width":0.9823123931884765,"height":0.15766053376374423,"source_id":0,"frame_num":877,"label":"car"},{"class_id":2,"confidence":0.2654969096183777,"x_center":0.4166319688161214,"y_center":0.48798288415979457,"width":0.016374492645263673,"height":0.026786691171151622,"source_id":0,"frame_num":877,"label":"car"},{"class_id":2,"confidence":0.26250922679901123,"x_center":0.43682022094726564,"y_center":0.4885645265932436,"width":0.01820831298828125,"height":0.025895012749565974,"source_id":0,"frame_num":877,"label":"car"}]}