{"schema_version":1,"timestamp_ms":1773270781779,"sequence":218,"detections":[{"class_id":2,"confidence":0.877949595451355,"x_center":0.5394267400105794,"y_center":0.5468292942753544,"width":0.42596613566080727,"height":0.27237783361364293,"source_id":0,"frame_num":218,"label":"car"},{"class_id":2,"confidence":0.7175740003585815,"x_center":0.23147865931193035,"y_center":0.49555642869737415,"width":0.07180595397949219,"height":0.09326146443684896,"source_id":0,"frame_num":218,"label":"car"},{"class_id":2,"confidence":0.2543888986110687,"x_center":0.6245343685150146,"y_center":0.9127570540816695,"width":0.7445050239562988,"height":0.15677213315610533,"source_id":0,"frame_num":218,"label":"car"}]}