{"schema_version":1,"timestamp_ms":1773270776680,"sequence":63,"detections":[{"class_id":11,"confidence":0.873738706111908,"x_center":0.9658600489298502,"y_center":0.25928463406032987,"width":0.06738777160644531,"height":0.1601988050672743,"source_id":0,"frame_num":63,"label":"stop sign"},{"class_id":2,"confidence":0.7458637952804565,"x_center":0.6758050600687663,"y_center":0.5092678493923611,"width":0.2022104263305664,"height":0.124725341796875,"source_id":0,"frame_num":63,"label":"car"},{"class_id":2,"confidence":0.3483559489250183,"x_center":0.2945627053578695,"y_center":0.46958158987539783,"width":0.026503467559814455,"height":0.03273340861002604,"source_id":0,"frame_num":63,"label":"car"},{"class_id":2,"confidence":0.259490042924881,"x_center":0.5168078422546387,"y_center":0.912234553584346,"width":0.9559053421020508,"height":0.15883325647424767,"source_id":0,"frame_num":63,"label":"car"}]}