{"schema_version":1,"timestamp_ms":1773270806337,"sequence":916,"detections":[{"class_id":2,"confidence":0.47637346386909485,"x_center":0.4280524253845215,"y_center":0.4902070504647714,"width":0.018194580078125,"height":0.02595390037254051,"source_id":0,"frame_num":916,"label":"car"},{"class_id":2,"confidence":0.4307030141353607,"x_center":0.36457656224568685,"y_center":0.4992532518174913,"width":0.027728843688964843,"height":0.03235422770182292,"source_id":0,"frame_num":916,"label":"car"},{"class_id":2,"confidence":0.37547045946121216,"x_center":0.4964397430419922,"y_center":0.9118489300763165,"width":0.988003158569336,"height":0.1605017202871817,"source_id":0,"frame_num":916,"label":"car"},{"class_id":2,"confidence":0.27445662021636963,"x_center":0.45479917526245117,"y_center":0.4905489886248553,"width":0.01713905334472656,"height":0.028808480721932872,"source_id":0,"frame_num":916,"label":"car"}]}