{"schema_version":1,"timestamp_ms":1773270780574,"sequence":181,"detections":[{"class_id":2,"confidence":0.6472573280334473,"x_center":0.25543808937072754,"y_center":0.48028361002604164,"width":0.05129156112670898,"height":0.0697207980685764,"source_id":0,"frame_num":181,"label":"car"},{"class_id":2,"confidence":0.5305789709091187,"x_center":0.3217634359995524,"y_center":0.47101220024956597,"width":0.025181992848714193,"height":0.0290679931640625,"source_id":0,"frame_num":181,"label":"car"},{"class_id":2,"confidence":0.48767030239105225,"x_center":0.3733074188232422,"y_center":0.4804068953902633,"width":0.025247955322265626,"height":0.03432701958550347,"source_id":0,"frame_num":181,"label":"car"}]}