{"schema_version":1,"timestamp_ms":1773270783584,"sequence":274,"detections":[{"class_id":2,"confidence":0.6825050711631775,"x_center":0.014772294461727143,"y_center":0.5108260543258102,"width":0.029305770993232727,"height":0.13531788013599538,"source_id":0,"frame_num":274,"label":"car"},{"class_id":2,"confidence":0.41922691464424133,"x_center":0.20764440695444744,"y_center":0.5019139890317563,"width":0.02878260612487793,"height":0.041196300365306714,"source_id":0,"frame_num":274,"label":"car"},{"class_id":2,"confidence":0.28240373730659485,"x_center":0.08963311513264974,"y_center":0.4885104426631221,"width":0.020920228958129884,"height":0.02582855224609375,"source_id":0,"frame_num":274,"label":"car"},{"class_id":2,"confidence":0.2676786482334137,"x_center":0.10713624954223633,"y_center":0.4877387152777778,"width":0.017202091217041016,"height":0.029236857096354166,"source_id":0,"frame_num":274,"label":"car"}]}