{"schema_version":1,"timestamp_ms":1773270784800,"sequence":310,"detections":[{"class_id":2,"confidence":0.7520471215248108,"x_center":0.96917724609375,"y_center":0.5460176255967882,"width":0.06045608520507813,"height":0.06314188639322917,"source_id":0,"frame_num":310,"label":"car"},{"class_id":2,"confidence":0.6151653528213501,"x_center":0.8675285339355469,"y_center":0.544974856906467,"width":0.11608123779296875,"height":0.11719512939453125,"source_id":0,"frame_num":310,"label":"car"},{"class_id":7,"confidence":0.45432648062705994,"x_center":0.8677538871765137,"y_center":0.5461156774450231,"width":0.11420650482177734,"height":0.11925693088107639,"source_id":0,"frame_num":310,"label":"truck"}]}