{"schema_version":1,"timestamp_ms":1773270796185,"sequence":620,"detections":[{"class_id":2,"confidence":0.8326718807220459,"x_center":0.1726126790046692,"y_center":0.562455721254702,"width":0.16275813579559326,"height":0.16783091227213542,"source_id":0,"frame_num":620,"label":"car"},{"class_id":2,"confidence":0.5806410908699036,"x_center":0.38471902211507164,"y_center":0.4934507864492911,"width":0.021363067626953124,"height":0.03347648338035301,"source_id":0,"frame_num":620,"label":"car"}]}