{"schema_version":1,"timestamp_ms":1773270806371,"sequence":917,"detections":[{"class_id":2,"confidence":0.43331852555274963,"x_center":0.4481858253479004,"y_center":0.9162914982548467,"width":0.8963716506958008,"height":0.15829360396773726,"source_id":0,"frame_num":917,"label":"car"},{"class_id":2,"confidence":0.42362502217292786,"x_center":0.3640510082244873,"y_center":0.49918924967447914,"width":0.02935647964477539,"height":0.03280266655815972,"source_id":0,"frame_num":917,"label":"car"},{"class_id":2,"confidence":0.39008525013923645,"x_center":0.4282794952392578,"y_center":0.49030597828052663,"width":0.018157768249511718,"height":0.026188829210069445,"source_id":0,"frame_num":917,"label":"car"}]}