{"schema_version":1,"timestamp_ms":1773270781844,"sequence":220,"detections":[{"class_id":2,"confidence":0.8629008531570435,"x_center":0.5869584401448568,"y_center":0.5490488123010706,"width":0.4252745310465495,"height":0.26959590205439815,"source_id":0,"frame_num":220,"label":"car"},{"class_id":2,"confidence":0.5980801582336426,"x_center":0.2300829331080119,"y_center":0.49597463254575375,"width":0.071231476465861,"height":0.09304603294089989,"source_id":0,"frame_num":220,"label":"car"},{"class_id":2,"confidence":0.3084090054035187,"x_center":0.35240289370218914,"y_center":0.4870307922363281,"width":0.02353645960489909,"height":0.02692108154296875,"source_id":0,"frame_num":220,"label":"car"},{"class_id":2,"confidence":0.29290181398391724,"x_center":0.36660602887471516,"y_center":0.4875048178213614,"width":0.039937305450439456,"height":0.03171395195855035,"source_id":0,"frame_num":220,"label":"car"}]}