{"schema_version":1,"timestamp_ms":1773270807101,"sequence":936,"detections":[{"class_id":2,"confidence":0.772283673286438,"x_center":0.3497643947601318,"y_center":0.5005182619448061,"width":0.03765954971313477,"height":0.0445821691442419,"source_id":0,"frame_num":936,"label":"car"},{"class_id":2,"confidence":0.5288372039794922,"x_center":0.4714202880859375,"y_center":0.489290859081127,"width":0.02691230773925781,"height":0.03746792828595197,"source_id":0,"frame_num":936,"label":"car"},{"class_id":2,"confidence":0.5210710167884827,"x_center":0.4385235786437988,"y_center":0.48993852403428817,"width":0.023044395446777343,"height":0.032216389973958336,"source_id":0,"frame_num":936,"label":"car"},{"class_id":2,"confidence":0.29398322105407715,"x_center":0.4920716126759847,"y_center":0.8961275453920717,"width":0.9839629809061686,"height":0.19596128110532407,"source_id":0,"frame_num":936,"label":"car"}]}