{"schema_version":1,"timestamp_ms":1773270796817,"sequence":638,"detections":[{"class_id":2,"confidence":0.4131987690925598,"x_center":0.3881741364796956,"y_center":0.49224723533347803,"width":0.021898174285888673,"height":0.033274332682291664,"source_id":0,"frame_num":638,"label":"car"},{"class_id":2,"confidence":0.3174106776714325,"x_center":0.44714956283569335,"y_center":0.9102121706362124,"width":0.8942991256713867,"height":0.16810127540870948,"source_id":0,"frame_num":638,"label":"car"}]}