{"schema_version":1,"timestamp_ms":1773270781654,"sequence":214,"detections":[{"class_id":2,"confidence":0.8538443446159363,"x_center":0.439505926767985,"y_center":0.5431423611111111,"width":0.43913898468017576,"height":0.27689717610677084,"source_id":0,"frame_num":214,"label":"car"},{"class_id":2,"confidence":0.48076340556144714,"x_center":0.22462706565856932,"y_center":0.48986858791775173,"width":0.04905681610107422,"height":0.08845299614800348,"source_id":0,"frame_num":214,"label":"car"},{"class_id":2,"confidence":0.41265803575515747,"x_center":0.21912557284037273,"y_center":0.49444495307074654,"width":0.03796405792236328,"height":0.08199564615885417,"source_id":0,"frame_num":214,"label":"car"},{"class_id":2,"confidence":0.2627515196800232,"x_center":0.5787812232971191,"y_center":0.911207213225188,"width":0.8352388381958008,"height":0.16301128246166088,"source_id":0,"frame_num":214,"label":"car"}]}