{"schema_version":1,"timestamp_ms":1773270806679,"sequence":927,"detections":[{"class_id":2,"confidence":0.6988770961761475,"x_center":0.35819958051045736,"y_center":0.4995128207736545,"width":0.03288888931274414,"height":0.039193216959635416,"source_id":0,"frame_num":927,"label":"car"},{"class_id":2,"confidence":0.6203828454017639,"x_center":0.4329535484313965,"y_center":0.48963227448640045,"width":0.020834922790527344,"height":0.031788804796006945,"source_id":0,"frame_num":927,"label":"car"},{"class_id":2,"confidence":0.33890336751937866,"x_center":0.7545181592305501,"y_center":0.918778963442202,"width":0.48817145029703773,"height":0.14416701705367477,"source_id":0,"frame_num":927,"label":"car"}]}