{"schema_version":1,"timestamp_ms":1773270792077,"sequence":508,"detections":[{"class_id":2,"confidence":0.6744648218154907,"x_center":0.40277862548828125,"y_center":0.5220717253508391,"width":0.062166023254394534,"height":0.0673614501953125,"source_id":0,"frame_num":508,"label":"car"},{"class_id":7,"confidence":0.5397621989250183,"x_center":0.6119437217712402,"y_center":0.4878471515796803,"width":0.1380289077758789,"height":0.10824700814706308,"source_id":0,"frame_num":508,"label":"truck"},{"class_id":2,"confidence":0.40239712595939636,"x_center":0.2789372205734253,"y_center":0.5009300231933593,"width":0.02870831489562988,"height":0.038165452745225696,"source_id":0,"frame_num":508,"label":"car"},{"class_id":2,"confidence":0.2769474387168884,"x_center":0.47528810501098634,"y_center":0.9095643502694589,"width":0.9502389907836915,"height":0.17854744240089698,"source_id":0,"frame_num":508,"label":"car"}]}