{"schema_version":1,"timestamp_ms":1773270803673,"sequence":838,"detections":[{"class_id":2,"confidence":0.4601641297340393,"x_center":0.4175569534301758,"y_center":0.48885930379231773,"width":0.028199386596679688,"height":0.029574754503038196,"source_id":0,"frame_num":838,"label":"car"},{"class_id":2,"confidence":0.28575465083122253,"x_center":0.4519946098327637,"y_center":0.911474100748698,"width":0.8944791793823242,"height":0.16422831217447917,"source_id":0,"frame_num":838,"label":"car"}]}