{"schema_version":1,"timestamp_ms":1773270780930,"sequence":192,"detections":[{"class_id":2,"confidence":0.8003660440444946,"x_center":0.09060445825258891,"y_center":0.5404602474636502,"width":0.1806619127591451,"height":0.28221155802408854,"source_id":0,"frame_num":192,"label":"car"},{"class_id":7,"confidence":0.5203697085380554,"x_center":0.25002345244089763,"y_center":0.48413686399106626,"width":0.056403621037801104,"height":0.07197172376844618,"source_id":0,"frame_num":192,"label":"truck"},{"class_id":2,"confidence":0.45378947257995605,"x_center":0.2493937651316325,"y_center":0.484666343971535,"width":0.05651216506958008,"height":0.07228424637405961,"source_id":0,"frame_num":192,"label":"car"}]}