{"schema_version":1,"timestamp_ms":1773270780018,"sequence":164,"detections":[{"class_id":2,"confidence":0.6922835111618042,"x_center":0.2647303342819214,"y_center":0.4759005935103805,"width":0.04540104866027832,"height":0.06376933345088252,"source_id":0,"frame_num":164,"label":"car"},{"class_id":2,"confidence":0.38713568449020386,"x_center":0.2200185775756836,"y_center":0.46782911795156973,"width":0.02369966506958008,"height":0.026687932897497105,"source_id":0,"frame_num":164,"label":"car"},{"class_id":2,"confidence":0.28025028109550476,"x_center":0.3216691811879476,"y_center":0.47009607950846355,"width":0.02112607955932617,"height":0.022719489203559026,"source_id":0,"frame_num":164,"label":"car"},{"class_id":2,"confidence":0.2573448121547699,"x_center":0.3732370217641195,"y_center":0.4740399678548177,"width":0.024721431732177734,"height":0.03132103814019097,"source_id":0,"frame_num":164,"label":"car"}]}