{"schema_version":1,"timestamp_ms":1773270801394,"sequence":771,"detections":[{"class_id":2,"confidence":0.33446410298347473,"x_center":0.45515383084615074,"y_center":0.9136430528428819,"width":0.91012970606486,"height":0.162213134765625,"source_id":0,"frame_num":771,"label":"car"},{"class_id":2,"confidence":0.2547203600406647,"x_center":0.40868606567382815,"y_center":0.48840970639829284,"width":0.01849517822265625,"height":0.03456782588252315,"source_id":0,"frame_num":771,"label":"car"}]}