{"schema_version":1,"timestamp_ms":1773270775628,"sequence":31,"detections":[{"class_id":11,"confidence":0.7898500561714172,"x_center":0.7285072962443034,"y_center":0.35894258287217884,"width":0.04694302876790365,"height":0.08617401123046875,"source_id":0,"frame_num":31,"label":"stop sign"},{"class_id":2,"confidence":0.4420345425605774,"x_center":0.6636354128519694,"y_center":0.508992936876085,"width":0.08422018686930338,"height":0.09080318874782986,"source_id":0,"frame_num":31,"label":"car"}]}