{"schema_version":1,"timestamp_ms":1773270808838,"sequence":983,"detections":[{"class_id":2,"confidence":0.8401095271110535,"x_center":0.19429775476455688,"y_center":0.5471487963641132,"width":0.1582432508468628,"height":0.15702494868525751,"source_id":0,"frame_num":983,"label":"car"},{"class_id":2,"confidence":0.3296656012535095,"x_center":0.5057545979817708,"y_center":0.924309002911603,"width":0.9804121653238932,"height":0.14236416286892362,"source_id":0,"frame_num":983,"label":"car"}]}