{"schema_version":1,"timestamp_ms":1773270802785,"sequence":812,"detections":[{"class_id":2,"confidence":0.46665769815444946,"x_center":0.41275434494018554,"y_center":0.49109392519350403,"width":0.024894905090332032,"height":0.031679789225260414,"source_id":0,"frame_num":812,"label":"car"},{"class_id":2,"confidence":0.3135869801044464,"x_center":0.5040592193603516,"y_center":0.9053663183141638,"width":0.9732688903808594,"height":0.17743965431495948,"source_id":0,"frame_num":812,"label":"car"}]}