{"schema_version":1,"timestamp_ms":1773270790170,"sequence":454,"detections":[{"class_id":2,"confidence":0.79390949010849,"x_center":0.08206921617190042,"y_center":0.5195559183756511,"width":0.09527233044306437,"height":0.10745222303602431,"source_id":0,"frame_num":454,"label":"car"},{"class_id":2,"confidence":0.6887454390525818,"x_center":0.22220168113708497,"y_center":0.49800980179398147,"width":0.030312156677246092,"height":0.040393970630787035,"source_id":0,"frame_num":454,"label":"car"},{"class_id":2,"confidence":0.5968204140663147,"x_center":0.3051271915435791,"y_center":0.5102647004304108,"width":0.04257822036743164,"height":0.04542586715133102,"source_id":0,"frame_num":454,"label":"car"},{"class_id":2,"confidence":0.2992076277732849,"x_center":0.2723409175872803,"y_center":0.5106967784740307,"width":0.020235729217529298,"height":0.021951463487413194,"source_id":0,"frame_num":454,"label":"car"}]}