{"schema_version":1,"timestamp_ms":1773270809565,"sequence":1004,"detections":[{"class_id":2,"confidence":0.32722145318984985,"x_center":0.7571735382080078,"y_center":0.9209575511791088,"width":0.48174362182617186,"height":0.1354503490306713,"source_id":0,"frame_num":1004,"label":"car"},{"class_id":2,"confidence":0.2683345079421997,"x_center":0.5029866218566894,"y_center":0.9201935379593461,"width":0.9882349014282227,"height":0.14976478859230324,"source_id":0,"frame_num":1004,"label":"car"}]}