{"schema_version":1,"timestamp_ms":1773270798773,"sequence":694,"detections":[{"class_id":2,"confidence":0.469707727432251,"x_center":0.40141911506652833,"y_center":0.490030754937066,"width":0.023645496368408202,"height":0.03770684136284722,"source_id":0,"frame_num":694,"label":"car"},{"class_id":2,"confidence":0.3376767337322235,"x_center":0.450480588277181,"y_center":0.9172952440049913,"width":0.900961176554362,"height":0.15947146945529514,"source_id":0,"frame_num":694,"label":"car"}]}