{"schema_version":1,"timestamp_ms":1773270802332,"sequence":798,"detections":[{"class_id":2,"confidence":0.42861393094062805,"x_center":0.4921429634094238,"y_center":0.9089090983072917,"width":0.9842859268188476,"height":0.1727016872829861,"source_id":0,"frame_num":798,"label":"car"},{"class_id":2,"confidence":0.4003385603427887,"x_center":0.412750768661499,"y_center":0.4916853728117766,"width":0.022583866119384767,"height":0.03395792643229167,"source_id":0,"frame_num":798,"label":"car"}]}