{"schema_version":1,"timestamp_ms":1773270801452,"sequence":772,"detections":[{"class_id":2,"confidence":0.3491218090057373,"x_center":0.4978554089864095,"y_center":0.9100947062174479,"width":0.9919922510782878,"height":0.1686431884765625,"source_id":0,"frame_num":772,"label":"car"},{"class_id":2,"confidence":0.2760823667049408,"x_center":0.40868434906005857,"y_center":0.4882756409821687,"width":0.018564414978027344,"height":0.03429850825557002,"source_id":0,"frame_num":772,"label":"car"}]}