{"schema_version":1,"timestamp_ms":1773270806243,"sequence":913,"detections":[{"class_id":2,"confidence":0.497123658657074,"x_center":0.36689109802246095,"y_center":0.49468019273546004,"width":0.027956581115722655,"height":0.036307271321614584,"source_id":0,"frame_num":913,"label":"car"},{"class_id":2,"confidence":0.4640866219997406,"x_center":0.49045605659484864,"y_center":0.9106889230233651,"width":0.978159236907959,"height":0.1662424158166956,"source_id":0,"frame_num":913,"label":"car"},{"class_id":2,"confidence":0.41686591506004333,"x_center":0.4273398240407308,"y_center":0.49074139065212674,"width":0.019143199920654295,"height":0.028859625922309028,"source_id":0,"frame_num":913,"label":"car"}]}