{"schema_version":1,"timestamp_ms":1773270797353,"sequence":652,"detections":[{"class_id":2,"confidence":0.4202633202075958,"x_center":0.6988917668660481,"y_center":0.9228827582465278,"width":0.3853209177652995,"height":0.13553873697916666,"source_id":0,"frame_num":652,"label":"car"},{"class_id":2,"confidence":0.40835151076316833,"x_center":0.39130849838256837,"y_center":0.48996478893138745,"width":0.021886253356933595,"height":0.03393229731807002,"source_id":0,"frame_num":652,"label":"car"}]}