{"schema_version":1,"timestamp_ms":1773270776469,"sequence":56,"detections":[{"class_id":11,"confidence":0.9123488664627075,"x_center":0.8984543482462565,"y_center":0.2895228421246564,"width":0.07253303527832031,"height":0.13670415525083188,"source_id":0,"frame_num":56,"label":"stop sign"},{"class_id":2,"confidence":0.7577548027038574,"x_center":0.6864510536193847,"y_center":0.5077802870008681,"width":0.1928152084350586,"height":0.11933763292100695,"source_id":0,"frame_num":56,"label":"car"},{"class_id":2,"confidence":0.3634774684906006,"x_center":0.2982386589050293,"y_center":0.4739245238127532,"width":0.02719535827636719,"height":0.02902913976598669,"source_id":0,"frame_num":56,"label":"car"}]}