{"schema_version":1,"timestamp_ms":1773270774913,"sequence":9,"detections":[{"class_id":11,"confidence":0.7660362124443054,"x_center":0.6454621950785319,"y_center":0.3927845425075955,"width":0.036838340759277347,"height":0.06375664605034723,"source_id":0,"frame_num":9,"label":"stop sign"},{"class_id":7,"confidence":0.49948108196258545,"x_center":0.5560359954833984,"y_center":0.5021984241626881,"width":0.15930709838867188,"height":0.10276935718677661,"source_id":0,"frame_num":9,"label":"truck"},{"class_id":2,"confidence":0.49495556950569153,"x_center":0.5574319362640381,"y_center":0.5033317424632885,"width":0.16241083145141602,"height":0.10288930822301794,"source_id":0,"frame_num":9,"label":"car"},{"class_id":2,"confidence":0.2596663534641266,"x_center":0.6598958333333333,"y_center":0.48730625576443143,"width":0.06222877502441406,"height":0.04054692586263021,"source_id":0,"frame_num":9,"label":"car"}]}