{"schema_version":1,"timestamp_ms":1773270804430,"sequence":860,"detections":[{"class_id":2,"confidence":0.49920564889907837,"x_center":0.42668790817260743,"y_center":0.4878020675094039,"width":0.027168846130371092,"height":0.026371595594618054,"source_id":0,"frame_num":860,"label":"car"},{"class_id":2,"confidence":0.4129881262779236,"x_center":0.4218663215637207,"y_center":0.4880848354763455,"width":0.032688331604003903,"height":0.02960391574435764,"source_id":0,"frame_num":860,"label":"car"},{"class_id":2,"confidence":0.3923104405403137,"x_center":0.38487404187520347,"y_center":0.4908229969165943,"width":0.019424915313720703,"height":0.030276658799913196,"source_id":0,"frame_num":860,"label":"car"},{"class_id":2,"confidence":0.35577765107154846,"x_center":0.5036093711853027,"y_center":0.9107510036892361,"width":0.9906328201293946,"height":0.17035658094618056,"source_id":0,"frame_num":860,"label":"car"}]}