{"schema_version":1,"timestamp_ms":1773270776946,"sequence":71,"detections":[{"class_id":2,"confidence":0.7397276163101196,"x_center":0.6536638259887695,"y_center":0.5099433051215277,"width":0.21899261474609374,"height":0.136407470703125,"source_id":0,"frame_num":71,"label":"car"},{"class_id":2,"confidence":0.6516675353050232,"x_center":0.291041898727417,"y_center":0.4696199911612052,"width":0.027652454376220704,"height":0.03427053380895544,"source_id":0,"frame_num":71,"label":"car"}]}