{"schema_version":1,"timestamp_ms":1773270806495,"sequence":921,"detections":[{"class_id":2,"confidence":0.7039088606834412,"x_center":0.3617443402608236,"y_center":0.4991655702944155,"width":0.030335617065429688,"height":0.036076524522569445,"source_id":0,"frame_num":921,"label":"car"},{"class_id":2,"confidence":0.43585658073425293,"x_center":0.4292348225911458,"y_center":0.49059182626229747,"width":0.018359947204589843,"height":0.0279449462890625,"source_id":0,"frame_num":921,"label":"car"}]}