{"schema_version":1,"timestamp_ms":1773270809505,"sequence":1002,"detections":[{"class_id":2,"confidence":0.30076146125793457,"x_center":0.5043461799621582,"y_center":0.9208216349283854,"width":0.9836538314819336,"height":0.14837612575954862,"source_id":0,"frame_num":1002,"label":"car"},{"class_id":2,"confidence":0.2526215612888336,"x_center":0.7570414543151855,"y_center":0.9226437038845486,"width":0.4808507919311523,"height":0.13272840711805556,"source_id":0,"frame_num":1002,"label":"car"}]}