{"schema_version":1,"timestamp_ms":1773270802398,"sequence":800,"detections":[{"class_id":2,"confidence":0.4446714222431183,"x_center":0.4128298759460449,"y_center":0.491437417489511,"width":0.023026275634765624,"height":0.03486571135344329,"source_id":0,"frame_num":800,"label":"car"},{"class_id":2,"confidence":0.40405502915382385,"x_center":0.48949193954467773,"y_center":0.9075368810583044,"width":0.978495979309082,"height":0.1746440746166088,"source_id":0,"frame_num":800,"label":"car"}]}