{"schema_version":1,"timestamp_ms":1773270806619,"sequence":925,"detections":[{"class_id":2,"confidence":0.6316039562225342,"x_center":0.35949015617370605,"y_center":0.49899173312717016,"width":0.03220453262329102,"height":0.03875562879774305,"source_id":0,"frame_num":925,"label":"car"},{"class_id":2,"confidence":0.6199382543563843,"x_center":0.43168325424194337,"y_center":0.49008712768554685,"width":0.020291519165039063,"height":0.030175950792100694,"source_id":0,"frame_num":925,"label":"car"}]}