{"schema_version":1,"timestamp_ms":1773270807598,"sequence":948,"detections":[{"class_id":2,"confidence":0.7987134456634521,"x_center":0.3355749766031901,"y_center":0.5031066611961083,"width":0.04660752614339193,"height":0.058051384819878475,"source_id":0,"frame_num":948,"label":"car"},{"class_id":2,"confidence":0.6019061803817749,"x_center":0.44361019134521484,"y_center":0.4897938057228371,"width":0.02010974884033203,"height":0.034487886782045715,"source_id":0,"frame_num":948,"label":"car"},{"class_id":2,"confidence":0.3285088837146759,"x_center":0.5034682273864746,"y_center":0.9170971340603299,"width":0.9847230911254883,"height":0.1545989990234375,"source_id":0,"frame_num":948,"label":"car"},{"class_id":7,"confidence":0.32529976963996887,"x_center":0.4756948471069336,"y_center":0.48990817599826386,"width":0.02561664581298828,"height":0.04565700954861111,"source_id":0,"frame_num":948,"label":"truck"}]}