{"schema_version":1,"timestamp_ms":1773270812000,"sequence":1078,"detections":[{"class_id":2,"confidence":0.3778855502605438,"x_center":0.529622745513916,"y_center":0.4871180922896774,"width":0.024812889099121094,"height":0.03199087072301794,"source_id":0,"frame_num":1078,"label":"car"},{"class_id":2,"confidence":0.2556249499320984,"x_center":0.5073026657104492,"y_center":0.9216545952690972,"width":0.9803081512451172,"height":0.14998779296875,"source_id":0,"frame_num":1078,"label":"car"}]}