{"schema_version":1,"timestamp_ms":1773270784737,"sequence":308,"detections":[{"class_id":2,"confidence":0.8230788111686707,"x_center":0.9841625213623046,"y_center":0.5481713189019097,"width":0.030792617797851564,"height":0.05619269476996528,"source_id":0,"frame_num":308,"label":"car"},{"class_id":2,"confidence":0.6679915189743042,"x_center":0.8945864677429199,"y_center":0.545798181604456,"width":0.12192249298095703,"height":0.11503725405092592,"source_id":0,"frame_num":308,"label":"car"},{"class_id":2,"confidence":0.2801226079463959,"x_center":0.9678440093994141,"y_center":0.5536894621672453,"width":0.02659454345703125,"height":0.04841206868489583,"source_id":0,"frame_num":308,"label":"car"}]}