{"schema_version":1,"timestamp_ms":1773270803900,"sequence":844,"detections":[{"class_id":2,"confidence":0.5683496594429016,"x_center":0.41893634796142576,"y_center":0.48798387315538194,"width":0.027387619018554688,"height":0.028184678819444444,"source_id":0,"frame_num":844,"label":"car"},{"class_id":2,"confidence":0.4252340495586395,"x_center":0.5087775230407715,"y_center":0.9143408598723235,"width":0.9788278579711914,"height":0.16061090540002892,"source_id":0,"frame_num":844,"label":"car"}]}