{"schema_version":1,"timestamp_ms":1773270804095,"sequence":850,"detections":[{"class_id":2,"confidence":0.33937737345695496,"x_center":0.4266561508178711,"y_center":0.48782323201497396,"width":0.02163105010986328,"height":0.026418219672309028,"source_id":0,"frame_num":850,"label":"car"},{"class_id":2,"confidence":0.3198278546333313,"x_center":0.4208355903625488,"y_center":0.4871915040192781,"width":0.030102348327636717,"height":0.029474187780309608,"source_id":0,"frame_num":850,"label":"car"},{"class_id":2,"confidence":0.31096675992012024,"x_center":0.45115814208984373,"y_center":0.9146234865541811,"width":0.8695446014404297,"height":0.1595865320276331,"source_id":0,"frame_num":850,"label":"car"}]}