{"schema_version":1,"timestamp_ms":1773270811051,"sequence":1049,"detections":[{"class_id":2,"confidence":0.28465747833251953,"x_center":0.42230022748311363,"y_center":0.9474183824327257,"width":0.19558420181274414,"height":0.10190395779079861,"source_id":0,"frame_num":1049,"label":"car"},{"class_id":2,"confidence":0.2799578309059143,"x_center":0.46685314178466797,"y_center":0.9250916375054253,"width":0.931292724609375,"height":0.14132605658637154,"source_id":0,"frame_num":1049,"label":"car"}]}