{"schema_version":1,"timestamp_ms":1773270795373,"sequence":599,"detections":[{"class_id":2,"confidence":0.6735995411872864,"x_center":0.95442320505778,"y_center":0.548549171730324,"width":0.08995246887207031,"height":0.0909149169921875,"source_id":0,"frame_num":599,"label":"car"},{"class_id":2,"confidence":0.6155872941017151,"x_center":0.28940126101175945,"y_center":0.5177896287706163,"width":0.05427687962849935,"height":0.06752132839626736,"source_id":0,"frame_num":599,"label":"car"},{"class_id":2,"confidence":0.46768271923065186,"x_center":0.3768683910369873,"y_center":0.49224637349446615,"width":0.023739337921142578,"height":0.038116709391276045,"source_id":0,"frame_num":599,"label":"car"}]}