{"schema_version":1,"timestamp_ms":1773270795672,"sequence":607,"detections":[{"class_id":0,"confidence":0.6164148449897766,"x_center":0.7442640622456869,"y_center":0.5372766847963686,"width":0.024135780334472657,"height":0.08705529106987847,"source_id":0,"frame_num":607,"label":"person"},{"class_id":2,"confidence":0.5499989986419678,"x_center":0.2665260314941406,"y_center":0.5281145731608073,"width":0.07188682556152344,"height":0.09083370632595486,"source_id":0,"frame_num":607,"label":"car"},{"class_id":2,"confidence":0.46264001727104187,"x_center":0.38102407455444337,"y_center":0.49367749249493637,"width":0.021413421630859374,"height":0.037764824761284725,"source_id":0,"frame_num":607,"label":"car"},{"class_id":2,"confidence":0.28681275248527527,"x_center":0.4430570602416992,"y_center":0.9164569148310908,"width":0.8861141204833984,"height":0.16087053087022568,"source_id":0,"frame_num":607,"label":"car"}]}