{"schema_version":1,"timestamp_ms":1773270805302,"sequence":886,"detections":[{"class_id":2,"confidence":0.5807515978813171,"x_center":0.37553065617879233,"y_center":0.4911635787398727,"width":0.02639350891113281,"height":0.028803507486979168,"source_id":0,"frame_num":886,"label":"car"},{"class_id":2,"confidence":0.4174010753631592,"x_center":0.4402451038360596,"y_center":0.48636676647044996,"width":0.017397022247314452,"height":0.027807419388382524,"source_id":0,"frame_num":886,"label":"car"},{"class_id":2,"confidence":0.3836802840232849,"x_center":0.41762237548828124,"y_center":0.48697119818793405,"width":0.015970420837402344,"height":0.028232150607638888,"source_id":0,"frame_num":886,"label":"car"},{"class_id":2,"confidence":0.3683999180793762,"x_center":0.461849308013916,"y_center":0.9135429099754051,"width":0.923698616027832,"height":0.16532773618344906,"source_id":0,"frame_num":886,"label":"car"}]}