{"schema_version":1,"timestamp_ms":1773270806182,"sequence":911,"detections":[{"class_id":2,"confidence":0.3887691795825958,"x_center":0.4918397903442383,"y_center":0.9122356556080006,"width":0.9816650390625,"height":0.16946269847728587,"source_id":0,"frame_num":911,"label":"car"},{"class_id":2,"confidence":0.3814191520214081,"x_center":0.4277766227722168,"y_center":0.4898257502803096,"width":0.019739723205566405,"height":0.029421940556278937,"source_id":0,"frame_num":911,"label":"car"},{"class_id":7,"confidence":0.2640249729156494,"x_center":0.3676770687103271,"y_center":0.4938683969003183,"width":0.03133115768432617,"height":0.037116156684027776,"source_id":0,"frame_num":911,"label":"truck"}]}