{"schema_version":1,"timestamp_ms":1773270806013,"sequence":906,"detections":[{"class_id":2,"confidence":0.4271093010902405,"x_center":0.36975019772847495,"y_center":0.49385788529007524,"width":0.028349590301513673,"height":0.031337144639756946,"source_id":0,"frame_num":906,"label":"car"},{"class_id":2,"confidence":0.2995939254760742,"x_center":0.44536898930867513,"y_center":0.9124111599392362,"width":0.8907379786173503,"height":0.16165364583333333,"source_id":0,"frame_num":906,"label":"car"}]}