{"schema_version":1,"timestamp_ms":1773270799644,"sequence":719,"detections":[{"class_id":2,"confidence":0.4549427926540375,"x_center":0.40523584683736164,"y_center":0.4912765785499855,"width":0.020390033721923828,"height":0.03273727982132523,"source_id":0,"frame_num":719,"label":"car"},{"class_id":2,"confidence":0.25044992566108704,"x_center":0.4832934379577637,"y_center":0.9134381612141927,"width":0.9646623611450196,"height":0.16926083034939235,"source_id":0,"frame_num":719,"label":"car"}]}