{"schema_version":1,"timestamp_ms":1773270806818,"sequence":931,"detections":[{"class_id":2,"confidence":0.7376368045806885,"x_center":0.35619869232177737,"y_center":0.4989004064489294,"width":0.03530254364013672,"height":0.04329980920862268,"source_id":0,"frame_num":931,"label":"car"},{"class_id":2,"confidence":0.5617061853408813,"x_center":0.4354526519775391,"y_center":0.48896687825520835,"width":0.022068595886230467,"height":0.031113009982638887,"source_id":0,"frame_num":931,"label":"car"},{"class_id":2,"confidence":0.4228443503379822,"x_center":0.4685426076253255,"y_center":0.48886149371111837,"width":0.028277778625488283,"height":0.036847912823712387,"source_id":0,"frame_num":931,"label":"car"}]}