{"schema_version":1,"timestamp_ms":1773270803053,"sequence":820,"detections":[{"class_id":2,"confidence":0.541375458240509,"x_center":0.4139693737030029,"y_center":0.4910710370099103,"width":0.024933910369873045,"height":0.030749003092447918,"source_id":0,"frame_num":820,"label":"car"},{"class_id":2,"confidence":0.3511676788330078,"x_center":0.49227269490559894,"y_center":0.910874910707827,"width":0.9845453898111979,"height":0.17017477530020256,"source_id":0,"frame_num":820,"label":"car"}]}