{"schema_version":1,"timestamp_ms":1773270781167,"sequence":199,"detections":[{"class_id":2,"confidence":0.8466084599494934,"x_center":0.16203474203745524,"y_center":0.5356714884440105,"width":0.32310579617818197,"height":0.28627081976996527,"source_id":0,"frame_num":199,"label":"car"},{"class_id":2,"confidence":0.49672603607177734,"x_center":0.24733036359151203,"y_center":0.46750273527922453,"width":0.05617087682088216,"height":0.04694745099103009,"source_id":0,"frame_num":199,"label":"car"},{"class_id":2,"confidence":0.3246181011199951,"x_center":0.3208097775777181,"y_center":0.47205834565339266,"width":0.027099418640136718,"height":0.027725869637948496,"source_id":0,"frame_num":199,"label":"car"}]}