{"schema_version":1,"timestamp_ms":1773270777987,"sequence":102,"detections":[{"class_id":2,"confidence":0.6346584558486938,"x_center":0.4824594338734945,"y_center":0.5181230615686487,"width":0.2957837740580241,"height":0.20287695990668403,"source_id":0,"frame_num":102,"label":"car"},{"class_id":2,"confidence":0.4521544575691223,"x_center":0.2837177594502767,"y_center":0.46606342174388743,"width":0.03219928741455078,"height":0.04402039139359085,"source_id":0,"frame_num":102,"label":"car"},{"class_id":2,"confidence":0.27814191579818726,"x_center":0.26007675329844154,"y_center":0.4641357280589916,"width":0.03605783780415853,"height":0.03229350337275752,"source_id":0,"frame_num":102,"label":"car"},{"class_id":2,"confidence":0.27039745450019836,"x_center":0.3085429827372233,"y_center":0.4642592536078559,"width":0.017803764343261717,"height":0.024316914876302085,"source_id":0,"frame_num":102,"label":"car"}]}