{"schema_version":1,"timestamp_ms":1773270809437,"sequence":1000,"detections":[{"class_id":2,"confidence":0.28595873713493347,"x_center":0.5041682243347168,"y_center":0.9243218315972223,"width":0.9896162033081055,"height":0.14223429361979167,"source_id":0,"frame_num":1000,"label":"car"},{"class_id":2,"confidence":0.25119754672050476,"x_center":0.008691202849149704,"y_center":0.6589197512026186,"width":0.017246998846530914,"height":0.19661237928602432,"source_id":0,"frame_num":1000,"label":"car"}]}