{"schema_version":1,"timestamp_ms":1773270777467,"sequence":87,"detections":[{"class_id":2,"confidence":0.7682974338531494,"x_center":0.5826070308685303,"y_center":0.5108694712320964,"width":0.2494267463684082,"height":0.16497200859917535,"source_id":0,"frame_num":87,"label":"car"},{"class_id":2,"confidence":0.2615194320678711,"x_center":0.33319478034973143,"y_center":0.47030129609284577,"width":0.021227169036865234,"height":0.020040356671368633,"source_id":0,"frame_num":87,"label":"car"}]}