{"schema_version":1,"timestamp_ms":1773270807840,"sequence":955,"detections":[{"class_id":2,"confidence":0.8213581442832947,"x_center":0.3238748868306478,"y_center":0.5082643862123842,"width":0.05680351257324219,"height":0.06765848795572917,"source_id":0,"frame_num":955,"label":"car"},{"class_id":2,"confidence":0.5176457762718201,"x_center":0.44654455184936526,"y_center":0.49164714106807,"width":0.020410728454589844,"height":0.03736611825448495,"source_id":0,"frame_num":955,"label":"car"},{"class_id":2,"confidence":0.434283047914505,"x_center":0.4779172897338867,"y_center":0.4894942389594184,"width":0.025568389892578126,"height":0.04948001437717014,"source_id":0,"frame_num":955,"label":"car"},{"class_id":2,"confidence":0.3413161039352417,"x_center":0.4650856971740723,"y_center":0.9152112325032552,"width":0.9301713943481446,"height":0.1602900187174479,"source_id":0,"frame_num":955,"label":"car"}]}