{"schema_version":1,"timestamp_ms":1773270800555,"sequence":745,"detections":[{"class_id":2,"confidence":0.37620148062705994,"x_center":0.4630695343017578,"y_center":0.9162372730396412,"width":0.9261390686035156,"height":0.15748833550347222,"source_id":0,"frame_num":745,"label":"car"},{"class_id":2,"confidence":0.2906833589076996,"x_center":0.06852798263231913,"y_center":0.5459277965404369,"width":0.049438416957855225,"height":0.04457810013382523,"source_id":0,"frame_num":745,"label":"car"}]}