{"schema_version":1,"timestamp_ms":1773270808730,"sequence":980,"detections":[{"class_id":2,"confidence":0.7991167306900024,"x_center":0.22175902525583904,"y_center":0.5408220926920573,"width":0.1338007132212321,"height":0.1416105482313368,"source_id":0,"frame_num":980,"label":"car"},{"class_id":2,"confidence":0.33034154772758484,"x_center":0.4902777671813965,"y_center":0.9230887236418548,"width":0.9511152267456054,"height":0.14309890181929977,"source_id":0,"frame_num":980,"label":"car"}]}