{"schema_version":1,"timestamp_ms":1773270805336,"sequence":887,"detections":[{"class_id":2,"confidence":0.5640599131584167,"x_center":0.3752181847890218,"y_center":0.49130347922996237,"width":0.026905918121337892,"height":0.028399601689091437,"source_id":0,"frame_num":887,"label":"car"},{"class_id":2,"confidence":0.4383030831813812,"x_center":0.4177857398986816,"y_center":0.4871080893057364,"width":0.016353607177734375,"height":0.027872693097149886,"source_id":0,"frame_num":887,"label":"car"},{"class_id":2,"confidence":0.3738998770713806,"x_center":0.44059933026631676,"y_center":0.4862809075249566,"width":0.016997051239013673,"height":0.026624382866753473,"source_id":0,"frame_num":887,"label":"car"},{"class_id":2,"confidence":0.3429928421974182,"x_center":0.4570532162984212,"y_center":0.9143234818070023,"width":0.9141064325968424,"height":0.1639892578125,"source_id":0,"frame_num":887,"label":"car"}]}