{"schema_version":1,"timestamp_ms":1773270806402,"sequence":918,"detections":[{"class_id":2,"confidence":0.42504438757896423,"x_center":0.4291191101074219,"y_center":0.48990492644133393,"width":0.01894683837890625,"height":0.028210279676649304,"source_id":0,"frame_num":918,"label":"car"},{"class_id":2,"confidence":0.40694335103034973,"x_center":0.36381845474243163,"y_center":0.4985625655562789,"width":0.030517768859863282,"height":0.03445558901186343,"source_id":0,"frame_num":918,"label":"car"},{"class_id":2,"confidence":0.3385255038738251,"x_center":0.4475135803222656,"y_center":0.9164052892614294,"width":0.8950271606445312,"height":0.15723210087528935,"source_id":0,"frame_num":918,"label":"car"}]}