{"schema_version":1,"timestamp_ms":1773270798670,"sequence":691,"detections":[{"class_id":2,"confidence":0.38094383478164673,"x_center":0.40086239178975425,"y_center":0.48920074745460795,"width":0.023352909088134765,"height":0.035513051350911456,"source_id":0,"frame_num":691,"label":"car"},{"class_id":2,"confidence":0.25870299339294434,"x_center":0.5121512889862061,"y_center":0.9216211672182436,"width":0.9612420082092286,"height":0.14854888916015624,"source_id":0,"frame_num":691,"label":"car"}]}