{"schema_version":1,"timestamp_ms":1773270803864,"sequence":843,"detections":[{"class_id":2,"confidence":0.5581597685813904,"x_center":0.4189435958862305,"y_center":0.487730308815285,"width":0.02646026611328125,"height":0.028364026104962383,"source_id":0,"frame_num":843,"label":"car"},{"class_id":2,"confidence":0.36527836322784424,"x_center":0.5067205270131429,"y_center":0.9118940282751012,"width":0.9825830141703288,"height":0.1628576773184317,"source_id":0,"frame_num":843,"label":"car"}]}