{"schema_version":1,"timestamp_ms":1773270801707,"sequence":779,"detections":[{"class_id":0,"confidence":0.40735822916030884,"x_center":0.16982178688049315,"y_center":0.5155459651240596,"width":0.015438461303710937,"height":0.05816678647641783,"source_id":0,"frame_num":779,"label":"person"},{"class_id":2,"confidence":0.32969680428504944,"x_center":0.4962231477101644,"y_center":0.9122155083550347,"width":0.9898811022440592,"height":0.16754557291666666,"source_id":0,"frame_num":779,"label":"car"},{"class_id":2,"confidence":0.26528865098953247,"x_center":0.41041038831075033,"y_center":0.48942492449725117,"width":0.020118045806884765,"height":0.03201621726707176,"source_id":0,"frame_num":779,"label":"car"}]}