{"schema_version":1,"timestamp_ms":1773270781102,"sequence":197,"detections":[{"class_id":2,"confidence":0.8605872988700867,"x_center":0.14123143355051676,"y_center":0.5345613267686632,"width":0.28155201276143393,"height":0.288458251953125,"source_id":0,"frame_num":197,"label":"car"},{"class_id":2,"confidence":0.5865062475204468,"x_center":0.24394799868265787,"y_center":0.4830354196053964,"width":0.06177218755086263,"height":0.07517671938295718,"source_id":0,"frame_num":197,"label":"car"},{"class_id":2,"confidence":0.32768750190734863,"x_center":0.3207671642303467,"y_center":0.4712418450249566,"width":0.026814746856689452,"height":0.027759975857204862,"source_id":0,"frame_num":197,"label":"car"}]}