{"schema_version":1,"timestamp_ms":1773270780965,"sequence":193,"detections":[{"class_id":2,"confidence":0.7461817264556885,"x_center":0.10079481601715087,"y_center":0.5393957208704065,"width":0.2009204387664795,"height":0.2812482763219763,"source_id":0,"frame_num":193,"label":"car"},{"class_id":2,"confidence":0.5955624580383301,"x_center":0.24806241194407144,"y_center":0.4841642591688368,"width":0.05354183514912923,"height":0.070416259765625,"source_id":0,"frame_num":193,"label":"car"},{"class_id":7,"confidence":0.48075923323631287,"x_center":0.24909308751424153,"y_center":0.4841798570421007,"width":0.05505517323811849,"height":0.0723147922092014,"source_id":0,"frame_num":193,"label":"truck"}]}