{"schema_version":1,"timestamp_ms":1773270808587,"sequence":976,"detections":[{"class_id":2,"confidence":0.7177034020423889,"x_center":0.24959532419840494,"y_center":0.5307190223976418,"width":0.10911026000976562,"height":0.12257334391276041,"source_id":0,"frame_num":976,"label":"car"},{"class_id":2,"confidence":0.4437498450279236,"x_center":0.4754803657531738,"y_center":0.9164570843731915,"width":0.8662111282348632,"height":0.15512045401114005,"source_id":0,"frame_num":976,"label":"car"}]}