{"schema_version":1,"timestamp_ms":1773270802167,"sequence":793,"detections":[{"class_id":2,"confidence":0.41532212495803833,"x_center":0.4120800813039144,"y_center":0.4910730997721354,"width":0.022114658355712892,"height":0.032720947265625,"source_id":0,"frame_num":793,"label":"car"},{"class_id":2,"confidence":0.4131607413291931,"x_center":0.4923154671986898,"y_center":0.9091532106752749,"width":0.9818868319193522,"height":0.17101220024956598,"source_id":0,"frame_num":793,"label":"car"}]}