{"schema_version":1,"timestamp_ms":1773270805693,"sequence":897,"detections":[{"class_id":2,"confidence":0.5010676980018616,"x_center":0.37206490834554035,"y_center":0.4929998892324942,"width":0.02635351816813151,"height":0.029619683159722222,"source_id":0,"frame_num":897,"label":"car"},{"class_id":2,"confidence":0.4092085361480713,"x_center":0.44539813995361327,"y_center":0.48787287959346065,"width":0.016135215759277344,"height":0.024792141384548612,"source_id":0,"frame_num":897,"label":"car"},{"class_id":2,"confidence":0.2708990275859833,"x_center":0.4949131965637207,"y_center":0.9107087029351129,"width":0.9843973159790039,"height":0.1662114461263021,"source_id":0,"frame_num":897,"label":"car"}]}