{"schema_version":1,"timestamp_ms":1773270796582,"sequence":631,"detections":[{"class_id":2,"confidence":0.7701061964035034,"x_center":0.02650544544061025,"y_center":0.6807854263870804,"width":0.0525502065817515,"height":0.2945398966471354,"source_id":0,"frame_num":631,"label":"car"},{"class_id":2,"confidence":0.38683590292930603,"x_center":0.3868745803833008,"y_center":0.49252282601815683,"width":0.020866966247558592,"height":0.03386778654875579,"source_id":0,"frame_num":631,"label":"car"},{"class_id":2,"confidence":0.3367490768432617,"x_center":0.45191362698872883,"y_center":0.9098444338198062,"width":0.9010709444681804,"height":0.16841628463179978,"source_id":0,"frame_num":631,"label":"car"}]}