{"schema_version":1,"timestamp_ms":1773270778704,"sequence":124,"detections":[{"class_id":2,"confidence":0.8669198155403137,"x_center":0.22798848152160645,"y_center":0.546942392985026,"width":0.44898691177368166,"height":0.34116906060112845,"source_id":0,"frame_num":124,"label":"car"}]}