{"schema_version":1,"timestamp_ms":1773270804162,"sequence":852,"detections":[{"class_id":2,"confidence":0.4088442325592041,"x_center":0.4285688877105713,"y_center":0.4883149606210214,"width":0.020462703704833985,"height":0.026932610405815974,"source_id":0,"frame_num":852,"label":"car"},{"class_id":2,"confidence":0.3839617073535919,"x_center":0.3858461062113444,"y_center":0.48901160911277486,"width":0.018556722005208335,"height":0.027518208821614584,"source_id":0,"frame_num":852,"label":"car"},{"class_id":2,"confidence":0.35979655385017395,"x_center":0.42072410583496095,"y_center":0.4872479474103009,"width":0.03078804016113281,"height":0.030521195023148148,"source_id":0,"frame_num":852,"label":"car"}]}