{"schema_version":1,"timestamp_ms":1773270775788,"sequence":35,"detections":[{"class_id":11,"confidence":0.8795726895332336,"x_center":0.7489009221394857,"y_center":0.3501784713179977,"width":0.052823384602864586,"height":0.09120686848958333,"source_id":0,"frame_num":35,"label":"stop sign"},{"class_id":2,"confidence":0.6509842276573181,"x_center":0.6836063385009765,"y_center":0.5075332500316478,"width":0.13303184509277344,"height":0.0944188153302228,"source_id":0,"frame_num":35,"label":"car"},{"class_id":2,"confidence":0.3236887454986572,"x_center":0.39906102816263833,"y_center":0.4851796750669126,"width":0.02250502904256185,"height":0.028270297580295138,"source_id":0,"frame_num":35,"label":"car"}]}