{"schema_version":1,"timestamp_ms":1773270794972,"sequence":587,"detections":[{"class_id":2,"confidence":0.7602565884590149,"x_center":0.8510806719462077,"y_center":0.6972039964463975,"width":0.29718837738037107,"height":0.45135413275824654,"source_id":0,"frame_num":587,"label":"car"},{"class_id":2,"confidence":0.6975431442260742,"x_center":0.303680690129598,"y_center":0.5115239178692853,"width":0.038696702321370444,"height":0.048230150010850695,"source_id":0,"frame_num":587,"label":"car"},{"class_id":2,"confidence":0.4116375148296356,"x_center":0.370349645614624,"y_center":0.49170989990234376,"width":0.02215127944946289,"height":0.038170708550347224,"source_id":0,"frame_num":587,"label":"car"},{"class_id":2,"confidence":0.3625629246234894,"x_center":0.042119568586349486,"y_center":0.5381395975748698,"width":0.024878275394439698,"height":0.037060377332899304,"source_id":0,"frame_num":587,"label":"car"}]}