{"schema_version":1,"timestamp_ms":1773270775394,"sequence":24,"detections":[{"class_id":11,"confidence":0.7697610855102539,"x_center":0.6971160570780436,"y_center":0.3720071580674913,"width":0.04448070526123047,"height":0.07699330647786458,"source_id":0,"frame_num":24,"label":"stop sign"},{"class_id":7,"confidence":0.5950887799263,"x_center":0.683787218729655,"y_center":0.504046885172526,"width":0.14184303283691407,"height":0.10972035725911458,"source_id":0,"frame_num":24,"label":"truck"},{"class_id":2,"confidence":0.30259770154953003,"x_center":0.38411056200663246,"y_center":0.4854651274504485,"width":0.020946852366129556,"height":0.02209659152560764,"source_id":0,"frame_num":24,"label":"car"}]}