{"schema_version":1,"timestamp_ms":1773270779045,"sequence":135,"detections":[{"class_id":2,"confidence":0.8696556687355042,"x_center":0.16255313555399578,"y_center":0.56915608158818,"width":0.3248817761739095,"height":0.44483105694806135,"source_id":0,"frame_num":135,"label":"car"},{"class_id":0,"confidence":0.4213300049304962,"x_center":0.0878219226996104,"y_center":0.4369362301296658,"width":0.06529941161473592,"height":0.09508132934570312,"source_id":0,"frame_num":135,"label":"person"},{"class_id":2,"confidence":0.31317490339279175,"x_center":0.37430036862691246,"y_center":0.4689687093098958,"width":0.024184640248616537,"height":0.036345757378472225,"source_id":0,"frame_num":135,"label":"car"}]}