{"schema_version":1,"timestamp_ms":1773270796366,"sequence":625,"detections":[{"class_id":2,"confidence":0.9090064764022827,"x_center":0.10105382998784383,"y_center":0.5959815555148654,"width":0.20169524351755777,"height":0.25420252482096356,"source_id":0,"frame_num":625,"label":"car"},{"class_id":2,"confidence":0.4435732364654541,"x_center":0.3854040304819743,"y_center":0.4940441555447049,"width":0.02295649846394857,"height":0.03257887098524306,"source_id":0,"frame_num":625,"label":"car"},{"class_id":2,"confidence":0.2975218594074249,"x_center":0.44473695755004883,"y_center":0.9098365501121238,"width":0.8894739151000977,"height":0.1707161232277199,"source_id":0,"frame_num":625,"label":"car"}]}