{"schema_version":1,"timestamp_ms":1773270806465,"sequence":920,"detections":[{"class_id":2,"confidence":0.7052949070930481,"x_center":0.3625947952270508,"y_center":0.4987296775535301,"width":0.031396484375,"height":0.03548923068576389,"source_id":0,"frame_num":920,"label":"car"},{"class_id":2,"confidence":0.4925462305545807,"x_center":0.4292171001434326,"y_center":0.48983863547996237,"width":0.018207073211669922,"height":0.027506001790364585,"source_id":0,"frame_num":920,"label":"car"},{"class_id":2,"confidence":0.26701247692108154,"x_center":0.44599278767903644,"y_center":0.9172024762188947,"width":0.8919855753580729,"height":0.1530548095703125,"source_id":0,"frame_num":920,"label":"car"}]}