{"schema_version":1,"timestamp_ms":1773270784047,"sequence":288,"detections":[{"class_id":2,"confidence":0.6248801946640015,"x_center":0.048844905694325765,"y_center":0.49459650958025897,"width":0.03324278990427653,"height":0.045812451397931137,"source_id":0,"frame_num":288,"label":"car"},{"class_id":2,"confidence":0.3060843348503113,"x_center":0.021292074024677275,"y_center":0.49181555288809314,"width":0.02654806077480316,"height":0.036263529459635416,"source_id":0,"frame_num":288,"label":"car"}]}