{"schema_version":1,"timestamp_ms":1773270798241,"sequence":678,"detections":[{"class_id":2,"confidence":0.3365510404109955,"x_center":0.3974464734395345,"y_center":0.48885286119249133,"width":0.018956375122070313,"height":0.03235253228081597,"source_id":0,"frame_num":678,"label":"car"},{"class_id":2,"confidence":0.3251766860485077,"x_center":0.4472377777099609,"y_center":0.9132499129683883,"width":0.8944755554199219,"height":0.16200454146773727,"source_id":0,"frame_num":678,"label":"car"}]}