{"schema_version":1,"timestamp_ms":1773270779980,"sequence":163,"detections":[{"class_id":2,"confidence":0.7373049259185791,"x_center":0.2640869617462158,"y_center":0.47608988726580587,"width":0.046163082122802734,"height":0.06338837235062211,"source_id":0,"frame_num":163,"label":"car"},{"class_id":2,"confidence":0.39263442158699036,"x_center":0.22021780014038086,"y_center":0.4674224853515625,"width":0.02385845184326172,"height":0.024510023328993054,"source_id":0,"frame_num":163,"label":"car"},{"class_id":2,"confidence":0.337446391582489,"x_center":0.3216327508290609,"y_center":0.46993033797652634,"width":0.021906948089599608,"height":0.023245041458695024,"source_id":0,"frame_num":163,"label":"car"},{"class_id":2,"confidence":0.26862263679504395,"x_center":0.3729691505432129,"y_center":0.4745512079309534,"width":0.02508716583251953,"height":0.0328221356427228,"source_id":0,"frame_num":163,"label":"car"}]}