{"schema_version":1,"timestamp_ms":1773270775138,"sequence":16,"detections":[{"class_id":11,"confidence":0.7281358242034912,"x_center":0.6685168266296386,"y_center":0.3833248562282986,"width":0.04038562774658203,"height":0.06691504584418403,"source_id":0,"frame_num":16,"label":"stop sign"},{"class_id":7,"confidence":0.5790475606918335,"x_center":0.616118590037028,"y_center":0.5039063347710504,"width":0.1530258814493815,"height":0.10870615641276042,"source_id":0,"frame_num":16,"label":"truck"},{"class_id":2,"confidence":0.357202410697937,"x_center":0.6143467903137207,"y_center":0.5039787998905888,"width":0.1503305435180664,"height":0.1089360272442853,"source_id":0,"frame_num":16,"label":"car"},{"class_id":2,"confidence":0.25063061714172363,"x_center":0.40578498840332033,"y_center":0.4893827932852286,"width":0.02073535919189453,"height":0.027320974844473378,"source_id":0,"frame_num":16,"label":"car"}]}