{"schema_version":1,"timestamp_ms":1773270776590,"sequence":60,"detections":[{"class_id":11,"confidence":0.9246312379837036,"x_center":0.9394982020060222,"y_center":0.2738546512745045,"width":0.07912979125976563,"height":0.14927087006745515,"source_id":0,"frame_num":60,"label":"stop sign"},{"class_id":2,"confidence":0.7810960412025452,"x_center":0.6810311635335287,"y_center":0.508255852593316,"width":0.1979039510091146,"height":0.12238294813368056,"source_id":0,"frame_num":60,"label":"car"},{"class_id":7,"confidence":0.4626575708389282,"x_center":0.682899538675944,"y_center":0.510237291124132,"width":0.19305839538574218,"height":0.12211439344618055,"source_id":0,"frame_num":60,"label":"truck"},{"class_id":2,"confidence":0.2736533582210541,"x_center":0.34305111567179364,"y_center":0.4725971504493996,"width":0.023461214701334634,"height":0.024695474130135994,"source_id":0,"frame_num":60,"label":"car"}]}