{"schema_version":1,"timestamp_ms":1773270781264,"sequence":202,"detections":[{"class_id":2,"confidence":0.8068668842315674,"x_center":0.1944427967071533,"y_center":0.5365491655137804,"width":0.3886765480041504,"height":0.2879168192545573,"source_id":0,"frame_num":202,"label":"car"},{"class_id":2,"confidence":0.3691100478172302,"x_center":0.36754199663798015,"y_center":0.48204997027361834,"width":0.03680143356323242,"height":0.03575199268482349,"source_id":0,"frame_num":202,"label":"car"},{"class_id":2,"confidence":0.3303375840187073,"x_center":0.37443881034851073,"y_center":0.48244366115993925,"width":0.024840068817138673,"height":0.03492380777994792,"source_id":0,"frame_num":202,"label":"car"}]}