{"schema_version":1,"timestamp_ms":1773270809060,"sequence":989,"detections":[{"class_id":2,"confidence":0.8841753005981445,"x_center":0.11581580638885498,"y_center":0.582280985514323,"width":0.23137202262878417,"height":0.24045003255208333,"source_id":0,"frame_num":989,"label":"car"},{"class_id":2,"confidence":0.4034741222858429,"x_center":0.7612082481384277,"y_center":0.9248856438530816,"width":0.4765623092651367,"height":0.12702857123480904,"source_id":0,"frame_num":989,"label":"car"},{"class_id":2,"confidence":0.25475460290908813,"x_center":0.46583526929219565,"y_center":0.49283074273003474,"width":0.026006031036376952,"height":0.03308275010850695,"source_id":0,"frame_num":989,"label":"car"}]}