{"schema_version":1,"timestamp_ms":1773270779730,"sequence":155,"detections":[{"class_id":2,"confidence":0.5152987241744995,"x_center":0.22236701647440593,"y_center":0.46449202078360097,"width":0.021823406219482422,"height":0.02468191076208044,"source_id":0,"frame_num":155,"label":"car"},{"class_id":7,"confidence":0.484397828578949,"x_center":0.26830625534057617,"y_center":0.4726969118471499,"width":0.04056262969970703,"height":0.061300037525318284,"source_id":0,"frame_num":155,"label":"truck"},{"class_id":2,"confidence":0.43004414439201355,"x_center":0.2680072784423828,"y_center":0.4731131518328631,"width":0.04094829559326172,"height":0.061351324010778356,"source_id":0,"frame_num":155,"label":"car"}]}