{"schema_version":1,"timestamp_ms":1773270795790,"sequence":610,"detections":[{"class_id":2,"confidence":0.5129639506340027,"x_center":0.2538806438446045,"y_center":0.5321231983326099,"width":0.0821915626525879,"height":0.099005126953125,"source_id":0,"frame_num":610,"label":"car"},{"class_id":2,"confidence":0.4876612424850464,"x_center":0.381502898534139,"y_center":0.4940422905815972,"width":0.021958319346110027,"height":0.03363274468315972,"source_id":0,"frame_num":610,"label":"car"},{"class_id":7,"confidence":0.32737836241722107,"x_center":0.25442182223002113,"y_center":0.5322293034306279,"width":0.08150122960408529,"height":0.09739555076316551,"source_id":0,"frame_num":610,"label":"truck"},{"class_id":2,"confidence":0.3100539743900299,"x_center":0.44407370885213215,"y_center":0.9106382581922743,"width":0.8881474177042643,"height":0.1706932915581597,"source_id":0,"frame_num":610,"label":"car"}]}