{"schema_version":1,"timestamp_ms":1773270781488,"sequence":209,"detections":[{"class_id":2,"confidence":0.8598006367683411,"x_center":0.3166198253631592,"y_center":0.5410254584418402,"width":0.45729379653930663,"height":0.28268907335069443,"source_id":0,"frame_num":209,"label":"car"},{"class_id":2,"confidence":0.3687390983104706,"x_center":0.5893019994099935,"y_center":0.5341640896267361,"width":0.029232025146484375,"height":0.048091295030381946,"source_id":0,"frame_num":209,"label":"car"}]}