{"schema_version":1,"timestamp_ms":1773270802002,"sequence":788,"detections":[{"class_id":2,"confidence":0.37474966049194336,"x_center":0.41170639991760255,"y_center":0.4893782721625434,"width":0.020917224884033202,"height":0.03305816650390625,"source_id":0,"frame_num":788,"label":"car"},{"class_id":2,"confidence":0.3712354302406311,"x_center":0.4945955276489258,"y_center":0.9124833001030817,"width":0.9891910552978516,"height":0.16450958251953124,"source_id":0,"frame_num":788,"label":"car"}]}