{"schema_version":1,"timestamp_ms":1773270798604,"sequence":689,"detections":[{"class_id":2,"confidence":0.34857356548309326,"x_center":0.40006437301635744,"y_center":0.4888231348108362,"width":0.02430896759033203,"height":0.03683319091796875,"source_id":0,"frame_num":689,"label":"car"},{"class_id":2,"confidence":0.2935527563095093,"x_center":0.4572299321492513,"y_center":0.9236241941098814,"width":0.8875845591227214,"height":0.14473905210141783,"source_id":0,"frame_num":689,"label":"car"}]}