{"schema_version":1,"timestamp_ms":1773270801497,"sequence":773,"detections":[{"class_id":2,"confidence":0.35214006900787354,"x_center":0.496667750676473,"y_center":0.9111987643771702,"width":0.9890468279520671,"height":0.16677754720052082,"source_id":0,"frame_num":773,"label":"car"},{"class_id":2,"confidence":0.25359439849853516,"x_center":0.40890045166015626,"y_center":0.48842627913863573,"width":0.01840553283691406,"height":0.03431359750253183,"source_id":0,"frame_num":773,"label":"car"}]}