{"schema_version":1,"timestamp_ms":1773270782770,"sequence":249,"detections":[{"class_id":2,"confidence":0.7709941864013672,"x_center":0.17081179221471152,"y_center":0.5118627618860315,"width":0.09013713995615641,"height":0.1122237311469184,"source_id":0,"frame_num":249,"label":"car"},{"class_id":2,"confidence":0.4800645709037781,"x_center":0.3449659506479899,"y_center":0.5016650447139034,"width":0.025650628407796226,"height":0.03595089382595486,"source_id":0,"frame_num":249,"label":"car"},{"class_id":2,"confidence":0.29230257868766785,"x_center":0.3218236287434896,"y_center":0.4944088406032986,"width":0.026377487182617187,"height":0.03777872721354167,"source_id":0,"frame_num":249,"label":"car"},{"class_id":2,"confidence":0.2600170969963074,"x_center":0.29375500679016114,"y_center":0.4936354743109809,"width":0.01867952346801758,"height":0.02561119927300347,"source_id":0,"frame_num":249,"label":"car"}]}