{"schema_version":1,"timestamp_ms":1773270811939,"sequence":1076,"detections":[{"class_id":2,"confidence":0.34383833408355713,"x_center":0.5300227165222168,"y_center":0.48766355161313657,"width":0.023399162292480468,"height":0.029616179289641203,"source_id":0,"frame_num":1076,"label":"car"},{"class_id":2,"confidence":0.2893942594528198,"x_center":0.5229812939961751,"y_center":0.919495278817636,"width":0.9471180597941081,"height":0.15317275435836228,"source_id":0,"frame_num":1076,"label":"car"},{"class_id":2,"confidence":0.2689419090747833,"x_center":0.4199528694152832,"y_center":0.9424693637424045,"width":0.21006622314453124,"height":0.11506127251519097,"source_id":0,"frame_num":1076,"label":"car"}]}