{"schema_version":1,"timestamp_ms":1773270775040,"sequence":13,"detections":[{"class_id":11,"confidence":0.6769906878471375,"x_center":0.6573678334554036,"y_center":0.3880636003282335,"width":0.03972918192545573,"height":0.06703567504882812,"source_id":0,"frame_num":13,"label":"stop sign"},{"class_id":7,"confidence":0.4806085526943207,"x_center":0.5819135506947836,"y_center":0.5022171868218316,"width":0.14590101242065429,"height":0.10613521999782986,"source_id":0,"frame_num":13,"label":"truck"},{"class_id":2,"confidence":0.27874255180358887,"x_center":0.38422770500183107,"y_center":0.4858525452790437,"width":0.026154613494873045,"height":0.02898980599862558,"source_id":0,"frame_num":13,"label":"car"}]}