{"schema_version":1,"timestamp_ms":1773270777006,"sequence":73,"detections":[{"class_id":2,"confidence":0.729767918586731,"x_center":0.6458244959513346,"y_center":0.5089510882342303,"width":0.21908582051595052,"height":0.13824293348524305,"source_id":0,"frame_num":73,"label":"car"},{"class_id":2,"confidence":0.6085994243621826,"x_center":0.290230925877889,"y_center":0.46888987223307294,"width":0.030002307891845704,"height":0.03418613009982639,"source_id":0,"frame_num":73,"label":"car"},{"class_id":7,"confidence":0.2969062328338623,"x_center":0.6452969551086426,"y_center":0.5101356365062573,"width":0.21987857818603515,"height":0.13908959847909433,"source_id":0,"frame_num":73,"label":"truck"}]}