{"schema_version":1,"timestamp_ms":1773270808415,"sequence":971,"detections":[{"class_id":2,"confidence":0.6243643760681152,"x_center":0.2756100575129191,"y_center":0.5237197734691479,"width":0.09367130597432455,"height":0.10125577008282696,"source_id":0,"frame_num":971,"label":"car"},{"class_id":2,"confidence":0.3624703586101532,"x_center":0.6995172023773193,"y_center":0.9139230233651621,"width":0.41361513137817385,"height":0.15428918909143519,"source_id":0,"frame_num":971,"label":"car"},{"class_id":2,"confidence":0.2826143503189087,"x_center":0.4810951232910156,"y_center":0.49422997368706595,"width":0.028290176391601564,"height":0.05057406955295139,"source_id":0,"frame_num":971,"label":"car"},{"class_id":2,"confidence":0.28252190351486206,"x_center":0.47125328381856285,"y_center":0.9130442018862124,"width":0.8683726946512859,"height":0.16201946117259838,"source_id":0,"frame_num":971,"label":"car"}]}