{"schema_version":1,"timestamp_ms":1773270796679,"sequence":634,"detections":[{"class_id":2,"confidence":0.28278887271881104,"x_center":0.3876179218292236,"y_center":0.49290909943757233,"width":0.02175760269165039,"height":0.0348745275426794,"source_id":0,"frame_num":634,"label":"car"},{"class_id":2,"confidence":0.26827767491340637,"x_center":0.4494238217671712,"y_center":0.9094356960720487,"width":0.8988476435343424,"height":0.16877509223090278,"source_id":0,"frame_num":634,"label":"car"}]}