{"schema_version":1,"timestamp_ms":1773270807224,"sequence":939,"detections":[{"class_id":2,"confidence":0.7794871926307678,"x_center":0.3472661813100179,"y_center":0.502173501473886,"width":0.04096517562866211,"height":0.046750047471788195,"source_id":0,"frame_num":939,"label":"car"},{"class_id":2,"confidence":0.4556579291820526,"x_center":0.4720177491505941,"y_center":0.4883816895661531,"width":0.026682949066162108,"height":0.0371496977629485,"source_id":0,"frame_num":939,"label":"car"},{"class_id":2,"confidence":0.3685661256313324,"x_center":0.4400444984436035,"y_center":0.48971292001229744,"width":0.021614646911621092,"height":0.0330402515552662,"source_id":0,"frame_num":939,"label":"car"},{"class_id":2,"confidence":0.30044952034950256,"x_center":0.47452821731567385,"y_center":0.9167446842900029,"width":0.922364616394043,"height":0.15375224925853587,"source_id":0,"frame_num":939,"label":"car"}]}