{"schema_version":1,"timestamp_ms":1773270796229,"sequence":621,"detections":[{"class_id":2,"confidence":0.8303192853927612,"x_center":0.1569585641225179,"y_center":0.5670874419035735,"width":0.17689921061197916,"height":0.1807344224717882,"source_id":0,"frame_num":621,"label":"car"},{"class_id":2,"confidence":0.6163859963417053,"x_center":0.38489770889282227,"y_center":0.49317954734519676,"width":0.022241592407226562,"height":0.032917955186631945,"source_id":0,"frame_num":621,"label":"car"},{"class_id":2,"confidence":0.36130818724632263,"x_center":0.458054256439209,"y_center":0.9117812827781394,"width":0.8607431411743164,"height":0.1712652700918692,"source_id":0,"frame_num":621,"label":"car"}]}