{"schema_version":1,"timestamp_ms":1773270780113,"sequence":167,"detections":[{"class_id":2,"confidence":0.6910778284072876,"x_center":0.2634467522303263,"y_center":0.4772607167561849,"width":0.04492643674214681,"height":0.06443845960828994,"source_id":0,"frame_num":167,"label":"car"},{"class_id":2,"confidence":0.309719979763031,"x_center":0.37399231592814125,"y_center":0.4747711040355541,"width":0.023552449544270833,"height":0.033462326614945026,"source_id":0,"frame_num":167,"label":"car"},{"class_id":2,"confidence":0.29180026054382324,"x_center":0.30777982076009114,"y_center":0.470737796359592,"width":0.017272822062174478,"height":0.019589742024739582,"source_id":0,"frame_num":167,"label":"car"}]}