{"schema_version":1,"timestamp_ms":1773270780871,"sequence":190,"detections":[{"class_id":2,"confidence":0.6149108409881592,"x_center":0.07126487493515014,"y_center":0.5608993106418185,"width":0.14245207309722902,"height":0.2427413092719184,"source_id":0,"frame_num":190,"label":"car"},{"class_id":2,"confidence":0.540869414806366,"x_center":0.24997719923655193,"y_center":0.4841426142939815,"width":0.0552948792775472,"height":0.06991362395109954,"source_id":0,"frame_num":190,"label":"car"}]}