{"schema_version":1,"timestamp_ms":1773270796109,"sequence":618,"detections":[{"class_id":2,"confidence":0.5480014085769653,"x_center":0.3838314692179362,"y_center":0.4942654645001447,"width":0.021790250142415365,"height":0.03157958984375,"source_id":0,"frame_num":618,"label":"car"},{"class_id":2,"confidence":0.5431561470031738,"x_center":0.19640014171600342,"y_center":0.5545289216218171,"width":0.13990340232849122,"height":0.14710738570601853,"source_id":0,"frame_num":618,"label":"car"},{"class_id":2,"confidence":0.2542070746421814,"x_center":0.699045451482137,"y_center":0.9163384896737558,"width":0.37798954645792643,"height":0.15028833459924767,"source_id":0,"frame_num":618,"label":"car"}]}