{"schema_version":1,"timestamp_ms":1773270779015,"sequence":134,"detections":[{"class_id":2,"confidence":0.7689659595489502,"x_center":0.16889973878860473,"y_center":0.5794198636655454,"width":0.33685281276702883,"height":0.4562245404278791,"source_id":0,"frame_num":134,"label":"car"},{"class_id":0,"confidence":0.3193913400173187,"x_center":0.11014780203501383,"y_center":0.43781669051558886,"width":0.059404420852661136,"height":0.08347419456199363,"source_id":0,"frame_num":134,"label":"person"},{"class_id":2,"confidence":0.27921050786972046,"x_center":0.37443178494771323,"y_center":0.46869974489565247,"width":0.024605274200439453,"height":0.03647441157588252,"source_id":0,"frame_num":134,"label":"car"},{"class_id":0,"confidence":0.25098899006843567,"x_center":0.09787571430206299,"y_center":0.43760113186306426,"width":0.03913149833679199,"height":0.08094533284505208,"source_id":0,"frame_num":134,"label":"person"}]}