{"schema_version":1,"timestamp_ms":1773270779509,"sequence":148,"detections":[{"class_id":2,"confidence":0.6956525444984436,"x_center":0.27060429255167645,"y_center":0.47189287256311485,"width":0.04046014149983724,"height":0.056287271005135996,"source_id":0,"frame_num":148,"label":"car"},{"class_id":7,"confidence":0.58766770362854,"x_center":0.04888855914274851,"y_center":0.5946561460141783,"width":0.09756653507550557,"height":0.5099720142505787,"source_id":0,"frame_num":148,"label":"truck"},{"class_id":2,"confidence":0.4613288938999176,"x_center":0.2304013729095459,"y_center":0.4626852388735171,"width":0.025507736206054687,"height":0.024322651050708913,"source_id":0,"frame_num":148,"label":"car"},{"class_id":2,"confidence":0.2988016903400421,"x_center":0.23821179072062174,"y_center":0.4602736579047309,"width":0.02063760757446289,"height":0.02298363579644097,"source_id":0,"frame_num":148,"label":"car"}]}