{"schema_version":1,"timestamp_ms":1773270778089,"sequence":105,"detections":[{"class_id":2,"confidence":0.8006564974784851,"x_center":0.4551592667897542,"y_center":0.5219723171657986,"width":0.306783390045166,"height":0.21593254937065973,"source_id":0,"frame_num":105,"label":"car"},{"class_id":2,"confidence":0.503376305103302,"x_center":0.28343141873677574,"y_center":0.4649524264865451,"width":0.03222322463989258,"height":0.04392191569010417,"source_id":0,"frame_num":105,"label":"car"},{"class_id":2,"confidence":0.30081745982170105,"x_center":0.25295000076293944,"y_center":0.46082308733904803,"width":0.026780223846435545,"height":0.027126905653211804,"source_id":0,"frame_num":105,"label":"car"}]}