{"schema_version":1,"timestamp_ms":1773270804225,"sequence":854,"detections":[{"class_id":2,"confidence":0.554056704044342,"x_center":0.42439756393432615,"y_center":0.4888173138653791,"width":0.03139820098876953,"height":0.026891920301649306,"source_id":0,"frame_num":854,"label":"car"},{"class_id":2,"confidence":0.28529834747314453,"x_center":0.5048949559529622,"y_center":0.9090184247052228,"width":0.986007563273112,"height":0.17101570411964698,"source_id":0,"frame_num":854,"label":"car"},{"class_id":2,"confidence":0.2583407461643219,"x_center":0.3862205664316813,"y_center":0.4901930914984809,"width":0.018383057912190755,"height":0.029532368977864584,"source_id":0,"frame_num":854,"label":"car"}]}