{"schema_version":1,"timestamp_ms":1773270795269,"sequence":596,"detections":[{"class_id":2,"confidence":0.7568570375442505,"x_center":0.9409868240356445,"y_center":0.5426008436414931,"width":0.11692008972167969,"height":0.08565809461805556,"source_id":0,"frame_num":596,"label":"car"},{"class_id":2,"confidence":0.7225884199142456,"x_center":0.29390398661295575,"y_center":0.5164706477412471,"width":0.0485680898030599,"height":0.058373175726996525,"source_id":0,"frame_num":596,"label":"car"},{"class_id":2,"confidence":0.42426666617393494,"x_center":0.37597621281941734,"y_center":0.49166030883789064,"width":0.023304494222005208,"height":0.039025031195746525,"source_id":0,"frame_num":596,"label":"car"},{"class_id":0,"confidence":0.3678134083747864,"x_center":0.6842264811197917,"y_center":0.5317541051793981,"width":0.016981887817382812,"height":0.06898227267795139,"source_id":0,"frame_num":596,"label":"person"}]}