{"schema_version":1,"timestamp_ms":1773270777742,"sequence":95,"detections":[{"class_id":2,"confidence":0.8156969547271729,"x_center":0.5340484937032064,"y_center":0.5153943803575304,"width":0.2696312586466471,"height":0.18344701131184896,"source_id":0,"frame_num":95,"label":"car"},{"class_id":2,"confidence":0.46920260787010193,"x_center":0.3342692057291667,"y_center":0.4682099236382378,"width":0.02262140909830729,"height":0.02383270263671875,"source_id":0,"frame_num":95,"label":"car"},{"class_id":2,"confidence":0.25424715876579285,"x_center":0.3815736929575602,"y_center":0.46997085853859233,"width":0.023927593231201173,"height":0.03390584875036169,"source_id":0,"frame_num":95,"label":"car"}]}