{"schema_version":1,"timestamp_ms":1773270778059,"sequence":104,"detections":[{"class_id":2,"confidence":0.7725239992141724,"x_center":0.4648032983144124,"y_center":0.521891615125868,"width":0.3038770357767741,"height":0.21122775607638888,"source_id":0,"frame_num":104,"label":"car"},{"class_id":2,"confidence":0.46122264862060547,"x_center":0.283786678314209,"y_center":0.4653031243218316,"width":0.03252410888671875,"height":0.04396548800998264,"source_id":0,"frame_num":104,"label":"car"},{"class_id":2,"confidence":0.30832231044769287,"x_center":0.25429275035858157,"y_center":0.4618029982955367,"width":0.024456262588500977,"height":0.027565991436993634,"source_id":0,"frame_num":104,"label":"car"}]}