{"schema_version":1,"timestamp_ms":1773270781746,"sequence":217,"detections":[{"class_id":2,"confidence":0.8459475636482239,"x_center":0.5152676582336426,"y_center":0.5467172693323206,"width":0.4271268844604492,"height":0.2760598641854745,"source_id":0,"frame_num":217,"label":"car"},{"class_id":2,"confidence":0.7255252003669739,"x_center":0.2319055954615275,"y_center":0.4951835491039135,"width":0.07002104123433431,"height":0.09322439123083044,"source_id":0,"frame_num":217,"label":"car"}]}