{"schema_version":1,"timestamp_ms":1773270780079,"sequence":166,"detections":[{"class_id":2,"confidence":0.6728636026382446,"x_center":0.2645285526911418,"y_center":0.4767435568350333,"width":0.04470356305440267,"height":0.06472860265661169,"source_id":0,"frame_num":166,"label":"car"},{"class_id":2,"confidence":0.288237601518631,"x_center":0.30714410146077475,"y_center":0.4705458605730975,"width":0.01755046844482422,"height":0.01973546346028646,"source_id":0,"frame_num":166,"label":"car"},{"class_id":2,"confidence":0.2778618037700653,"x_center":0.3738558769226074,"y_center":0.4747098145661531,"width":0.02361717224121094,"height":0.03284875375253183,"source_id":0,"frame_num":166,"label":"car"}]}