{"schema_version":1,"timestamp_ms":1773270802202,"sequence":794,"detections":[{"class_id":2,"confidence":0.4884728193283081,"x_center":0.4121103763580322,"y_center":0.4914636117440683,"width":0.021928119659423827,"height":0.032218198423032404,"source_id":0,"frame_num":794,"label":"car"},{"class_id":2,"confidence":0.33457228541374207,"x_center":0.491884183883667,"y_center":0.9094340571650752,"width":0.9815564155578613,"height":0.16934577094184028,"source_id":0,"frame_num":794,"label":"car"}]}