{"schema_version":1,"timestamp_ms":1773270780837,"sequence":189,"detections":[{"class_id":2,"confidence":0.6673150062561035,"x_center":0.06145696640014649,"y_center":0.5722006762469256,"width":0.12291393280029297,"height":0.2174778973614728,"source_id":0,"frame_num":189,"label":"car"},{"class_id":7,"confidence":0.5069088935852051,"x_center":0.2508585453033447,"y_center":0.4833757895010489,"width":0.055686664581298825,"height":0.07247481169524016,"source_id":0,"frame_num":189,"label":"truck"},{"class_id":2,"confidence":0.36747244000434875,"x_center":0.2502430438995361,"y_center":0.48313174777560763,"width":0.055218982696533206,"height":0.07072347005208333,"source_id":0,"frame_num":189,"label":"car"}]}