{"schema_version":1,"timestamp_ms":1773270811849,"sequence":1073,"detections":[{"class_id":2,"confidence":0.3462263345718384,"x_center":0.42080888748168943,"y_center":0.940924722177011,"width":0.20781192779541016,"height":0.1158151697229456,"source_id":0,"frame_num":1073,"label":"car"},{"class_id":2,"confidence":0.3144577741622925,"x_center":0.5209371407826742,"y_center":0.9179048326280382,"width":0.9421926180521647,"height":0.15632154676649307,"source_id":0,"frame_num":1073,"label":"car"},{"class_id":2,"confidence":0.26945170760154724,"x_center":0.5296902179718017,"y_center":0.4879123263888889,"width":0.021139049530029298,"height":0.02893134223090278,"source_id":0,"frame_num":1073,"label":"car"}]}