{"schema_version":1,"timestamp_ms":1773270797577,"sequence":658,"detections":[{"class_id":2,"confidence":0.48994380235671997,"x_center":0.7506059646606446,"y_center":0.9172689367223669,"width":0.4911388397216797,"height":0.14450830530237269,"source_id":0,"frame_num":658,"label":"car"},{"class_id":2,"confidence":0.4502512812614441,"x_center":0.3920847098032633,"y_center":0.4898339872007017,"width":0.020970884958902994,"height":0.03397462632921007,"source_id":0,"frame_num":658,"label":"car"}]}