{"schema_version":1,"timestamp_ms":1773270781030,"sequence":195,"detections":[{"class_id":2,"confidence":0.9048764109611511,"x_center":0.12111715873082479,"y_center":0.5363509284125434,"width":0.24109176794687906,"height":0.2854565090603299,"source_id":0,"frame_num":195,"label":"car"},{"class_id":2,"confidence":0.5550635457038879,"x_center":0.24524006048838298,"y_center":0.48439965424714265,"width":0.060923560460408525,"height":0.0717623957881221,"source_id":0,"frame_num":195,"label":"car"},{"class_id":2,"confidence":0.27684131264686584,"x_center":0.3197381814320882,"y_center":0.47169537014431423,"width":0.027941417694091798,"height":0.027053324381510417,"source_id":0,"frame_num":195,"label":"car"}]}