{"schema_version":1,"timestamp_ms":1773270801363,"sequence":770,"detections":[{"class_id":2,"confidence":0.37287911772727966,"x_center":0.49730448722839354,"y_center":0.910521161114728,"width":0.9917187690734863,"height":0.16436711064091436,"source_id":0,"frame_num":770,"label":"car"},{"class_id":2,"confidence":0.28376227617263794,"x_center":0.40845731099446614,"y_center":0.4888086954752604,"width":0.018945693969726562,"height":0.03319939507378472,"source_id":0,"frame_num":770,"label":"car"}]}