{"schema_version":1,"timestamp_ms":1773270803538,"sequence":834,"detections":[{"class_id":2,"confidence":0.491462379693985,"x_center":0.4170553207397461,"y_center":0.4897112528483073,"width":0.027549362182617186,"height":0.02942589653862847,"source_id":0,"frame_num":834,"label":"car"},{"class_id":2,"confidence":0.33981865644454956,"x_center":0.504517920811971,"y_center":0.9110073513454862,"width":0.9870069185892741,"height":0.16318766276041666,"source_id":0,"frame_num":834,"label":"car"}]}