{"schema_version":1,"timestamp_ms":1773270783058,"sequence":258,"detections":[{"class_id":2,"confidence":0.7150116562843323,"x_center":0.12248580058415731,"y_center":0.5162923883508753,"width":0.10162285963694255,"height":0.12161964133933738,"source_id":0,"frame_num":258,"label":"car"},{"class_id":2,"confidence":0.29778194427490234,"x_center":0.3126897970835368,"y_center":0.5032259623209635,"width":0.024570369720458986,"height":0.03600582546657986,"source_id":0,"frame_num":258,"label":"car"},{"class_id":2,"confidence":0.2929779589176178,"x_center":0.28666604359944664,"y_center":0.4996528625488281,"width":0.02944526672363281,"height":0.03225724962022569,"source_id":0,"frame_num":258,"label":"car"}]}