{"schema_version":1,"timestamp_ms":1773270799574,"sequence":717,"detections":[{"class_id":2,"confidence":0.47774261236190796,"x_center":0.40485366185506183,"y_center":0.4920141997160735,"width":0.02086162567138672,"height":0.03563724093967014,"source_id":0,"frame_num":717,"label":"car"},{"class_id":2,"confidence":0.33308592438697815,"x_center":0.47215681076049804,"y_center":0.9119504010235822,"width":0.9441530227661132,"height":0.16616109212239583,"source_id":0,"frame_num":717,"label":"car"}]}