{"schema_version":1,"timestamp_ms":1773270801967,"sequence":787,"detections":[{"class_id":2,"confidence":0.3586873412132263,"x_center":0.4116517543792725,"y_center":0.489100095960829,"width":0.020770740509033204,"height":0.033372751871744794,"source_id":0,"frame_num":787,"label":"car"},{"class_id":2,"confidence":0.34622952342033386,"x_center":0.49605746269226075,"y_center":0.9145191333912037,"width":0.9907391548156739,"height":0.15895250108506945,"source_id":0,"frame_num":787,"label":"car"}]}