{"schema_version":1,"timestamp_ms":1773270799999,"sequence":730,"detections":[{"class_id":2,"confidence":0.34370627999305725,"x_center":0.13656914234161377,"y_center":0.5323298418963397,"width":0.03516392707824707,"height":0.03521417688440393,"source_id":0,"frame_num":730,"label":"car"},{"class_id":2,"confidence":0.26395347714424133,"x_center":0.406344731648763,"y_center":0.48963905617042824,"width":0.01886272430419922,"height":0.029327392578125,"source_id":0,"frame_num":730,"label":"car"}]}