{"schema_version":1,"timestamp_ms":1773270796924,"sequence":641,"detections":[{"class_id":2,"confidence":0.5212087631225586,"x_center":0.3882526079813639,"y_center":0.4919105529785156,"width":0.023298136393229165,"height":0.03218231201171875,"source_id":0,"frame_num":641,"label":"car"},{"class_id":2,"confidence":0.2884802222251892,"x_center":0.44885180791219076,"y_center":0.9114637304235388,"width":0.8977036158243815,"height":0.16449884485315394,"source_id":0,"frame_num":641,"label":"car"}]}