{"schema_version":1,"timestamp_ms":1773270808307,"sequence":968,"detections":[{"class_id":2,"confidence":0.720676064491272,"x_center":0.28699022928873696,"y_center":0.5200380819815177,"width":0.08275578816731771,"height":0.09250078554506655,"source_id":0,"frame_num":968,"label":"car"},{"class_id":2,"confidence":0.4944267272949219,"x_center":0.48104923566182456,"y_center":0.4919801500108507,"width":0.02631998062133789,"height":0.047310723198784724,"source_id":0,"frame_num":968,"label":"car"},{"class_id":2,"confidence":0.40783223509788513,"x_center":0.47080286343892414,"y_center":0.913790187129268,"width":0.9258149782816569,"height":0.16541301586009838,"source_id":0,"frame_num":968,"label":"car"}]}