{"schema_version":1,"timestamp_ms":1773270797749,"sequence":663,"detections":[{"class_id":2,"confidence":0.5856329798698425,"x_center":0.3933053493499756,"y_center":0.48977898491753474,"width":0.021927356719970703,"height":0.03279825846354167,"source_id":0,"frame_num":663,"label":"car"},{"class_id":2,"confidence":0.468662828207016,"x_center":0.7021701335906982,"y_center":0.9235135678891783,"width":0.384584903717041,"height":0.13378612377025462,"source_id":0,"frame_num":663,"label":"car"}]}