{"schema_version":1,"timestamp_ms":1773270805828,"sequence":901,"detections":[{"class_id":2,"confidence":0.47686970233917236,"x_center":0.37104352315266925,"y_center":0.4935005187988281,"width":0.028751564025878907,"height":0.03008880615234375,"source_id":0,"frame_num":901,"label":"car"},{"class_id":2,"confidence":0.28308144211769104,"x_center":0.4502131462097168,"y_center":0.9159245808919271,"width":0.9004262924194336,"height":0.15630594889322916,"source_id":0,"frame_num":901,"label":"car"},{"class_id":2,"confidence":0.28007271885871887,"x_center":0.44784841537475584,"y_center":0.489213788067853,"width":0.016927719116210938,"height":0.029030015733506945,"source_id":0,"frame_num":901,"label":"car"}]}