{"schema_version":1,"timestamp_ms":1773270799091,"sequence":703,"detections":[{"class_id":2,"confidence":0.40068319439888,"x_center":0.4476090749104818,"y_center":0.9073162220142506,"width":0.8952181498209636,"height":0.17455596923828126,"source_id":0,"frame_num":703,"label":"car"},{"class_id":2,"confidence":0.3036362826824188,"x_center":0.4034309228261312,"y_center":0.489565587926794,"width":0.02021932601928711,"height":0.03379742657696759,"source_id":0,"frame_num":703,"label":"car"}]}