{"schema_version":1,"timestamp_ms":1773270803408,"sequence":830,"detections":[{"class_id":2,"confidence":0.33430081605911255,"x_center":0.41519889831542967,"y_center":0.4907864605938947,"width":0.023189544677734375,"height":0.029503264250578705,"source_id":0,"frame_num":830,"label":"car"},{"class_id":2,"confidence":0.3203912079334259,"x_center":0.45307467778523763,"y_center":0.9137315538194445,"width":0.9061493555704753,"height":0.16023898654513888,"source_id":0,"frame_num":830,"label":"car"}]}