{"schema_version":1,"timestamp_ms":1773270809205,"sequence":993,"detections":[{"class_id":2,"confidence":0.8601848483085632,"x_center":0.0923786719640096,"y_center":0.6045374552408854,"width":0.1847573439280192,"height":0.30025804307725695,"source_id":0,"frame_num":993,"label":"car"},{"class_id":2,"confidence":0.2755414843559265,"x_center":0.7537725289662679,"y_center":0.9290282920554832,"width":0.49063584009806316,"height":0.12276503951461226,"source_id":0,"frame_num":993,"label":"car"},{"class_id":2,"confidence":0.2653975486755371,"x_center":0.5581089973449707,"y_center":0.9235271877712674,"width":0.8790037155151367,"height":0.14108039008246528,"source_id":0,"frame_num":993,"label":"car"}]}