{"schema_version":1,"timestamp_ms":1773270805268,"sequence":885,"detections":[{"class_id":2,"confidence":0.5553753972053528,"x_center":0.37598708470662434,"y_center":0.4913028293185764,"width":0.026065635681152343,"height":0.027727593315972222,"source_id":0,"frame_num":885,"label":"car"},{"class_id":2,"confidence":0.42820417881011963,"x_center":0.44035701751708983,"y_center":0.48664574799714266,"width":0.01680469512939453,"height":0.027597469753689235,"source_id":0,"frame_num":885,"label":"car"},{"class_id":2,"confidence":0.34690675139427185,"x_center":0.47321147918701173,"y_center":0.9156037789803965,"width":0.9464229583740235,"height":0.1619058679651331,"source_id":0,"frame_num":885,"label":"car"},{"class_id":2,"confidence":0.3244286775588989,"x_center":0.41776736577351886,"y_center":0.48675480595341436,"width":0.016335678100585938,"height":0.029229962384259258,"source_id":0,"frame_num":885,"label":"car"}]}