{"schema_version":1,"timestamp_ms":1773270803930,"sequence":845,"detections":[{"class_id":2,"confidence":0.5065946578979492,"x_center":0.4191795190175374,"y_center":0.4873180813259549,"width":0.02765626907348633,"height":0.028466118706597224,"source_id":0,"frame_num":845,"label":"car"},{"class_id":2,"confidence":0.3654520511627197,"x_center":0.5075141906738281,"y_center":0.9141430042408131,"width":0.9779773712158203,"height":0.15959625244140624,"source_id":0,"frame_num":845,"label":"car"}]}