{"schema_version":1,"timestamp_ms":1773270804463,"sequence":861,"detections":[{"class_id":2,"confidence":0.4768337309360504,"x_center":0.4281332969665527,"y_center":0.4879379837601273,"width":0.02462310791015625,"height":0.026225111219618055,"source_id":0,"frame_num":861,"label":"car"},{"class_id":2,"confidence":0.37295013666152954,"x_center":0.4212738037109375,"y_center":0.4880639676694517,"width":0.03201007843017578,"height":0.029642712628399886,"source_id":0,"frame_num":861,"label":"car"},{"class_id":2,"confidence":0.34138718247413635,"x_center":0.38468178113301593,"y_center":0.4909539964463976,"width":0.0197969118754069,"height":0.02894100613064236,"source_id":0,"frame_num":861,"label":"car"}]}