{"schema_version":1,"timestamp_ms":1773270801607,"sequence":776,"detections":[{"class_id":2,"confidence":0.3953459560871124,"x_center":0.49738397598266604,"y_center":0.9120642202871817,"width":0.9941282272338867,"height":0.1711379439742477,"source_id":0,"frame_num":776,"label":"car"},{"class_id":2,"confidence":0.28156810998916626,"x_center":0.41013708114624026,"y_center":0.4903974462438513,"width":0.019552230834960938,"height":0.03177778455946181,"source_id":0,"frame_num":776,"label":"car"}]}