{"schema_version":1,"timestamp_ms":1773270811782,"sequence":1071,"detections":[{"class_id":2,"confidence":0.276610404253006,"x_center":0.5107739289601644,"y_center":0.9178845440899884,"width":0.965523115793864,"height":0.15786381474247685,"source_id":0,"frame_num":1071,"label":"car"}]}