{"schema_version":1,"timestamp_ms":1773270802617,"sequence":807,"detections":[{"class_id":2,"confidence":0.6267282366752625,"x_center":0.4129209359486898,"y_center":0.49025618941695603,"width":0.023755550384521484,"height":0.034798403139467596,"source_id":0,"frame_num":807,"label":"car"},{"class_id":2,"confidence":0.40427735447883606,"x_center":0.4568939208984375,"y_center":0.9054562038845486,"width":0.913787841796875,"height":0.17616712782118055,"source_id":0,"frame_num":807,"label":"car"}]}