{"schema_version":1,"timestamp_ms":1773270775597,"sequence":30,"detections":[{"class_id":11,"confidence":0.8566933870315552,"x_center":0.7248496373494466,"y_center":0.360622066921658,"width":0.047735341389973956,"height":0.08507588704427084,"source_id":0,"frame_num":30,"label":"stop sign"},{"class_id":2,"confidence":0.3492431342601776,"x_center":0.6572247505187988,"y_center":0.5091139758074725,"width":0.08288135528564453,"height":0.09104509706850406,"source_id":0,"frame_num":30,"label":"car"},{"class_id":7,"confidence":0.2659989595413208,"x_center":0.7216602643330892,"y_center":0.5036853225142868,"width":0.2104098637898763,"height":0.10930099487304687,"source_id":0,"frame_num":30,"label":"truck"},{"class_id":2,"confidence":0.2529620826244354,"x_center":0.40181716283162433,"y_center":0.48674179359718606,"width":0.02380218505859375,"height":0.026348679154007522,"source_id":0,"frame_num":30,"label":"car"}]}