{"schema_version":1,"timestamp_ms":1773270806968,"sequence":935,"detections":[{"class_id":2,"confidence":0.7386806607246399,"x_center":0.3507030963897705,"y_center":0.4991895605016638,"width":0.03614645004272461,"height":0.046104205096209494,"source_id":0,"frame_num":935,"label":"car"},{"class_id":2,"confidence":0.5274636149406433,"x_center":0.4708587169647217,"y_center":0.48884268866644964,"width":0.026753902435302734,"height":0.03760392930772569,"source_id":0,"frame_num":935,"label":"car"},{"class_id":2,"confidence":0.5080727338790894,"x_center":0.4387781620025635,"y_center":0.48979763454861114,"width":0.023818492889404297,"height":0.03161960177951389,"source_id":0,"frame_num":935,"label":"car"}]}