{"schema_version":1,"timestamp_ms":1773270805033,"sequence":878,"detections":[{"class_id":2,"confidence":0.4761565625667572,"x_center":0.5074462890625,"y_center":0.9174675835503472,"width":0.9830997467041016,"height":0.15539008246527777,"source_id":0,"frame_num":878,"label":"car"},{"class_id":2,"confidence":0.4033370912075043,"x_center":0.3785568078358968,"y_center":0.49134529961480033,"width":0.023665332794189455,"height":0.024796379937065974,"source_id":0,"frame_num":878,"label":"car"},{"class_id":2,"confidence":0.2593061923980713,"x_center":0.4374645233154297,"y_center":0.4879682187680845,"width":0.017690086364746095,"height":0.025592832212094907,"source_id":0,"frame_num":878,"label":"car"}]}