{"schema_version":1,"timestamp_ms":1773270802751,"sequence":811,"detections":[{"class_id":2,"confidence":0.5088580846786499,"x_center":0.41270793279012047,"y_center":0.49103020562065974,"width":0.025209808349609376,"height":0.032782660590277776,"source_id":0,"frame_num":811,"label":"car"},{"class_id":2,"confidence":0.4335072338581085,"x_center":0.496003532409668,"y_center":0.906728673864294,"width":0.992007064819336,"height":0.18046242042824073,"source_id":0,"frame_num":811,"label":"car"}]}