{"schema_version":1,"timestamp_ms":1773270804857,"sequence":873,"detections":[{"class_id":2,"confidence":0.3934426009654999,"x_center":0.38133935928344725,"y_center":0.4912533512821904,"width":0.020635414123535156,"height":0.027233717176649304,"source_id":0,"frame_num":873,"label":"car"},{"class_id":2,"confidence":0.29852908849716187,"x_center":0.5075179100036621,"y_center":0.9149727997956453,"width":0.9817388534545899,"height":0.16070517080801505,"source_id":0,"frame_num":873,"label":"car"}]}