{"schema_version":1,"timestamp_ms":1773270806275,"sequence":914,"detections":[{"class_id":2,"confidence":0.5409210324287415,"x_center":0.36624908447265625,"y_center":0.4955246819390191,"width":0.028900718688964842,"height":0.03569759792751736,"source_id":0,"frame_num":914,"label":"car"},{"class_id":2,"confidence":0.38702842593193054,"x_center":0.4465331077575684,"y_center":0.9145105715151186,"width":0.8930662155151368,"height":0.15822612621166088,"source_id":0,"frame_num":914,"label":"car"},{"class_id":2,"confidence":0.3655802011489868,"x_center":0.42792234420776365,"y_center":0.490052173755787,"width":0.019144248962402344,"height":0.027052250614872684,"source_id":0,"frame_num":914,"label":"car"}]}