{"schema_version":1,"timestamp_ms":1773270784894,"sequence":313,"detections":[{"class_id":2,"confidence":0.6253454685211182,"x_center":0.9246089935302735,"y_center":0.5465082804361979,"width":0.05376243591308594,"height":0.06167738172743056,"source_id":0,"frame_num":313,"label":"car"},{"class_id":2,"confidence":0.5594948530197144,"x_center":0.823452377319336,"y_center":0.5434110005696614,"width":0.1150604248046875,"height":0.11816931830512153,"source_id":0,"frame_num":313,"label":"car"},{"class_id":2,"confidence":0.3653183877468109,"x_center":0.9527029037475586,"y_center":0.5291577091923466,"width":0.026994705200195312,"height":0.03307500768590856,"source_id":0,"frame_num":313,"label":"car"},{"class_id":7,"confidence":0.35130998492240906,"x_center":0.8208513895670573,"y_center":0.5453904611093027,"width":0.11953506469726563,"height":0.11891530354817709,"source_id":0,"frame_num":313,"label":"truck"}]}