{"schema_version":1,"timestamp_ms":1773270804762,"sequence":870,"detections":[{"class_id":2,"confidence":0.40725407004356384,"x_center":0.3814810276031494,"y_center":0.49120472095630785,"width":0.019420719146728514,"height":0.02706332736545139,"source_id":0,"frame_num":870,"label":"car"},{"class_id":2,"confidence":0.26327160000801086,"x_center":0.41602001190185545,"y_center":0.48820068924515336,"width":0.017447662353515626,"height":0.02695996319806134,"source_id":0,"frame_num":870,"label":"car"},{"class_id":2,"confidence":0.2622413635253906,"x_center":0.43389533360799154,"y_center":0.487594152379919,"width":0.016341781616210936,"height":0.025721571180555555,"source_id":0,"frame_num":870,"label":"car"}]}