{"schema_version":1,"timestamp_ms":1773270777070,"sequence":75,"detections":[{"class_id":2,"confidence":0.6149057149887085,"x_center":0.639073928197225,"y_center":0.5097695103398076,"width":0.22488075892130535,"height":0.1399880020706742,"source_id":0,"frame_num":75,"label":"car"},{"class_id":2,"confidence":0.5388535261154175,"x_center":0.2865023136138916,"y_center":0.4679032926206236,"width":0.03442182540893555,"height":0.036474185519748265,"source_id":0,"frame_num":75,"label":"car"},{"class_id":7,"confidence":0.49424833059310913,"x_center":0.6381111780802409,"y_center":0.5107818038375289,"width":0.22439791361490885,"height":0.1413501880787037,"source_id":0,"frame_num":75,"label":"truck"}]}