{"schema_version":1,"timestamp_ms":1773270805486,"sequence":891,"detections":[{"class_id":2,"confidence":0.4358450174331665,"x_center":0.3755306084950765,"y_center":0.49134238914207173,"width":0.02707357406616211,"height":0.027418574580439815,"source_id":0,"frame_num":891,"label":"car"},{"class_id":2,"confidence":0.3973718285560608,"x_center":0.7445393562316894,"y_center":0.9191539905689381,"width":0.5057958602905274,"height":0.14358040138527198,"source_id":0,"frame_num":891,"label":"car"},{"class_id":2,"confidence":0.3909767270088196,"x_center":0.441825803120931,"y_center":0.48521687542950664,"width":0.016058921813964844,"height":0.02370077062536169,"source_id":0,"frame_num":891,"label":"car"},{"class_id":2,"confidence":0.3866063952445984,"x_center":0.41912126541137695,"y_center":0.4876646112512659,"width":0.01631450653076172,"height":0.028713791458695022,"source_id":0,"frame_num":891,"label":"car"}]}