{"schema_version":1,"timestamp_ms":1773270799272,"sequence":708,"detections":[{"class_id":2,"confidence":0.4559697210788727,"x_center":0.4042542775472005,"y_center":0.49077267116970485,"width":0.020273208618164062,"height":0.031136067708333333,"source_id":0,"frame_num":708,"label":"car"},{"class_id":2,"confidence":0.410989910364151,"x_center":0.5022666454315186,"y_center":0.909871843126085,"width":0.9752888679504395,"height":0.1665369669596354,"source_id":0,"frame_num":708,"label":"car"}]}