{"schema_version":1,"timestamp_ms":1773270809629,"sequence":1006,"detections":[{"class_id":2,"confidence":0.319540411233902,"x_center":0.7575154781341553,"y_center":0.9188886006673177,"width":0.4781529426574707,"height":0.14072621663411458,"source_id":0,"frame_num":1006,"label":"car"},{"class_id":2,"confidence":0.25260254740715027,"x_center":0.5020377159118652,"y_center":0.9186073868362992,"width":0.9867071151733399,"height":0.15467862729673032,"source_id":0,"frame_num":1006,"label":"car"}]}