{"schema_version":1,"timestamp_ms":1773270808239,"sequence":966,"detections":[{"class_id":2,"confidence":0.7841904759407043,"x_center":0.294543202718099,"y_center":0.518462993480541,"width":0.07738698323567708,"height":0.08886385317201968,"source_id":0,"frame_num":966,"label":"car"},{"class_id":2,"confidence":0.48190581798553467,"x_center":0.4806839942932129,"y_center":0.49157501503273293,"width":0.025667381286621094,"height":0.04347802621346933,"source_id":0,"frame_num":966,"label":"car"},{"class_id":2,"confidence":0.29614803194999695,"x_center":0.4510943412780762,"y_center":0.4912094540066189,"width":0.021380233764648437,"height":0.03568954467773437,"source_id":0,"frame_num":966,"label":"car"},{"class_id":2,"confidence":0.2545323669910431,"x_center":0.4917788823445638,"y_center":0.9100683141637731,"width":0.953738276163737,"height":0.16906580041956018,"source_id":0,"frame_num":966,"label":"car"}]}