{"schema_version":1,"timestamp_ms":1773270797126,"sequence":646,"detections":[{"class_id":2,"confidence":0.6221861839294434,"x_center":0.38916501998901365,"y_center":0.49291085137261287,"width":0.023183441162109374,"height":0.03136444091796875,"source_id":0,"frame_num":646,"label":"car"},{"class_id":2,"confidence":0.2810365557670593,"x_center":0.44653005599975587,"y_center":0.9133091961895978,"width":0.8930601119995117,"height":0.16106087013527198,"source_id":0,"frame_num":646,"label":"car"}]}