{"schema_version":1,"timestamp_ms":1773270811709,"sequence":1069,"detections":[{"class_id":2,"confidence":0.31113141775131226,"x_center":0.458694314956665,"y_center":0.9167263172290944,"width":0.9093619346618652,"height":0.1546595255533854,"source_id":0,"frame_num":1069,"label":"car"},{"class_id":2,"confidence":0.27672576904296875,"x_center":0.42097625732421873,"y_center":0.9389799895109954,"width":0.2068330764770508,"height":0.1182994701244213,"source_id":0,"frame_num":1069,"label":"car"}]}