{"schema_version":1,"timestamp_ms":1773270798706,"sequence":692,"detections":[{"class_id":2,"confidence":0.37288203835487366,"x_center":0.4009430408477783,"y_center":0.48919236924913195,"width":0.023632144927978514,"height":0.03632710774739583,"source_id":0,"frame_num":692,"label":"car"},{"class_id":2,"confidence":0.27616509795188904,"x_center":0.4600677490234375,"y_center":0.9233199508101851,"width":0.8901630401611328,"height":0.14562965675636574,"source_id":0,"frame_num":692,"label":"car"}]}