{"schema_version":1,"timestamp_ms":1773270802923,"sequence":816,"detections":[{"class_id":2,"confidence":0.6042978763580322,"x_center":0.4128402233123779,"y_center":0.4919897856535735,"width":0.025722599029541014,"height":0.03082507098162616,"source_id":0,"frame_num":816,"label":"car"},{"class_id":2,"confidence":0.390604704618454,"x_center":0.4925467809041341,"y_center":0.9100925586841725,"width":0.9841601053873698,"height":0.1719714129412616,"source_id":0,"frame_num":816,"label":"car"}]}