{"schema_version":1,"timestamp_ms":1773270807770,"sequence":953,"detections":[{"class_id":2,"confidence":0.8464640974998474,"x_center":0.32700085639953613,"y_center":0.5073620972809968,"width":0.05525026321411133,"height":0.06761788262261284,"source_id":0,"frame_num":953,"label":"car"},{"class_id":2,"confidence":0.5318647623062134,"x_center":0.44604557355244956,"y_center":0.4925806681315104,"width":0.020319080352783202,"height":0.038142225477430555,"source_id":0,"frame_num":953,"label":"car"},{"class_id":2,"confidence":0.3806459307670593,"x_center":0.47782373428344727,"y_center":0.4893524169921875,"width":0.0257415771484375,"height":0.05008104112413195,"source_id":0,"frame_num":953,"label":"car"},{"class_id":2,"confidence":0.35730645060539246,"x_center":0.4559964497884115,"y_center":0.916146144160518,"width":0.911992899576823,"height":0.1543710779260706,"source_id":0,"frame_num":953,"label":"car"}]}