{"schema_version":1,"timestamp_ms":1773270812092,"sequence":1081,"detections":[{"class_id":2,"confidence":0.4503990411758423,"x_center":0.5311007181803385,"y_center":0.4879496115225333,"width":0.024070231119791667,"height":0.03248079087999132,"source_id":0,"frame_num":1081,"label":"car"},{"class_id":2,"confidence":0.27806803584098816,"x_center":0.7608434677124023,"y_center":0.9243092854817708,"width":0.47644615173339844,"height":0.13769599066840277,"source_id":0,"frame_num":1081,"label":"car"}]}