{"schema_version":1,"timestamp_ms":1773270782536,"sequence":242,"detections":[{"class_id":2,"confidence":0.7973576784133911,"x_center":0.9521743774414062,"y_center":0.5609178613733362,"width":0.09475669860839844,"height":0.24357305456090855,"source_id":0,"frame_num":242,"label":"car"},{"class_id":2,"confidence":0.7478510737419128,"x_center":0.19526069164276122,"y_center":0.5086526234944662,"width":0.08555569648742675,"height":0.11036165025499133,"source_id":0,"frame_num":242,"label":"car"},{"class_id":7,"confidence":0.46784400939941406,"x_center":0.19528745810190837,"y_center":0.5093739827473959,"width":0.08617587089538574,"height":0.10997653537326389,"source_id":0,"frame_num":242,"label":"truck"},{"class_id":2,"confidence":0.25588279962539673,"x_center":0.332925287882487,"y_center":0.4926213864926939,"width":0.03037370045979818,"height":0.03770056830512153,"source_id":0,"frame_num":242,"label":"car"}]}