{"schema_version":1,"timestamp_ms":1773270809131,"sequence":991,"detections":[{"class_id":2,"confidence":0.9056212306022644,"x_center":0.10503110885620118,"y_center":0.5887153625488282,"width":0.2097029685974121,"height":0.25772315131293405,"source_id":0,"frame_num":991,"label":"car"},{"class_id":2,"confidence":0.3145601749420166,"x_center":0.5063877900441488,"y_center":0.9197239911114728,"width":0.9836913744608561,"height":0.14790915030020255,"source_id":0,"frame_num":991,"label":"car"}]}