{"schema_version":1,"timestamp_ms":1773270781909,"sequence":222,"detections":[{"class_id":2,"confidence":0.8371500968933105,"x_center":0.6357531547546387,"y_center":0.5510326244212963,"width":0.4250520706176758,"height":0.266799474645544,"source_id":0,"frame_num":222,"label":"car"},{"class_id":2,"confidence":0.6040133833885193,"x_center":0.2290449857711792,"y_center":0.49935794406467016,"width":0.07149567604064941,"height":0.09892917209201389,"source_id":0,"frame_num":222,"label":"car"},{"class_id":2,"confidence":0.3317330777645111,"x_center":0.35067861874898276,"y_center":0.4871742107250072,"width":0.025006516774495443,"height":0.026709973370587385,"source_id":0,"frame_num":222,"label":"car"},{"class_id":2,"confidence":0.32582589983940125,"x_center":0.3729072093963623,"y_center":0.48690735145851416,"width":0.026628398895263673,"height":0.03463064123083044,"source_id":0,"frame_num":222,"label":"car"}]}