{"schema_version":1,"timestamp_ms":1773270807184,"sequence":938,"detections":[{"class_id":2,"confidence":0.7660242319107056,"x_center":0.3482693672180176,"y_center":0.5009412129720052,"width":0.03919143676757812,"height":0.045300123426649304,"source_id":0,"frame_num":938,"label":"car"},{"class_id":2,"confidence":0.47439369559288025,"x_center":0.47198925018310545,"y_center":0.48871708622685184,"width":0.027225685119628907,"height":0.03881180374710648,"source_id":0,"frame_num":938,"label":"car"},{"class_id":2,"confidence":0.29354748129844666,"x_center":0.4393371899922689,"y_center":0.4896967569986979,"width":0.021726417541503906,"height":0.033635118272569445,"source_id":0,"frame_num":938,"label":"car"}]}