{"schema_version":1,"timestamp_ms":1773270775567,"sequence":29,"detections":[{"class_id":11,"confidence":0.7633013725280762,"x_center":0.7192277908325195,"y_center":0.36060337490505645,"width":0.047502899169921876,"height":0.08401989407009548,"source_id":0,"frame_num":29,"label":"stop sign"},{"class_id":2,"confidence":0.33103692531585693,"x_center":0.6583958625793457,"y_center":0.507751789799443,"width":0.08740177154541015,"height":0.09762180469654225,"source_id":0,"frame_num":29,"label":"car"},{"class_id":5,"confidence":0.2504662573337555,"x_center":0.7171188990275065,"y_center":0.5014794950132017,"width":0.20324134826660156,"height":0.10816952740704572,"source_id":0,"frame_num":29,"label":"bus"}]}