{"schema_version":1,"timestamp_ms":1773270798504,"sequence":686,"detections":[{"class_id":2,"confidence":0.3616398572921753,"x_center":0.3997797648111979,"y_center":0.4882126843487775,"width":0.023340543111165363,"height":0.0332066571270978,"source_id":0,"frame_num":686,"label":"car"},{"class_id":2,"confidence":0.3413054049015045,"x_center":0.46280911763509114,"y_center":0.9190727799027054,"width":0.9200182596842448,"height":0.15367798981843173,"source_id":0,"frame_num":686,"label":"car"}]}