{"schema_version":1,"timestamp_ms":1773270800416,"sequence":741,"detections":[{"class_id":2,"confidence":0.48859140276908875,"x_center":0.09372875690460206,"y_center":0.5402052985297309,"width":0.03563394546508789,"height":0.040707906087239586,"source_id":0,"frame_num":741,"label":"car"},{"class_id":2,"confidence":0.34311643242836,"x_center":0.4661919593811035,"y_center":0.9178213896574797,"width":0.932383918762207,"height":0.15370409930193865,"source_id":0,"frame_num":741,"label":"car"}]}