{"schema_version":1,"timestamp_ms":1773270806928,"sequence":934,"detections":[{"class_id":2,"confidence":0.66944819688797,"x_center":0.3522852738698324,"y_center":0.4993385880081742,"width":0.036165078481038414,"height":0.04439307318793403,"source_id":0,"frame_num":934,"label":"car"},{"class_id":2,"confidence":0.5396257042884827,"x_center":0.47023448944091795,"y_center":0.4889928181966146,"width":0.027797698974609375,"height":0.03777262369791667,"source_id":0,"frame_num":934,"label":"car"},{"class_id":2,"confidence":0.5114374160766602,"x_center":0.43778371810913086,"y_center":0.4892651734528718,"width":0.02247447967529297,"height":0.032216361716941554,"source_id":0,"frame_num":934,"label":"car"}]}