{"schema_version":1,"timestamp_ms":1773270806082,"sequence":908,"detections":[{"class_id":0,"confidence":0.4373866021633148,"x_center":0.16613554159800212,"y_center":0.5269286261664496,"width":0.0248136043548584,"height":0.05205332438151042,"source_id":0,"frame_num":908,"label":"person"},{"class_id":2,"confidence":0.3346725106239319,"x_center":0.4257816314697266,"y_center":0.4899749473289207,"width":0.020199394226074217,"height":0.030039073802806713,"source_id":0,"frame_num":908,"label":"car"},{"class_id":2,"confidence":0.30243226885795593,"x_center":0.36852606137593585,"y_center":0.4945812366626881,"width":0.02960093816121419,"height":0.033841111924913195,"source_id":0,"frame_num":908,"label":"car"},{"class_id":2,"confidence":0.30017995834350586,"x_center":0.45256690979003905,"y_center":0.9137144300672743,"width":0.9051338195800781,"height":0.16265970865885418,"source_id":0,"frame_num":908,"label":"car"}]}