{"schema_version":1,"timestamp_ms":1773270807697,"sequence":951,"detections":[{"class_id":2,"confidence":0.778256893157959,"x_center":0.331386931737264,"y_center":0.5059240270543981,"width":0.04973592758178711,"height":0.0619415283203125,"source_id":0,"frame_num":951,"label":"car"},{"class_id":2,"confidence":0.4343678653240204,"x_center":0.4458789825439453,"y_center":0.49243929827654803,"width":0.021107292175292967,"height":0.039344109429253475,"source_id":0,"frame_num":951,"label":"car"},{"class_id":2,"confidence":0.3440033197402954,"x_center":0.4947724183400472,"y_center":0.9089875680428964,"width":0.9821540514628092,"height":0.166138995135272,"source_id":0,"frame_num":951,"label":"car"},{"class_id":2,"confidence":0.2522178590297699,"x_center":0.47693026860555016,"y_center":0.4895418802897135,"width":0.024642562866210936,"height":0.04727291531032986,"source_id":0,"frame_num":951,"label":"car"}]}