{"schema_version":1,"timestamp_ms":1773270811380,"sequence":1059,"detections":[{"class_id":2,"confidence":0.37447020411491394,"x_center":0.4526693344116211,"y_center":0.9181633843315973,"width":0.9019481658935546,"height":0.15108439127604167,"source_id":0,"frame_num":1059,"label":"car"},{"class_id":2,"confidence":0.2574996054172516,"x_center":0.42103613217671715,"y_center":0.9430085358796296,"width":0.19986327489217123,"height":0.10977150245949074,"source_id":0,"frame_num":1059,"label":"car"}]}