{"schema_version":1,"timestamp_ms":1773270800383,"sequence":740,"detections":[{"class_id":2,"confidence":0.3704596161842346,"x_center":0.10180473327636719,"y_center":0.5405134695547599,"width":0.028923559188842773,"height":0.03696724220558449,"source_id":0,"frame_num":740,"label":"car"},{"class_id":2,"confidence":0.3261687159538269,"x_center":0.0946590781211853,"y_center":0.5407442728678385,"width":0.043964600563049315,"height":0.038479783799913195,"source_id":0,"frame_num":740,"label":"car"},{"class_id":2,"confidence":0.32220301032066345,"x_center":0.47553434371948244,"y_center":0.918013932969835,"width":0.9510686874389649,"height":0.1529539320203993,"source_id":0,"frame_num":740,"label":"car"},{"class_id":2,"confidence":0.26048365235328674,"x_center":0.7579273700714111,"y_center":0.9227534823947483,"width":0.48096113204956054,"height":0.1342198689778646,"source_id":0,"frame_num":740,"label":"car"}]}