{"schema_version":1,"timestamp_ms":1773270799610,"sequence":718,"detections":[{"class_id":2,"confidence":0.4875084161758423,"x_center":0.4050178368886312,"y_center":0.49192434240270544,"width":0.020450496673583986,"height":0.033999464246961805,"source_id":0,"frame_num":718,"label":"car"},{"class_id":2,"confidence":0.31279897689819336,"x_center":0.4708815574645996,"y_center":0.9138747886375145,"width":0.9417631149291992,"height":0.16630175555193866,"source_id":0,"frame_num":718,"label":"car"}]}