{"schema_version":1,"timestamp_ms":1773270798469,"sequence":685,"detections":[{"class_id":2,"confidence":0.2962023615837097,"x_center":0.39950884183247887,"y_center":0.48850181014449506,"width":0.02164621353149414,"height":0.03198527583369502,"source_id":0,"frame_num":685,"label":"car"},{"class_id":2,"confidence":0.2573777735233307,"x_center":0.4491231918334961,"y_center":0.919725008364077,"width":0.8982463836669922,"height":0.15316495542173034,"source_id":0,"frame_num":685,"label":"car"}]}