{"schema_version":1,"timestamp_ms":1773270807553,"sequence":947,"detections":[{"class_id":2,"confidence":0.8011344075202942,"x_center":0.3374059041341146,"y_center":0.5040366561324509,"width":0.04523932139078776,"height":0.056309057165075234,"source_id":0,"frame_num":947,"label":"car"},{"class_id":2,"confidence":0.5529147386550903,"x_center":0.4436648368835449,"y_center":0.49008270546242044,"width":0.01994915008544922,"height":0.034707274260344326,"source_id":0,"frame_num":947,"label":"car"},{"class_id":7,"confidence":0.3526732921600342,"x_center":0.47583656311035155,"y_center":0.48949559529622394,"width":0.025552940368652344,"height":0.04565005832248264,"source_id":0,"frame_num":947,"label":"truck"},{"class_id":11,"confidence":0.25474366545677185,"x_center":0.8488433519999187,"y_center":0.3633535597059462,"width":0.02585430145263672,"height":0.06713443332248265,"source_id":0,"frame_num":947,"label":"stop sign"}]}