{"schema_version":1,"timestamp_ms":1773270808453,"sequence":972,"detections":[{"class_id":2,"confidence":0.7473180890083313,"x_center":0.2707134167353312,"y_center":0.5263959672715929,"width":0.09430073102315267,"height":0.10697708129882813,"source_id":0,"frame_num":972,"label":"car"},{"class_id":2,"confidence":0.4121853709220886,"x_center":0.4626909255981445,"y_center":0.9092973214608652,"width":0.9131885528564453,"height":0.17062903510199653,"source_id":0,"frame_num":972,"label":"car"},{"class_id":2,"confidence":0.31568753719329834,"x_center":0.4819096883138021,"y_center":0.4943996712013527,"width":0.02625102996826172,"height":0.046425854718243634,"source_id":0,"frame_num":972,"label":"car"}]}