{"schema_version":1,"timestamp_ms":1773270805901,"sequence":903,"detections":[{"class_id":2,"confidence":0.5753558874130249,"x_center":0.370431121190389,"y_center":0.4929220128942419,"width":0.027211666107177734,"height":0.030692545572916667,"source_id":0,"frame_num":903,"label":"car"},{"class_id":2,"confidence":0.3238968849182129,"x_center":0.494636329015096,"y_center":0.9132302743417245,"width":0.9888925234476725,"height":0.16640873661747685,"source_id":0,"frame_num":903,"label":"car"}]}