{"schema_version":1,"timestamp_ms":1773270808764,"sequence":981,"detections":[{"class_id":2,"confidence":0.8460484147071838,"x_center":0.21330252488454182,"y_center":0.5413154036910446,"width":0.13950708707173665,"height":0.14494408501519096,"source_id":0,"frame_num":981,"label":"car"},{"class_id":2,"confidence":0.2937588095664978,"x_center":0.501102336247762,"y_center":0.9199266221788195,"width":0.9762241045633951,"height":0.14898749457465277,"source_id":0,"frame_num":981,"label":"car"}]}