{"schema_version":1,"timestamp_ms":1773270803795,"sequence":841,"detections":[{"class_id":2,"confidence":0.46395552158355713,"x_center":0.4178027153015137,"y_center":0.4883934586136429,"width":0.02652111053466797,"height":0.029172148527922454,"source_id":0,"frame_num":841,"label":"car"},{"class_id":2,"confidence":0.3337508738040924,"x_center":0.4561716874440511,"y_center":0.9135131270797164,"width":0.8690520922342936,"height":0.15820866337528935,"source_id":0,"frame_num":841,"label":"car"}]}