{"schema_version":1,"timestamp_ms":1773270808625,"sequence":977,"detections":[{"class_id":2,"confidence":0.6956789493560791,"x_center":0.24263357321421306,"y_center":0.5316959239818432,"width":0.11452088356018067,"height":0.12193145751953124,"source_id":0,"frame_num":977,"label":"car"},{"class_id":2,"confidence":0.3293853998184204,"x_center":0.5076933383941651,"y_center":0.9191001326949508,"width":0.9680617332458497,"height":0.14972969337745948,"source_id":0,"frame_num":977,"label":"car"}]}