{"schema_version":1,"timestamp_ms":1773270803236,"sequence":825,"detections":[{"class_id":2,"confidence":0.41003158688545227,"x_center":0.4145524342854818,"y_center":0.48948295028121386,"width":0.02532825469970703,"height":0.03214430632414641,"source_id":0,"frame_num":825,"label":"car"},{"class_id":2,"confidence":0.39399561285972595,"x_center":0.5053594430287679,"y_center":0.9138507136592159,"width":0.9759748140970866,"height":0.16258200186270255,"source_id":0,"frame_num":825,"label":"car"}]}