{"schema_version":1,"timestamp_ms":1773270797506,"sequence":656,"detections":[{"class_id":2,"confidence":0.47535592317581177,"x_center":0.7537143707275391,"y_center":0.9193486814145688,"width":0.48549423217773435,"height":0.1394174646448206,"source_id":0,"frame_num":656,"label":"car"},{"class_id":2,"confidence":0.43259280920028687,"x_center":0.3917822519938151,"y_center":0.4902910868326823,"width":0.02064660390218099,"height":0.03436058892144097,"source_id":0,"frame_num":656,"label":"car"}]}