{"schema_version":1,"timestamp_ms":1773270776976,"sequence":72,"detections":[{"class_id":2,"confidence":0.80074143409729,"x_center":0.6497987747192383,"y_center":0.5082440694173177,"width":0.22059288024902343,"height":0.13891482883029513,"source_id":0,"frame_num":72,"label":"car"},{"class_id":2,"confidence":0.7186600565910339,"x_center":0.2909096240997314,"y_center":0.47011819062409577,"width":0.028290653228759767,"height":0.03308492589879919,"source_id":0,"frame_num":72,"label":"car"}]}