{"schema_version":1,"timestamp_ms":1773270789830,"sequence":443,"detections":[{"class_id":2,"confidence":0.7140693068504333,"x_center":0.10101128816604614,"y_center":0.5169218133997034,"width":0.08077189922332764,"height":0.09326660721390335,"source_id":0,"frame_num":443,"label":"car"},{"class_id":2,"confidence":0.6390240788459778,"x_center":0.2934120019276937,"y_center":0.5103828995316116,"width":0.03943827946980794,"height":0.04381798638237847,"source_id":0,"frame_num":443,"label":"car"},{"class_id":2,"confidence":0.5785871148109436,"x_center":0.2197556972503662,"y_center":0.5001952842429832,"width":0.03204917907714844,"height":0.04028506808810764,"source_id":0,"frame_num":443,"label":"car"},{"class_id":2,"confidence":0.5308330655097961,"x_center":0.9285626411437988,"y_center":0.49196029945656106,"width":0.1419881820678711,"height":0.24616848980938946,"source_id":0,"frame_num":443,"label":"car"}]}