{"schema_version":1,"timestamp_ms":1773270778574,"sequence":120,"detections":[{"class_id":2,"confidence":0.742876410484314,"x_center":0.2865091323852539,"y_center":0.5380521421079283,"width":0.41008892059326174,"height":0.3027440954137732,"source_id":0,"frame_num":120,"label":"car"},{"class_id":2,"confidence":0.27327635884284973,"x_center":0.5120727380116781,"y_center":0.9151107788085937,"width":0.9667005221048991,"height":0.1591094970703125,"source_id":0,"frame_num":120,"label":"car"}]}