{"schema_version":1,"timestamp_ms":1773270796512,"sequence":629,"detections":[{"class_id":2,"confidence":0.8293627500534058,"x_center":0.060283231735229495,"y_center":0.6408125559488932,"width":0.12043910026550293,"height":0.35045869615342884,"source_id":0,"frame_num":629,"label":"car"},{"class_id":2,"confidence":0.3847552537918091,"x_center":0.3862554709116618,"y_center":0.4937183521412037,"width":0.02087087631225586,"height":0.035347832573784724,"source_id":0,"frame_num":629,"label":"car"},{"class_id":2,"confidence":0.37993907928466797,"x_center":0.4548030853271484,"y_center":0.9094589233398438,"width":0.8686126708984375,"height":0.17083977593315972,"source_id":0,"frame_num":629,"label":"car"}]}