{"schema_version":1,"timestamp_ms":1773270802367,"sequence":799,"detections":[{"class_id":2,"confidence":0.4720304608345032,"x_center":0.49123544692993165,"y_center":0.9079081782588252,"width":0.9824708938598633,"height":0.1762615062572338,"source_id":0,"frame_num":799,"label":"car"},{"class_id":2,"confidence":0.3729732930660248,"x_center":0.41284923553466796,"y_center":0.492017251473886,"width":0.022811317443847658,"height":0.03383839925130208,"source_id":0,"frame_num":799,"label":"car"}]}