{"schema_version":1,"timestamp_ms":1773270806555,"sequence":923,"detections":[{"class_id":2,"confidence":0.639860987663269,"x_center":0.3615309556325277,"y_center":0.49929801093207465,"width":0.03074197769165039,"height":0.03672400580512153,"source_id":0,"frame_num":923,"label":"car"},{"class_id":2,"confidence":0.5431635975837708,"x_center":0.43034375508626305,"y_center":0.489802325213397,"width":0.018418312072753906,"height":0.026923172562210648,"source_id":0,"frame_num":923,"label":"car"},{"class_id":2,"confidence":0.2560521364212036,"x_center":0.49462642669677737,"y_center":0.9169817606608073,"width":0.9876808166503906,"height":0.1535676744249132,"source_id":0,"frame_num":923,"label":"car"}]}