{"schema_version":1,"timestamp_ms":1773270800839,"sequence":754,"detections":[{"class_id":2,"confidence":0.41711097955703735,"x_center":0.01859234571456909,"y_center":0.5544737921820746,"width":0.03693301677703857,"height":0.06432783338758681,"source_id":0,"frame_num":754,"label":"car"},{"class_id":2,"confidence":0.276722252368927,"x_center":0.4549174626668294,"y_center":0.9149974964283131,"width":0.9098349253336588,"height":0.1582254480432581,"source_id":0,"frame_num":754,"label":"car"}]}