{"schema_version":1,"timestamp_ms":1773270783026,"sequence":257,"detections":[{"class_id":2,"confidence":0.6920210123062134,"x_center":0.12893702586491904,"y_center":0.5146915011935764,"width":0.10019005934397379,"height":0.11962246365017361,"source_id":0,"frame_num":257,"label":"car"},{"class_id":2,"confidence":0.3281019330024719,"x_center":0.2575402736663818,"y_center":0.4946088720251013,"width":0.019355106353759765,"height":0.027288987901475693,"source_id":0,"frame_num":257,"label":"car"},{"class_id":2,"confidence":0.26820477843284607,"x_center":0.20589871406555177,"y_center":0.49293478506582755,"width":0.02183256149291992,"height":0.028760782877604165,"source_id":0,"frame_num":257,"label":"car"}]}