{"schema_version":1,"timestamp_ms":1773270799875,"sequence":726,"detections":[{"class_id":2,"confidence":0.3386315703392029,"x_center":0.15264476935068766,"y_center":0.5284134476273148,"width":0.029200983047485352,"height":0.03445445873119213,"source_id":0,"frame_num":726,"label":"car"},{"class_id":2,"confidence":0.331879585981369,"x_center":0.40597232182820636,"y_center":0.4899078086570457,"width":0.01940498352050781,"height":0.03053775363498264,"source_id":0,"frame_num":726,"label":"car"},{"class_id":2,"confidence":0.2811020016670227,"x_center":0.4550595283508301,"y_center":0.9148276152434173,"width":0.9101190567016602,"height":0.16419604266131366,"source_id":0,"frame_num":726,"label":"car"}]}