{"schema_version":1,"timestamp_ms":1773270778947,"sequence":132,"detections":[{"class_id":2,"confidence":0.8546556830406189,"x_center":0.18255894978841145,"y_center":0.583024427625868,"width":0.36391207377115886,"height":0.4539913601345486,"source_id":0,"frame_num":132,"label":"car"},{"class_id":2,"confidence":0.3269746005535126,"x_center":0.3750084718068441,"y_center":0.469794026127568,"width":0.025322628021240235,"height":0.03813321148907697,"source_id":0,"frame_num":132,"label":"car"}]}