{"schema_version":1,"timestamp_ms":1773270798953,"sequence":699,"detections":[{"class_id":2,"confidence":0.3450770080089569,"x_center":0.40199173291524254,"y_center":0.49104850203902634,"width":0.02259677251180013,"height":0.03673923633716725,"source_id":0,"frame_num":699,"label":"car"},{"class_id":2,"confidence":0.34121885895729065,"x_center":0.49565925598144533,"y_center":0.9053603560836226,"width":0.98922119140625,"height":0.17038755063657407,"source_id":0,"frame_num":699,"label":"car"}]}