{"schema_version":1,"timestamp_ms":1773270805129,"sequence":881,"detections":[{"class_id":2,"confidence":0.5690369009971619,"x_center":0.37764323552449547,"y_center":0.49054022894965277,"width":0.023198318481445313,"height":0.026384141710069444,"source_id":0,"frame_num":881,"label":"car"},{"class_id":2,"confidence":0.3978211581707001,"x_center":0.48860507011413573,"y_center":0.9123544481065539,"width":0.97201509475708,"height":0.16268191867404513,"source_id":0,"frame_num":881,"label":"car"},{"class_id":2,"confidence":0.3688596785068512,"x_center":0.4385972023010254,"y_center":0.48762732611762155,"width":0.017249298095703126,"height":0.026976521809895834,"source_id":0,"frame_num":881,"label":"car"},{"class_id":2,"confidence":0.2739883065223694,"x_center":0.41697115898132325,"y_center":0.4877595406991464,"width":0.01605978012084961,"height":0.02659725613064236,"source_id":0,"frame_num":881,"label":"car"}]}