{"schema_version":1,"timestamp_ms":1773270797008,"sequence":643,"detections":[{"class_id":2,"confidence":0.49659276008605957,"x_center":0.3883633772532145,"y_center":0.4912301805284288,"width":0.023460547129313152,"height":0.03183203803168403,"source_id":0,"frame_num":643,"label":"car"},{"class_id":2,"confidence":0.2561463713645935,"x_center":0.47118139266967773,"y_center":0.9107650756835938,"width":0.9423627853393555,"height":0.16765713161892362,"source_id":0,"frame_num":643,"label":"car"}]}