{"schema_version":1,"timestamp_ms":1773270807305,"sequence":941,"detections":[{"class_id":2,"confidence":0.7441350817680359,"x_center":0.34456624984741213,"y_center":0.5037070945457176,"width":0.041406440734863284,"height":0.04989081488715278,"source_id":0,"frame_num":941,"label":"car"},{"class_id":2,"confidence":0.4649745523929596,"x_center":0.44138641357421876,"y_center":0.48945319564254197,"width":0.021569252014160156,"height":0.03387041445131655,"source_id":0,"frame_num":941,"label":"car"},{"class_id":2,"confidence":0.43565428256988525,"x_center":0.4722047170003255,"y_center":0.48769156844527634,"width":0.025469207763671876,"height":0.03894735265661169,"source_id":0,"frame_num":941,"label":"car"},{"class_id":2,"confidence":0.32416224479675293,"x_center":0.5022182464599609,"y_center":0.9169301350911458,"width":0.9776561737060547,"height":0.1562160915798611,"source_id":0,"frame_num":941,"label":"car"}]}