{"schema_version":1,"timestamp_ms":1773270778985,"sequence":133,"detections":[{"class_id":2,"confidence":0.759226381778717,"x_center":0.17547886371612548,"y_center":0.5849535200330946,"width":0.35080275535583494,"height":0.45894834730360246,"source_id":0,"frame_num":133,"label":"car"},{"class_id":7,"confidence":0.46672916412353516,"x_center":0.17551900148391725,"y_center":0.5848092820909289,"width":0.35019242763519287,"height":0.46055009629991317,"source_id":0,"frame_num":133,"label":"truck"},{"class_id":0,"confidence":0.28638267517089844,"x_center":0.12069859107335408,"y_center":0.43671348006637006,"width":0.03864187399546305,"height":0.07743849577727141,"source_id":0,"frame_num":133,"label":"person"},{"class_id":0,"confidence":0.2783494293689728,"x_center":0.1310654362042745,"y_center":0.43790615223072193,"width":0.056365195910135904,"height":0.08218770910192419,"source_id":0,"frame_num":133,"label":"person"}]}