{"schema_version":1,"timestamp_ms":1773270804888,"sequence":874,"detections":[{"class_id":2,"confidence":0.38341400027275085,"x_center":0.5079228401184082,"y_center":0.9177556073224103,"width":0.979829216003418,"height":0.15518454092520254,"source_id":0,"frame_num":874,"label":"car"},{"class_id":2,"confidence":0.3796515166759491,"x_center":0.3805106004079183,"y_center":0.49064209549515336,"width":0.020324166615804037,"height":0.02599978976779514,"source_id":0,"frame_num":874,"label":"car"}]}