{"schema_version":1,"timestamp_ms":1773270806212,"sequence":912,"detections":[{"class_id":2,"confidence":0.4987141788005829,"x_center":0.36718522707621254,"y_center":0.49429945769133393,"width":0.02933530807495117,"height":0.03598706280743634,"source_id":0,"frame_num":912,"label":"car"},{"class_id":2,"confidence":0.4275089502334595,"x_center":0.49372339248657227,"y_center":0.9116266603823061,"width":0.9857786178588868,"height":0.16637906674985534,"source_id":0,"frame_num":912,"label":"car"},{"class_id":2,"confidence":0.39770567417144775,"x_center":0.42757339477539064,"y_center":0.4901064837420428,"width":0.019565010070800783,"height":0.029370569299768518,"source_id":0,"frame_num":912,"label":"car"}]}