{"schema_version":1,"timestamp_ms":1773270807988,"sequence":959,"detections":[{"class_id":2,"confidence":0.7958899140357971,"x_center":0.31420486768086753,"y_center":0.5126849139178241,"width":0.061969598134358726,"height":0.07087051956741898,"source_id":0,"frame_num":959,"label":"car"},{"class_id":2,"confidence":0.41892534494400024,"x_center":0.47927284240722656,"y_center":0.49157350328233507,"width":0.025144577026367188,"height":0.04933793809678819,"source_id":0,"frame_num":959,"label":"car"},{"class_id":2,"confidence":0.4083656966686249,"x_center":0.4489626248677572,"y_center":0.49196157102231625,"width":0.021907806396484375,"height":0.03729109587492766,"source_id":0,"frame_num":959,"label":"car"},{"class_id":2,"confidence":0.3634640574455261,"x_center":0.4537898381551107,"y_center":0.9153070520471643,"width":0.9075796763102214,"height":0.16301857277199075,"source_id":0,"frame_num":959,"label":"car"}]}