{"schema_version":1,"timestamp_ms":1773270775726,"sequence":33,"detections":[{"class_id":11,"confidence":0.7867629528045654,"x_center":0.73865966796875,"y_center":0.35472997029622394,"width":0.0495574951171875,"height":0.09042154947916667,"source_id":0,"frame_num":33,"label":"stop sign"},{"class_id":2,"confidence":0.275928795337677,"x_center":0.6757893562316895,"y_center":0.5082068266691985,"width":0.11513996124267578,"height":0.09383075855396412,"source_id":0,"frame_num":33,"label":"car"}]}