{"schema_version":1,"timestamp_ms":1773270798916,"sequence":698,"detections":[{"class_id":2,"confidence":0.4045877754688263,"x_center":0.4020549774169922,"y_center":0.49156121148003473,"width":0.02186412811279297,"height":0.037043253580729164,"source_id":0,"frame_num":698,"label":"car"},{"class_id":2,"confidence":0.30492374300956726,"x_center":0.4963857650756836,"y_center":0.9095816718207466,"width":0.9876747131347656,"height":0.1657196044921875,"source_id":0,"frame_num":698,"label":"car"}]}