{"schema_version":1,"timestamp_ms":1773270812252,"sequence":1086,"detections":[{"class_id":2,"confidence":0.3288467526435852,"x_center":0.760832150777181,"y_center":0.911564607973452,"width":0.4760691324869792,"height":0.156043780291522,"source_id":0,"frame_num":1086,"label":"car"},{"class_id":2,"confidence":0.29569751024246216,"x_center":0.5286892731984456,"y_center":0.48740351641619645,"width":0.024071216583251953,"height":0.03480035287362558,"source_id":0,"frame_num":1086,"label":"car"},{"class_id":2,"confidence":0.27750328183174133,"x_center":0.5312673568725585,"y_center":0.9124487982855902,"width":0.9276744842529296,"height":0.1635674370659722,"source_id":0,"frame_num":1086,"label":"car"}]}