{"schema_version":1,"timestamp_ms":1773270782192,"sequence":231,"detections":[{"class_id":2,"confidence":0.7895123362541199,"x_center":0.8216780662536621,"y_center":0.5571024435537832,"width":0.35624446868896487,"height":0.27086636578595197,"source_id":0,"frame_num":231,"label":"car"},{"class_id":2,"confidence":0.7369416356086731,"x_center":0.21772460142771402,"y_center":0.5014053768581814,"width":0.07673036257425944,"height":0.10024303860134548,"source_id":0,"frame_num":231,"label":"car"},{"class_id":2,"confidence":0.45940083265304565,"x_center":0.36989774703979494,"y_center":0.49180498476381657,"width":0.02546539306640625,"height":0.0326139662000868,"source_id":0,"frame_num":231,"label":"car"},{"class_id":2,"confidence":0.4458593428134918,"x_center":0.34734172821044923,"y_center":0.48934235749421295,"width":0.023679733276367188,"height":0.032576384367766206,"source_id":0,"frame_num":231,"label":"car"}]}