{"schema_version":1,"timestamp_ms":1773270807632,"sequence":949,"detections":[{"class_id":2,"confidence":0.7250646352767944,"x_center":0.33380295435587565,"y_center":0.5040752269603588,"width":0.0479611078898112,"height":0.0599010326244213,"source_id":0,"frame_num":949,"label":"car"},{"class_id":2,"confidence":0.5681626200675964,"x_center":0.4443174680074056,"y_center":0.49057174965187356,"width":0.02108154296875,"height":0.03494514182761863,"source_id":0,"frame_num":949,"label":"car"},{"class_id":2,"confidence":0.3577856123447418,"x_center":0.4922165870666504,"y_center":0.9131809375904224,"width":0.9780305862426758,"height":0.15923066315827547,"source_id":0,"frame_num":949,"label":"car"},{"class_id":7,"confidence":0.27690765261650085,"x_center":0.4759063720703125,"y_center":0.48883743286132814,"width":0.02574787139892578,"height":0.04517364501953125,"source_id":0,"frame_num":949,"label":"truck"}]}