{"schema_version":1,"timestamp_ms":1773270790620,"sequence":467,"detections":[{"class_id":2,"confidence":0.8003782629966736,"x_center":0.0588132381439209,"y_center":0.5220113542344835,"width":0.11632785797119141,"height":0.1226670159233941,"source_id":0,"frame_num":467,"label":"car"},{"class_id":2,"confidence":0.59883713722229,"x_center":0.23060533205668132,"y_center":0.49690752382631653,"width":0.02940521240234375,"height":0.040291058575665506,"source_id":0,"frame_num":467,"label":"car"},{"class_id":2,"confidence":0.541943371295929,"x_center":0.326087745030721,"y_center":0.5119314970793547,"width":0.04148092269897461,"height":0.043576558430989586,"source_id":0,"frame_num":467,"label":"car"}]}