{"schema_version":1,"timestamp_ms":1773270799195,"sequence":706,"detections":[{"class_id":2,"confidence":0.368034303188324,"x_center":0.45286006927490235,"y_center":0.9138032418710215,"width":0.9057201385498047,"height":0.16129822907624422,"source_id":0,"frame_num":706,"label":"car"},{"class_id":2,"confidence":0.36522769927978516,"x_center":0.40405038197835286,"y_center":0.4911773681640625,"width":0.020168876647949217,"height":0.0305511474609375,"source_id":0,"frame_num":706,"label":"car"}]}