{"schema_version":1,"timestamp_ms":1773270808164,"sequence":964,"detections":[{"class_id":2,"confidence":0.775598406791687,"x_center":0.30154329935709634,"y_center":0.5156960381401909,"width":0.07149581909179688,"height":0.08278639051649306,"source_id":0,"frame_num":964,"label":"car"},{"class_id":2,"confidence":0.5207533240318298,"x_center":0.48067455291748046,"y_center":0.49365853203667537,"width":0.02475605010986328,"height":0.04353552924262153,"source_id":0,"frame_num":964,"label":"car"},{"class_id":2,"confidence":0.4319850206375122,"x_center":0.45070889790852864,"y_center":0.49305764657479745,"width":0.022124671936035158,"height":0.037959572120949074,"source_id":0,"frame_num":964,"label":"car"},{"class_id":2,"confidence":0.3105427026748657,"x_center":0.4698437531789144,"y_center":0.915086195203993,"width":0.8958884874979655,"height":0.1591701931423611,"source_id":0,"frame_num":964,"label":"car"}]}