{"schema_version":1,"timestamp_ms":1773270776092,"sequence":44,"detections":[{"class_id":11,"confidence":0.9413909912109375,"x_center":0.8017083803812662,"y_center":0.33086433410644533,"width":0.05942058563232422,"height":0.1126480950249566,"source_id":0,"frame_num":44,"label":"stop sign"},{"class_id":2,"confidence":0.6666713356971741,"x_center":0.6987784385681153,"y_center":0.5092185408980758,"width":0.17601680755615234,"height":0.10454898410373265,"source_id":0,"frame_num":44,"label":"car"},{"class_id":2,"confidence":0.2567459046840668,"x_center":0.3479568163553874,"y_center":0.47425138685438367,"width":0.029041290283203125,"height":0.025581698947482637,"source_id":0,"frame_num":44,"label":"car"}]}