{"schema_version":1,"timestamp_ms":1773270804059,"sequence":849,"detections":[{"class_id":2,"confidence":0.39758068323135376,"x_center":0.5071671326955159,"y_center":0.9147918418601707,"width":0.9823768297831218,"height":0.1610666345666956,"source_id":0,"frame_num":849,"label":"car"},{"class_id":2,"confidence":0.3037264943122864,"x_center":0.4272638161977132,"y_center":0.48764603226273145,"width":0.019434452056884766,"height":0.025859578450520834,"source_id":0,"frame_num":849,"label":"car"}]}