{"schema_version":1,"timestamp_ms":1773270776183,"sequence":47,"detections":[{"class_id":11,"confidence":0.9320616722106934,"x_center":0.821625296274821,"y_center":0.3208551760073061,"width":0.06322256724039714,"height":0.11349323413990162,"source_id":0,"frame_num":47,"label":"stop sign"},{"class_id":2,"confidence":0.6292470097541809,"x_center":0.6960583051045736,"y_center":0.5109659689444083,"width":0.1792872746785482,"height":0.10838942351164642,"source_id":0,"frame_num":47,"label":"car"}]}