{"schema_version":1,"timestamp_ms":1773270799710,"sequence":721,"detections":[{"class_id":2,"confidence":0.4570716321468353,"x_center":0.4057543118794759,"y_center":0.4899965639467593,"width":0.01954345703125,"height":0.031809488932291664,"source_id":0,"frame_num":721,"label":"car"},{"class_id":2,"confidence":0.32946836948394775,"x_center":0.46833047866821287,"y_center":0.9147772894965278,"width":0.9366609573364257,"height":0.16327311197916666,"source_id":0,"frame_num":721,"label":"car"}]}