{"schema_version":1,"timestamp_ms":1773270801295,"sequence":768,"detections":[{"class_id":2,"confidence":0.4271485507488251,"x_center":0.4953996022542318,"y_center":0.9090959337022569,"width":0.9897684733072917,"height":0.1664455837673611,"source_id":0,"frame_num":768,"label":"car"},{"class_id":2,"confidence":0.26305902004241943,"x_center":0.4082399686177572,"y_center":0.4902908890335648,"width":0.019002532958984374,"height":0.031121034975405092,"source_id":0,"frame_num":768,"label":"car"}]}