{"schema_version":1,"timestamp_ms":1773270781620,"sequence":213,"detections":[{"class_id":2,"confidence":0.8465907573699951,"x_center":0.41425265471140543,"y_center":0.5418646777117694,"width":0.44145941734313965,"height":0.2800084149395978,"source_id":0,"frame_num":213,"label":"car"},{"class_id":2,"confidence":0.25031906366348267,"x_center":0.5670611381530761,"y_center":0.9140428331163194,"width":0.8524057388305664,"height":0.16057942708333334,"source_id":0,"frame_num":213,"label":"car"}]}