{"schema_version":1,"timestamp_ms":1773270796265,"sequence":622,"detections":[{"class_id":2,"confidence":0.8691924214363098,"x_center":0.13878475030263265,"y_center":0.5751606128833912,"width":0.19537736574808756,"height":0.19676581488715278,"source_id":0,"frame_num":622,"label":"car"},{"class_id":2,"confidence":0.6037219762802124,"x_center":0.3852617104848226,"y_center":0.49409541377314814,"width":0.02281160354614258,"height":0.03246912073206019,"source_id":0,"frame_num":622,"label":"car"},{"class_id":11,"confidence":0.31026530265808105,"x_center":0.9674318313598633,"y_center":0.41084942287868925,"width":0.030559539794921875,"height":0.07351277669270834,"source_id":0,"frame_num":622,"label":"stop sign"},{"class_id":2,"confidence":0.30468493700027466,"x_center":0.4572578430175781,"y_center":0.9117769029405381,"width":0.8692424774169922,"height":0.17101406521267362,"source_id":0,"frame_num":622,"label":"car"}]}