{"schema_version":1,"timestamp_ms":1773270802268,"sequence":796,"detections":[{"class_id":2,"confidence":0.4880862236022949,"x_center":0.4124585151672363,"y_center":0.49099816216362846,"width":0.02258586883544922,"height":0.033928765190972224,"source_id":0,"frame_num":796,"label":"car"},{"class_id":2,"confidence":0.3729948401451111,"x_center":0.49178385734558105,"y_center":0.908427259657118,"width":0.9822281837463379,"height":0.17369181315104168,"source_id":0,"frame_num":796,"label":"car"}]}