{"schema_version":1,"timestamp_ms":1773270796852,"sequence":639,"detections":[{"class_id":2,"confidence":0.4020179212093353,"x_center":0.38835236231486003,"y_center":0.4922993977864583,"width":0.022491073608398436,"height":0.03282335069444445,"source_id":0,"frame_num":639,"label":"car"},{"class_id":2,"confidence":0.3100043833255768,"x_center":0.45456361770629883,"y_center":0.9108784993489584,"width":0.9091272354125977,"height":0.16560872395833334,"source_id":0,"frame_num":639,"label":"car"}]}