{"schema_version":1,"timestamp_ms":1773270799308,"sequence":709,"detections":[{"class_id":2,"confidence":0.535692036151886,"x_center":0.40415857632954916,"y_center":0.4914889582881221,"width":0.019461727142333983,"height":0.031469330964265047,"source_id":0,"frame_num":709,"label":"car"},{"class_id":2,"confidence":0.30645933747291565,"x_center":0.47760887145996095,"y_center":0.9155409071180556,"width":0.9503677368164063,"height":0.1599216037326389,"source_id":0,"frame_num":709,"label":"car"}]}