{"schema_version":1,"timestamp_ms":1773270789862,"sequence":444,"detections":[{"class_id":2,"confidence":0.7477250695228577,"x_center":0.10060491561889648,"y_center":0.5169439527723524,"width":0.08098020553588867,"height":0.09469723171657986,"source_id":0,"frame_num":444,"label":"car"},{"class_id":2,"confidence":0.6561942100524902,"x_center":0.29511459668477374,"y_center":0.5109094972963686,"width":0.04151557286580403,"height":0.044106547037760416,"source_id":0,"frame_num":444,"label":"car"},{"class_id":2,"confidence":0.5481472611427307,"x_center":0.21924033164978027,"y_center":0.4986197577582465,"width":0.031114768981933594,"height":0.0413909912109375,"source_id":0,"frame_num":444,"label":"car"},{"class_id":2,"confidence":0.46523699164390564,"x_center":0.9359174728393554,"y_center":0.4848467508951823,"width":0.12745246887207032,"height":0.21869761149088543,"source_id":0,"frame_num":444,"label":"car"}]}