{"schema_version":1,"timestamp_ms":1773270797312,"sequence":651,"detections":[{"class_id":2,"confidence":0.42969247698783875,"x_center":0.39100777308146156,"y_center":0.48962922272858794,"width":0.02190119425455729,"height":0.03471464934172454,"source_id":0,"frame_num":651,"label":"car"},{"class_id":2,"confidence":0.2626909911632538,"x_center":0.44381256103515626,"y_center":0.919619553177445,"width":0.884859848022461,"height":0.1470953482168692,"source_id":0,"frame_num":651,"label":"car"}]}