{"schema_version":1,"timestamp_ms":1773270779597,"sequence":151,"detections":[{"class_id":2,"confidence":0.6076595187187195,"x_center":0.26896671454111737,"y_center":0.47125653867368344,"width":0.04107645352681478,"height":0.05744668466073495,"source_id":0,"frame_num":151,"label":"car"},{"class_id":2,"confidence":0.4225359559059143,"x_center":0.22540780703226726,"y_center":0.46328411808720343,"width":0.026545906066894533,"height":0.025368386727792246,"source_id":0,"frame_num":151,"label":"car"},{"class_id":7,"confidence":0.35328900814056396,"x_center":0.2698582331339518,"y_center":0.4708718052616826,"width":0.040288543701171874,"height":0.05561921861436632,"source_id":0,"frame_num":151,"label":"truck"},{"class_id":2,"confidence":0.2699800729751587,"x_center":0.24192042350769044,"y_center":0.46149779425726994,"width":0.013893032073974609,"height":0.021424950493706598,"source_id":0,"frame_num":151,"label":"car"}]}