{"schema_version":1,"timestamp_ms":1773270798742,"sequence":693,"detections":[{"class_id":2,"confidence":0.4268832206726074,"x_center":0.4011395454406738,"y_center":0.49050654658564813,"width":0.023636054992675782,"height":0.03738663284866898,"source_id":0,"frame_num":693,"label":"car"},{"class_id":2,"confidence":0.25990527868270874,"x_center":0.4753997802734375,"y_center":0.9232626738371672,"width":0.9456607818603515,"height":0.14525886818214698,"source_id":0,"frame_num":693,"label":"car"}]}