{"schema_version":1,"timestamp_ms":1773270800477,"sequence":743,"detections":[{"class_id":2,"confidence":0.48829156160354614,"x_center":0.07797115842501322,"y_center":0.5444698475025318,"width":0.049575563271840414,"height":0.04133656819661458,"source_id":0,"frame_num":743,"label":"car"},{"class_id":2,"confidence":0.33773306012153625,"x_center":0.4591083844502767,"y_center":0.9164376152886284,"width":0.9182167689005534,"height":0.1543026394314236,"source_id":0,"frame_num":743,"label":"car"}]}