{"schema_version":1,"timestamp_ms":1773270777594,"sequence":91,"detections":[{"class_id":2,"confidence":0.8477426171302795,"x_center":0.5597830772399902,"y_center":0.5105622044316045,"width":0.2598405838012695,"height":0.1784896002875434,"source_id":0,"frame_num":91,"label":"car"},{"class_id":2,"confidence":0.35754847526550293,"x_center":0.3343803882598877,"y_center":0.46975439566153065,"width":0.020926380157470705,"height":0.022503153483072916,"source_id":0,"frame_num":91,"label":"car"},{"class_id":7,"confidence":0.2763793170452118,"x_center":0.2868648370107015,"y_center":0.4650592380099826,"width":0.028757254282633465,"height":0.04444003634982639,"source_id":0,"frame_num":91,"label":"truck"}]}