{"schema_version":1,"timestamp_ms":1773270798570,"sequence":688,"detections":[{"class_id":2,"confidence":0.4336543381214142,"x_center":0.3996689478556315,"y_center":0.4885266621907552,"width":0.02389081319173177,"height":0.03270958794487847,"source_id":0,"frame_num":688,"label":"car"},{"class_id":2,"confidence":0.35426610708236694,"x_center":0.5021772384643555,"y_center":0.9247305976019965,"width":0.9821220397949219,"height":0.1423892550998264,"source_id":0,"frame_num":688,"label":"car"}]}