{"schema_version":1,"timestamp_ms":1773270775070,"sequence":14,"detections":[{"class_id":11,"confidence":0.6624191999435425,"x_center":0.6606334686279297,"y_center":0.38894195556640626,"width":0.036507797241210935,"height":0.06846449110243055,"source_id":0,"frame_num":14,"label":"stop sign"},{"class_id":7,"confidence":0.4776608943939209,"x_center":0.5897991180419921,"y_center":0.5030035513418692,"width":0.14426422119140625,"height":0.10556267632378472,"source_id":0,"frame_num":14,"label":"truck"},{"class_id":2,"confidence":0.35734841227531433,"x_center":0.6844792366027832,"y_center":0.47949276676884406,"width":0.045740699768066405,"height":0.02580563580548322,"source_id":0,"frame_num":14,"label":"car"}]}