{"schema_version":1,"timestamp_ms":1773270798810,"sequence":695,"detections":[{"class_id":2,"confidence":0.3837603032588959,"x_center":0.4012127876281738,"y_center":0.4905358208550347,"width":0.023332595825195312,"height":0.037501695421006946,"source_id":0,"frame_num":695,"label":"car"},{"class_id":2,"confidence":0.2631811201572418,"x_center":0.4492345174153646,"y_center":0.9177340472186053,"width":0.8984690348307292,"height":0.1623576976634838,"source_id":0,"frame_num":695,"label":"car"}]}