{"schema_version":1,"timestamp_ms":1773270796297,"sequence":623,"detections":[{"class_id":2,"confidence":0.8084697127342224,"x_center":0.11775643825531006,"y_center":0.5812584205910012,"width":0.21724257469177247,"height":0.21386402271412036,"source_id":0,"frame_num":623,"label":"car"},{"class_id":2,"confidence":0.5666986703872681,"x_center":0.3848746140797933,"y_center":0.49447626184534144,"width":0.02316904067993164,"height":0.03301832411024305,"source_id":0,"frame_num":623,"label":"car"},{"class_id":2,"confidence":0.3259783983230591,"x_center":0.4443055152893066,"y_center":0.9096495451750579,"width":0.8886110305786132,"height":0.17225387008101853,"source_id":0,"frame_num":623,"label":"car"}]}