{"schema_version":1,"timestamp_ms":1773270800717,"sequence":750,"detections":[{"class_id":2,"confidence":0.5625747442245483,"x_center":0.03582878708839417,"y_center":0.550714619954427,"width":0.05715655088424683,"height":0.05634935167100694,"source_id":0,"frame_num":750,"label":"car"},{"class_id":2,"confidence":0.26134929060935974,"x_center":0.40653190612792967,"y_center":0.48945850796169704,"width":0.01797199249267578,"height":0.03212593926323785,"source_id":0,"frame_num":750,"label":"car"}]}