{"schema_version":1,"timestamp_ms":1773270803438,"sequence":831,"detections":[{"class_id":2,"confidence":0.37394919991493225,"x_center":0.4515878518422445,"y_center":0.9146558973524306,"width":0.9012876192728678,"height":0.1584262424045139,"source_id":0,"frame_num":831,"label":"car"},{"class_id":2,"confidence":0.3350416123867035,"x_center":0.41524562835693357,"y_center":0.4904480263038918,"width":0.024222946166992186,"height":0.030236872920283566,"source_id":0,"frame_num":831,"label":"car"}]}