{"schema_version":1,"timestamp_ms":1773270796145,"sequence":619,"detections":[{"class_id":2,"confidence":0.6141367554664612,"x_center":0.18524929285049438,"y_center":0.5568528917100695,"width":0.14711310863494872,"height":0.15210130479600695,"source_id":0,"frame_num":619,"label":"car"},{"class_id":2,"confidence":0.5404819250106812,"x_center":0.38422706921895344,"y_center":0.4948295593261719,"width":0.02111330032348633,"height":0.03194732666015625,"source_id":0,"frame_num":619,"label":"car"},{"class_id":2,"confidence":0.2668871283531189,"x_center":0.44889419873555503,"y_center":0.9127834743923611,"width":0.8844367663065592,"height":0.1694403754340278,"source_id":0,"frame_num":619,"label":"car"}]}