{"schema_version":1,"timestamp_ms":1773270798986,"sequence":700,"detections":[{"class_id":2,"confidence":0.27731066942214966,"x_center":0.4968724250793457,"y_center":0.9037420202184606,"width":0.990287971496582,"height":0.17448594835069445,"source_id":0,"frame_num":700,"label":"car"},{"class_id":2,"confidence":0.25024348497390747,"x_center":0.4021018028259277,"y_center":0.49013765123155384,"width":0.022748184204101563,"height":0.03606109619140625,"source_id":0,"frame_num":700,"label":"car"}]}