{"schema_version":1,"timestamp_ms":1773270778609,"sequence":121,"detections":[{"class_id":2,"confidence":0.8399246335029602,"x_center":0.2701737880706787,"y_center":0.5401669678864656,"width":0.4230645179748535,"height":0.31479150277596935,"source_id":0,"frame_num":121,"label":"car"},{"class_id":2,"confidence":0.30303430557250977,"x_center":0.5837939580281576,"y_center":0.5204752039026331,"width":0.02878748575846354,"height":0.04629154911747685,"source_id":0,"frame_num":121,"label":"car"},{"class_id":2,"confidence":0.2941686809062958,"x_center":0.4934543609619141,"y_center":0.9047212388780382,"width":0.9527698516845703,"height":0.1774681939019097,"source_id":0,"frame_num":121,"label":"car"}]}