{"schema_version":1,"timestamp_ms":1773270795593,"sequence":605,"detections":[{"class_id":0,"confidence":0.6982085704803467,"x_center":0.733562151590983,"y_center":0.5353574682165075,"width":0.026126861572265625,"height":0.08666771782769098,"source_id":0,"frame_num":605,"label":"person"},{"class_id":2,"confidence":0.5815743803977966,"x_center":0.2739992141723633,"y_center":0.5238591229474103,"width":0.06652641296386719,"height":0.07944364194516783,"source_id":0,"frame_num":605,"label":"car"},{"class_id":2,"confidence":0.5532077550888062,"x_center":0.9835325241088867,"y_center":0.5718296474880642,"width":0.032198333740234376,"height":0.06069827609592014,"source_id":0,"frame_num":605,"label":"car"},{"class_id":2,"confidence":0.5282501578330994,"x_center":0.3803857803344727,"y_center":0.4923318509702329,"width":0.021871185302734374,"height":0.03673058969003183,"source_id":0,"frame_num":605,"label":"car"}]}