{"schema_version":1,"timestamp_ms":1773270809372,"sequence":998,"detections":[{"class_id":2,"confidence":0.8036080598831177,"x_center":0.043789426485697426,"y_center":0.6242266337076823,"width":0.08726213773091634,"height":0.3190007527669271,"source_id":0,"frame_num":998,"label":"car"},{"class_id":2,"confidence":0.2534867227077484,"x_center":0.5030570824941,"y_center":0.9242843627929688,"width":0.9856416384379069,"height":0.14178500705295138,"source_id":0,"frame_num":998,"label":"car"}]}