{"schema_version":1,"timestamp_ms":1773270796783,"sequence":637,"detections":[{"class_id":2,"confidence":0.3636853098869324,"x_center":0.4461501121520996,"y_center":0.9104244373462819,"width":0.8923002243041992,"height":0.16975736264829283,"source_id":0,"frame_num":637,"label":"car"},{"class_id":2,"confidence":0.25933682918548584,"x_center":0.38795655568440757,"y_center":0.4927892049153646,"width":0.02184467315673828,"height":0.03247951931423611,"source_id":0,"frame_num":637,"label":"car"}]}