{"schema_version":1,"timestamp_ms":1773270799124,"sequence":704,"detections":[{"class_id":2,"confidence":0.3229430317878723,"x_center":0.4034241517384847,"y_center":0.49012651796694157,"width":0.020971902211507163,"height":0.032416167082609956,"source_id":0,"frame_num":704,"label":"car"},{"class_id":2,"confidence":0.301305890083313,"x_center":0.4449329694112142,"y_center":0.9106696234809027,"width":0.8898659388224284,"height":0.1654730902777778,"source_id":0,"frame_num":704,"label":"car"}]}