{"schema_version":1,"timestamp_ms":1773270790303,"sequence":458,"detections":[{"class_id":2,"confidence":0.8548725843429565,"x_center":0.0752077579498291,"y_center":0.5209749433729384,"width":0.10383009910583496,"height":0.1137131585015191,"source_id":0,"frame_num":458,"label":"car"},{"class_id":2,"confidence":0.60750812292099,"x_center":0.22371106147766112,"y_center":0.4971711617928964,"width":0.031537437438964845,"height":0.04104925084997107,"source_id":0,"frame_num":458,"label":"car"},{"class_id":2,"confidence":0.5400577187538147,"x_center":0.3115384101867676,"y_center":0.5104713157371238,"width":0.04090461730957031,"height":0.0440105296947338,"source_id":0,"frame_num":458,"label":"car"},{"class_id":2,"confidence":0.27564969658851624,"x_center":0.18393439451853436,"y_center":0.49308799461082176,"width":0.01811327934265137,"height":0.02609185112847222,"source_id":0,"frame_num":458,"label":"car"}]}