{"schema_version":1,"timestamp_ms":1773270796403,"sequence":626,"detections":[{"class_id":2,"confidence":0.9189948439598083,"x_center":0.09440131783485413,"y_center":0.6108825542308666,"width":0.18812206983566285,"height":0.28629130610713255,"source_id":0,"frame_num":626,"label":"car"},{"class_id":2,"confidence":0.4875042140483856,"x_center":0.38597456614176434,"y_center":0.49377545957212093,"width":0.022134145100911457,"height":0.03412300392433449,"source_id":0,"frame_num":626,"label":"car"},{"class_id":10,"confidence":0.4149940013885498,"x_center":0.9097509384155273,"y_center":0.558133640995732,"width":0.03985595703125,"height":0.14103659170645255,"source_id":0,"frame_num":626,"label":"fire hydrant"},{"class_id":0,"confidence":0.3945766091346741,"x_center":0.9093868255615234,"y_center":0.5590594538935909,"width":0.03975601196289062,"height":0.1427396986219618,"source_id":0,"frame_num":626,"label":"person"}]}