{"schema_version":1,"timestamp_ms":1773270777801,"sequence":97,"detections":[{"class_id":2,"confidence":0.8262788653373718,"x_center":0.5222547213236491,"y_center":0.5139206639042607,"width":0.2795392990112305,"height":0.19074839839228877,"source_id":0,"frame_num":97,"label":"car"},{"class_id":2,"confidence":0.3440035879611969,"x_center":0.33283076286315916,"y_center":0.46951462074562356,"width":0.021535968780517577,"height":0.022673345495153357,"source_id":0,"frame_num":97,"label":"car"},{"class_id":2,"confidence":0.2609577178955078,"x_center":0.3210375944773356,"y_center":0.46768442789713544,"width":0.022243531545003255,"height":0.02296176486545139,"source_id":0,"frame_num":97,"label":"car"},{"class_id":2,"confidence":0.258212149143219,"x_center":0.2558144013086955,"y_center":0.46129574245876737,"width":0.023306830724080404,"height":0.026081339518229166,"source_id":0,"frame_num":97,"label":"car"}]}