{"schema_version":1,"timestamp_ms":1773270812285,"sequence":1087,"detections":[{"class_id":2,"confidence":0.34121233224868774,"x_center":0.5286035855611165,"y_center":0.4883109763816551,"width":0.025171724955240886,"height":0.03379539207175926,"source_id":0,"frame_num":1087,"label":"car"},{"class_id":2,"confidence":0.3354417085647583,"x_center":0.4593160629272461,"y_center":0.9068232783564815,"width":0.9186321258544922,"height":0.17122780128761575,"source_id":0,"frame_num":1087,"label":"car"}]}