{"schema_version":1,"timestamp_ms":1773270796612,"sequence":632,"detections":[{"class_id":2,"confidence":0.3928164839744568,"x_center":0.3875303586324056,"y_center":0.4920557657877604,"width":0.02163543701171875,"height":0.034932454427083336,"source_id":0,"frame_num":632,"label":"car"},{"class_id":2,"confidence":0.35200947523117065,"x_center":0.4521659215291341,"y_center":0.9100754914460358,"width":0.9043318430582682,"height":0.16780067726417824,"source_id":0,"frame_num":632,"label":"car"}]}