{"schema_version":1,"timestamp_ms":1773270803127,"sequence":822,"detections":[{"class_id":2,"confidence":0.5294132232666016,"x_center":0.41428608894348146,"y_center":0.4897730509440104,"width":0.026025104522705077,"height":0.031571451822916666,"source_id":0,"frame_num":822,"label":"car"},{"class_id":2,"confidence":0.3403831720352173,"x_center":0.5052473862965902,"y_center":0.9123794555664062,"width":0.9799655596415202,"height":0.16675516764322917,"source_id":0,"frame_num":822,"label":"car"}]}