{"schema_version":1,"timestamp_ms":1773270795631,"sequence":606,"detections":[{"class_id":2,"confidence":0.5183234810829163,"x_center":0.2704030513763428,"y_center":0.526713788067853,"width":0.07002878189086914,"height":0.08603752983940972,"source_id":0,"frame_num":606,"label":"car"},{"class_id":2,"confidence":0.4650874733924866,"x_center":0.9897937456766764,"y_center":0.5737958837438513,"width":0.019553565979003908,"height":0.06059417724609375,"source_id":0,"frame_num":606,"label":"car"},{"class_id":2,"confidence":0.45430001616477966,"x_center":0.3805596669514974,"y_center":0.49244819923683447,"width":0.021447372436523438,"height":0.03870702672887732,"source_id":0,"frame_num":606,"label":"car"}]}