{"schema_version":1,"timestamp_ms":1773270775666,"sequence":32,"detections":[{"class_id":11,"confidence":0.8399609923362732,"x_center":0.7328039805094401,"y_center":0.35721090811270256,"width":0.04818305969238281,"height":0.08631863064236112,"source_id":0,"frame_num":32,"label":"stop sign"},{"class_id":2,"confidence":0.38738349080085754,"x_center":0.6684978485107422,"y_center":0.5084903010615596,"width":0.09621925354003906,"height":0.09122862639250578,"source_id":0,"frame_num":32,"label":"car"}]}