{"schema_version":1,"timestamp_ms":1773270802885,"sequence":815,"detections":[{"class_id":2,"confidence":0.5652098059654236,"x_center":0.412506373723348,"y_center":0.491914791531033,"width":0.025952943166097007,"height":0.031308492024739586,"source_id":0,"frame_num":815,"label":"car"},{"class_id":2,"confidence":0.36928561329841614,"x_center":0.49180994033813474,"y_center":0.9096026667842159,"width":0.9836198806762695,"height":0.17327084011501737,"source_id":0,"frame_num":815,"label":"car"}]}