{"schema_version":1,"timestamp_ms":1773270811909,"sequence":1075,"detections":[{"class_id":2,"confidence":0.37989935278892517,"x_center":0.529762347539266,"y_center":0.48812839366771554,"width":0.022298781077067058,"height":0.02945485998083044,"source_id":0,"frame_num":1075,"label":"car"},{"class_id":2,"confidence":0.28788015246391296,"x_center":0.42006525993347166,"y_center":0.9418673197428385,"width":0.21098699569702148,"height":0.11626536051432292,"source_id":0,"frame_num":1075,"label":"car"},{"class_id":2,"confidence":0.2828182876110077,"x_center":0.5118519147237142,"y_center":0.920374185067636,"width":0.9693676630655924,"height":0.15266706678602432,"source_id":0,"frame_num":1075,"label":"car"}]}