{"schema_version":1,"timestamp_ms":1773270782413,"sequence":238,"detections":[{"class_id":2,"confidence":0.8077718615531921,"x_center":0.9057961463928222,"y_center":0.5647506290011935,"width":0.1882108688354492,"height":0.2696679857042101,"source_id":0,"frame_num":238,"label":"car"},{"class_id":2,"confidence":0.625357985496521,"x_center":0.20481913089752196,"y_center":0.5055489292851201,"width":0.08330998420715333,"height":0.10470900358977141,"source_id":0,"frame_num":238,"label":"car"},{"class_id":2,"confidence":0.4702070355415344,"x_center":0.3107975323994954,"y_center":0.4883744133843316,"width":0.024157333374023437,"height":0.02826317681206597,"source_id":0,"frame_num":238,"label":"car"},{"class_id":2,"confidence":0.4370774030685425,"x_center":0.3637930711110433,"y_center":0.4946623625578704,"width":0.02526369094848633,"height":0.03645901150173611,"source_id":0,"frame_num":238,"label":"car"}]}