{"schema_version":1,"timestamp_ms":1773270804128,"sequence":851,"detections":[{"class_id":2,"confidence":0.4064022898674011,"x_center":0.4213891506195068,"y_center":0.487412671689634,"width":0.03110666275024414,"height":0.030102341263382522,"source_id":0,"frame_num":851,"label":"car"},{"class_id":2,"confidence":0.39144331216812134,"x_center":0.4267303307851156,"y_center":0.48857096919307,"width":0.022691059112548827,"height":0.02675628662109375,"source_id":0,"frame_num":851,"label":"car"},{"class_id":2,"confidence":0.2841145992279053,"x_center":0.38631145159403485,"y_center":0.489116131817853,"width":0.01825551986694336,"height":0.028671829788773147,"source_id":0,"frame_num":851,"label":"car"}]}