{"schema_version":1,"timestamp_ms":1773270781715,"sequence":216,"detections":[{"class_id":2,"confidence":0.8101473450660706,"x_center":0.4894932587941488,"y_center":0.5455623061568649,"width":0.4312236467997233,"height":0.2742566991735388,"source_id":0,"frame_num":216,"label":"car"},{"class_id":2,"confidence":0.7154957056045532,"x_center":0.2340410868326823,"y_center":0.4923697436297381,"width":0.06934903462727865,"height":0.08919126722547743,"source_id":0,"frame_num":216,"label":"car"}]}