{"schema_version":1,"timestamp_ms":1773270780902,"sequence":191,"detections":[{"class_id":2,"confidence":0.7047434449195862,"x_center":0.08129808306694031,"y_center":0.531700176662869,"width":0.16224228143692015,"height":0.29853134155273436,"source_id":0,"frame_num":191,"label":"car"},{"class_id":2,"confidence":0.4909244179725647,"x_center":0.2497264862060547,"y_center":0.48388661985044124,"width":0.05483589172363281,"height":0.06990692703812211,"source_id":0,"frame_num":191,"label":"car"},{"class_id":7,"confidence":0.4765457510948181,"x_center":0.25025490919748944,"y_center":0.4842187528257017,"width":0.05496954917907715,"height":0.07194346675166377,"source_id":0,"frame_num":191,"label":"truck"}]}