{"schema_version":1,"timestamp_ms":1773270802820,"sequence":813,"detections":[{"class_id":2,"confidence":0.4695446193218231,"x_center":0.4122150897979736,"y_center":0.49123786643699363,"width":0.026177310943603517,"height":0.031771681043836805,"source_id":0,"frame_num":813,"label":"car"},{"class_id":2,"confidence":0.33992627263069153,"x_center":0.4927838325500488,"y_center":0.9034820274070458,"width":0.9855676651000976,"height":0.1829626577871817,"source_id":0,"frame_num":813,"label":"car"}]}