{"schema_version":1,"timestamp_ms":1773270784769,"sequence":309,"detections":[{"class_id":2,"confidence":0.7558742165565491,"x_center":0.9789217948913574,"y_center":0.5468220746075666,"width":0.042156410217285153,"height":0.056612989637586805,"source_id":0,"frame_num":309,"label":"car"},{"class_id":2,"confidence":0.5505223274230957,"x_center":0.8800361633300782,"y_center":0.5457747000235098,"width":0.11977729797363282,"height":0.12032476354528357,"source_id":0,"frame_num":309,"label":"car"}]}