{"schema_version":1,"timestamp_ms":1773270803087,"sequence":821,"detections":[{"class_id":2,"confidence":0.5820215940475464,"x_center":0.41384172439575195,"y_center":0.49045534487123843,"width":0.025288200378417967,"height":0.03145548502604167,"source_id":0,"frame_num":821,"label":"car"},{"class_id":2,"confidence":0.3491227924823761,"x_center":0.4947554111480713,"y_center":0.9087503786440249,"width":0.9870997428894043,"height":0.17367853235315395,"source_id":0,"frame_num":821,"label":"car"}]}