{"schema_version":1,"timestamp_ms":1773270798846,"sequence":696,"detections":[{"class_id":2,"confidence":0.4974961578845978,"x_center":0.40159524281819664,"y_center":0.48978877597384984,"width":0.0225311279296875,"height":0.035093265109592015,"source_id":0,"frame_num":696,"label":"car"},{"class_id":2,"confidence":0.27145248651504517,"x_center":0.444551944732666,"y_center":0.9180520516854745,"width":0.889103889465332,"height":0.15782448097511573,"source_id":0,"frame_num":696,"label":"car"}]}