{"schema_version":1,"timestamp_ms":1773270800684,"sequence":749,"detections":[{"class_id":2,"confidence":0.2875233292579651,"x_center":0.043053131302197775,"y_center":0.5508323386863426,"width":0.0551327923933665,"height":0.04675021701388889,"source_id":0,"frame_num":749,"label":"car"},{"class_id":2,"confidence":0.26172935962677,"x_center":0.4064231713612874,"y_center":0.4895613776312934,"width":0.01765902837117513,"height":0.031471930609809025,"source_id":0,"frame_num":749,"label":"car"}]}