{"schema_version":1,"timestamp_ms":1773270797276,"sequence":650,"detections":[{"class_id":2,"confidence":0.43282851576805115,"x_center":0.390968910853068,"y_center":0.4898453889069734,"width":0.02189772923787435,"height":0.03452442310474537,"source_id":0,"frame_num":650,"label":"car"},{"class_id":2,"confidence":0.34383442997932434,"x_center":0.4441239674886068,"y_center":0.9188510188349971,"width":0.8882479349772135,"height":0.14771892406322337,"source_id":0,"frame_num":650,"label":"car"}]}