{"schema_version":1,"timestamp_ms":1773270799157,"sequence":705,"detections":[{"class_id":2,"confidence":0.3812076151371002,"x_center":0.5042504628499349,"y_center":0.9098851239239728,"width":0.9793997446695963,"height":0.16672176784939235,"source_id":0,"frame_num":705,"label":"car"},{"class_id":2,"confidence":0.33611559867858887,"x_center":0.40381631851196287,"y_center":0.4908649727150246,"width":0.020403099060058594,"height":0.034018594247323494,"source_id":0,"frame_num":705,"label":"car"}]}