{"schema_version":1,"timestamp_ms":1773270805066,"sequence":879,"detections":[{"class_id":2,"confidence":0.5158233642578125,"x_center":0.378918981552124,"y_center":0.4915577358669705,"width":0.023773670196533203,"height":0.026320902506510417,"source_id":0,"frame_num":879,"label":"car"},{"class_id":2,"confidence":0.3857889771461487,"x_center":0.5058447837829589,"y_center":0.9181667469165943,"width":0.9846319198608399,"height":0.15336331967954284,"source_id":0,"frame_num":879,"label":"car"},{"class_id":2,"confidence":0.31832149624824524,"x_center":0.4371941566467285,"y_center":0.48735249837239586,"width":0.018639373779296874,"height":0.025996568467881946,"source_id":0,"frame_num":879,"label":"car"}]}