{"schema_version":1,"timestamp_ms":1773270781073,"sequence":196,"detections":[{"class_id":2,"confidence":0.8954586386680603,"x_center":0.1304097890853882,"y_center":0.534344228108724,"width":0.25981707572937013,"height":0.28906979031032987,"source_id":0,"frame_num":196,"label":"car"},{"class_id":2,"confidence":0.620853841304779,"x_center":0.24886712233225505,"y_center":0.4826639669912833,"width":0.0566742738087972,"height":0.07290697450991031,"source_id":0,"frame_num":196,"label":"car"},{"class_id":2,"confidence":0.3349025845527649,"x_center":0.32025419871012367,"y_center":0.4714988708496094,"width":0.027278963724772134,"height":0.02770843505859375,"source_id":0,"frame_num":196,"label":"car"}]}