{"schema_version":1,"timestamp_ms":1773270802688,"sequence":809,"detections":[{"class_id":2,"confidence":0.5023241639137268,"x_center":0.4126927693684896,"y_center":0.49005008273654516,"width":0.024317359924316405,"height":0.033864339192708336,"source_id":0,"frame_num":809,"label":"car"},{"class_id":2,"confidence":0.3728387653827667,"x_center":0.49456033706665037,"y_center":0.9081705446596499,"width":0.9891206741333007,"height":0.17663263391565392,"source_id":0,"frame_num":809,"label":"car"}]}