{"schema_version":1,"timestamp_ms":1773270807666,"sequence":950,"detections":[{"class_id":2,"confidence":0.7931694984436035,"x_center":0.33271377881368003,"y_center":0.5044310675726996,"width":0.049653148651123045,"height":0.06102786593967014,"source_id":0,"frame_num":950,"label":"car"},{"class_id":2,"confidence":0.39768776297569275,"x_center":0.4451315402984619,"y_center":0.4915819803873698,"width":0.021211910247802734,"height":0.037993537055121526,"source_id":0,"frame_num":950,"label":"car"},{"class_id":2,"confidence":0.3145930767059326,"x_center":0.4946818669637044,"y_center":0.9141391330295139,"width":0.978039805094401,"height":0.15575358072916667,"source_id":0,"frame_num":950,"label":"car"},{"class_id":2,"confidence":0.27366572618484497,"x_center":0.4764386177062988,"y_center":0.48830973307291664,"width":0.025292587280273438,"height":0.04482082790798611,"source_id":0,"frame_num":950,"label":"car"}]}