{"schema_version":1,"timestamp_ms":1773270800246,"sequence":736,"detections":[{"class_id":2,"confidence":0.3543544113636017,"x_center":0.45272477467854816,"y_center":0.912105871129919,"width":0.9054495493570963,"height":0.16465115017361112,"source_id":0,"frame_num":736,"label":"car"},{"class_id":2,"confidence":0.3289583623409271,"x_center":0.11784110466639201,"y_center":0.5384741041395399,"width":0.0349286953608195,"height":0.03838755289713542,"source_id":0,"frame_num":736,"label":"car"}]}