{"schema_version":1,"timestamp_ms":1773270791800,"sequence":500,"detections":[{"class_id":2,"confidence":0.7595759630203247,"x_center":0.38505555788675944,"y_center":0.5194470440899884,"width":0.05817435582478841,"height":0.06467771176938657,"source_id":0,"frame_num":500,"label":"car"},{"class_id":7,"confidence":0.5918489098548889,"x_center":0.5850666840871175,"y_center":0.4883610478153935,"width":0.14098354975382488,"height":0.09897212275752315,"source_id":0,"frame_num":500,"label":"truck"},{"class_id":2,"confidence":0.4282912015914917,"x_center":0.01240447759628296,"y_center":0.5529352965178314,"width":0.024658191204071044,"height":0.18719784771954573,"source_id":0,"frame_num":500,"label":"car"},{"class_id":2,"confidence":0.35796037316322327,"x_center":0.2702326774597168,"y_center":0.4990322536892361,"width":0.02475318908691406,"height":0.038101874457465275,"source_id":0,"frame_num":500,"label":"car"}]}