{"schema_version":1,"timestamp_ms":1773270810793,"sequence":1041,"detections":[{"class_id":0,"confidence":0.3203637897968292,"x_center":0.8284311294555664,"y_center":0.5144307454427083,"width":0.01194000244140625,"height":0.0483642578125,"source_id":0,"frame_num":1041,"label":"person"},{"class_id":2,"confidence":0.2619796693325043,"x_center":0.4791471322377523,"y_center":0.9168620356807002,"width":0.952710501352946,"height":0.1574588351779514,"source_id":0,"frame_num":1041,"label":"car"}]}