{"schema_version":1,"timestamp_ms":1773270790047,"sequence":450,"detections":[{"class_id":2,"confidence":0.8447030186653137,"x_center":0.09167141715685527,"y_center":0.5171541708487052,"width":0.0922454555829366,"height":0.103278237802011,"source_id":0,"frame_num":450,"label":"car"},{"class_id":2,"confidence":0.6489574313163757,"x_center":0.30071795781453453,"y_center":0.5112565782335069,"width":0.04330921173095703,"height":0.04228176540798611,"source_id":0,"frame_num":450,"label":"car"},{"class_id":2,"confidence":0.5323032736778259,"x_center":0.22074127197265625,"y_center":0.49734892668547453,"width":0.03149538040161133,"height":0.04138217502170139,"source_id":0,"frame_num":450,"label":"car"},{"class_id":2,"confidence":0.2523658871650696,"x_center":0.4983090400695801,"y_center":0.9077519452130353,"width":0.9932912826538086,"height":0.17587138988353587,"source_id":0,"frame_num":450,"label":"car"}]}