{"schema_version":1,"timestamp_ms":1773270796712,"sequence":635,"detections":[{"class_id":2,"confidence":0.37109097838401794,"x_center":0.4466465950012207,"y_center":0.9087920860007958,"width":0.8932931900024415,"height":0.1707063462999132,"source_id":0,"frame_num":635,"label":"car"},{"class_id":2,"confidence":0.2823777496814728,"x_center":0.38781550725301106,"y_center":0.49234961050528064,"width":0.02121257781982422,"height":0.035382588704427086,"source_id":0,"frame_num":635,"label":"car"}]}