{"schema_version":1,"timestamp_ms":1773270776213,"sequence":48,"detections":[{"class_id":11,"confidence":0.9421845078468323,"x_center":0.8299065589904785,"y_center":0.3161670260959201,"width":0.06278400421142578,"height":0.11778140597873264,"source_id":0,"frame_num":48,"label":"stop sign"},{"class_id":2,"confidence":0.6379222869873047,"x_center":0.696351432800293,"y_center":0.5110274420844184,"width":0.17930908203125,"height":0.11037784152560765,"source_id":0,"frame_num":48,"label":"car"}]}