{"schema_version":1,"timestamp_ms":1773270803164,"sequence":823,"detections":[{"class_id":2,"confidence":0.5202058553695679,"x_center":0.4146232604980469,"y_center":0.489662848578559,"width":0.02569866180419922,"height":0.03163519965277778,"source_id":0,"frame_num":823,"label":"car"},{"class_id":2,"confidence":0.3074853718280792,"x_center":0.5054849465688069,"y_center":0.9134373700177228,"width":0.9776826540629069,"height":0.16405091462311922,"source_id":0,"frame_num":823,"label":"car"}]}