{"schema_version":1,"timestamp_ms":1773270802068,"sequence":790,"detections":[{"class_id":2,"confidence":0.42351865768432617,"x_center":0.4116246700286865,"y_center":0.4891559883400246,"width":0.02129087448120117,"height":0.033114934850622106,"source_id":0,"frame_num":790,"label":"car"},{"class_id":2,"confidence":0.27526384592056274,"x_center":0.4578993797302246,"y_center":0.9168075561523438,"width":0.9092634201049805,"height":0.15488993326822917,"source_id":0,"frame_num":790,"label":"car"}]}