{"schema_version":1,"timestamp_ms":1773270783193,"sequence":262,"detections":[{"class_id":2,"confidence":0.7552947998046875,"x_center":0.09286272128423055,"y_center":0.5158370830394604,"width":0.10949753920237223,"height":0.1231602704083478,"source_id":0,"frame_num":262,"label":"car"},{"class_id":2,"confidence":0.44076529145240784,"x_center":0.23427553176879884,"y_center":0.4955442357946325,"width":0.025237178802490233,"height":0.029065110948350695,"source_id":0,"frame_num":262,"label":"car"},{"class_id":2,"confidence":0.43227070569992065,"x_center":0.2917286078135172,"y_center":0.5037422180175781,"width":0.028104368845621744,"height":0.03785892062717014,"source_id":0,"frame_num":262,"label":"car"}]}