{"schema_version":1,"timestamp_ms":1773270800445,"sequence":742,"detections":[{"class_id":2,"confidence":0.401798814535141,"x_center":0.46303520202636717,"y_center":0.9167502226652923,"width":0.9260704040527343,"height":0.15379565203631365,"source_id":0,"frame_num":742,"label":"car"},{"class_id":2,"confidence":0.3072030246257782,"x_center":0.08393472830454508,"y_center":0.5429681283456308,"width":0.04493873914082845,"height":0.04138895670572917,"source_id":0,"frame_num":742,"label":"car"},{"class_id":2,"confidence":0.2920718193054199,"x_center":0.09031997919082642,"y_center":0.5419488412362558,"width":0.03246786594390869,"height":0.042964341905381946,"source_id":0,"frame_num":742,"label":"car"}]}