{"schema_version":1,"timestamp_ms":1773270779628,"sequence":152,"detections":[{"class_id":7,"confidence":0.5125299096107483,"x_center":0.2695165634155273,"y_center":0.47099153024178964,"width":0.03997306823730469,"height":0.05642527827510127,"source_id":0,"frame_num":152,"label":"truck"},{"class_id":2,"confidence":0.4525131285190582,"x_center":0.26882028579711914,"y_center":0.47191720185456454,"width":0.040585899353027345,"height":0.05876614605938947,"source_id":0,"frame_num":152,"label":"car"},{"class_id":2,"confidence":0.4354705214500427,"x_center":0.2235027074813843,"y_center":0.4634579128689236,"width":0.025559091567993165,"height":0.026601155598958332,"source_id":0,"frame_num":152,"label":"car"}]}