{"schema_version":1,"timestamp_ms":1773270798304,"sequence":680,"detections":[{"class_id":2,"confidence":0.46974629163742065,"x_center":0.3977227052052816,"y_center":0.48860897488064237,"width":0.019304370880126952,"height":0.03166741265190972,"source_id":0,"frame_num":680,"label":"car"},{"class_id":2,"confidence":0.27452918887138367,"x_center":0.4577510674794515,"y_center":0.9146642331723813,"width":0.9146009127298991,"height":0.15972318296079283,"source_id":0,"frame_num":680,"label":"car"}]}