{"schema_version":1,"timestamp_ms":1773270801935,"sequence":786,"detections":[{"class_id":2,"confidence":0.3779147267341614,"x_center":0.49721546173095704,"y_center":0.9129268787525319,"width":0.9899467468261719,"height":0.16213949697989005,"source_id":0,"frame_num":786,"label":"car"},{"class_id":2,"confidence":0.2990843653678894,"x_center":0.41148176193237307,"y_center":0.48952169065122253,"width":0.02035045623779297,"height":0.03298879552770544,"source_id":0,"frame_num":786,"label":"car"}]}