{"schema_version":1,"timestamp_ms":1773270800651,"sequence":748,"detections":[{"class_id":2,"confidence":0.5119035243988037,"x_center":0.052302736043930056,"y_center":0.5498379742657696,"width":0.046326744556427005,"height":0.04648720070167824,"source_id":0,"frame_num":748,"label":"car"},{"class_id":2,"confidence":0.2604976296424866,"x_center":0.9420143127441406,"y_center":0.9544567249439381,"width":0.11594200134277344,"height":0.08484988742404515,"source_id":0,"frame_num":748,"label":"car"}]}