{"schema_version":1,"timestamp_ms":1773270783952,"sequence":285,"detections":[{"class_id":2,"confidence":0.5356132984161377,"x_center":0.0892236073811849,"y_center":0.49547944245515047,"width":0.03152480125427246,"height":0.04193476924189815,"source_id":0,"frame_num":285,"label":"car"},{"class_id":2,"confidence":0.3089299201965332,"x_center":0.007953377068042755,"y_center":0.4899708500614873,"width":0.01567518413066864,"height":0.02196135344328704,"source_id":0,"frame_num":285,"label":"car"},{"class_id":2,"confidence":0.2729526460170746,"x_center":0.06397894024848938,"y_center":0.49484676784939235,"width":0.024467647075653076,"height":0.038722398546006946,"source_id":0,"frame_num":285,"label":"car"}]}