{"schema_version":1,"timestamp_ms":1773270796441,"sequence":627,"detections":[{"class_id":2,"confidence":0.8984657526016235,"x_center":0.08460337122281393,"y_center":0.6293567657470703,"width":0.16883974472681682,"height":0.321657223171658,"source_id":0,"frame_num":627,"label":"car"},{"class_id":0,"confidence":0.6636342406272888,"x_center":0.9216445604960124,"y_center":0.5611814710828993,"width":0.03859920501708984,"height":0.14321933322482638,"source_id":0,"frame_num":627,"label":"person"},{"class_id":2,"confidence":0.4822756350040436,"x_center":0.3859853267669678,"y_center":0.4938451696325232,"width":0.022056102752685547,"height":0.03418918185763889,"source_id":0,"frame_num":627,"label":"car"},{"class_id":2,"confidence":0.4024655520915985,"x_center":0.4803683121999105,"y_center":0.9094090779622396,"width":0.8196117083231608,"height":0.16920674641927083,"source_id":0,"frame_num":627,"label":"car"}]}