{"schema_version":1,"timestamp_ms":1773270776062,"sequence":43,"detections":[{"class_id":11,"confidence":0.8021930456161499,"x_center":0.79497283299764,"y_center":0.33261625501844616,"width":0.058547655741373696,"height":0.10934804280598959,"source_id":0,"frame_num":43,"label":"stop sign"},{"class_id":2,"confidence":0.6414510607719421,"x_center":0.6991089820861817,"y_center":0.508787437721535,"width":0.17511386871337892,"height":0.10359697695131655,"source_id":0,"frame_num":43,"label":"car"}]}