{"schema_version":1,"timestamp_ms":1773270782286,"sequence":234,"detections":[{"class_id":2,"confidence":0.8460427522659302,"x_center":0.8572071075439454,"y_center":0.5612644478126808,"width":0.2846702575683594,"height":0.2693701567473235,"source_id":0,"frame_num":234,"label":"car"},{"class_id":2,"confidence":0.8033707737922668,"x_center":0.21294403076171875,"y_center":0.5019832045943649,"width":0.07882375717163086,"height":0.10038313689055266,"source_id":0,"frame_num":234,"label":"car"},{"class_id":2,"confidence":0.5386519432067871,"x_center":0.3684667110443115,"y_center":0.49350597240306715,"width":0.02559499740600586,"height":0.03453018753616898,"source_id":0,"frame_num":234,"label":"car"},{"class_id":2,"confidence":0.35056960582733154,"x_center":0.34653919537862143,"y_center":0.4912035059045862,"width":0.022942066192626953,"height":0.033584651240596064,"source_id":0,"frame_num":234,"label":"car"}]}