{"schema_version":1,"timestamp_ms":1773270782322,"sequence":235,"detections":[{"class_id":2,"confidence":0.8414041996002197,"x_center":0.8689226150512696,"y_center":0.5605173746744792,"width":0.2618427276611328,"height":0.2698455810546875,"source_id":0,"frame_num":235,"label":"car"},{"class_id":2,"confidence":0.7236339449882507,"x_center":0.2115564266840617,"y_center":0.5029420499448423,"width":0.08018848101298014,"height":0.10428277474862557,"source_id":0,"frame_num":235,"label":"car"},{"class_id":2,"confidence":0.29734253883361816,"x_center":0.3457626819610596,"y_center":0.4929102862322772,"width":0.021287250518798827,"height":0.03160575584129051,"source_id":0,"frame_num":235,"label":"car"},{"class_id":2,"confidence":0.26104336977005005,"x_center":0.3053593635559082,"y_center":0.4880118476019965,"width":0.018564414978027344,"height":0.022216457790798613,"source_id":0,"frame_num":235,"label":"car"}]}