{"schema_version":1,"timestamp_ms":1773270781000,"sequence":194,"detections":[{"class_id":2,"confidence":0.8431906700134277,"x_center":0.11074764728546142,"y_center":0.5386277092827692,"width":0.2212829113006592,"height":0.2852001614040799,"source_id":0,"frame_num":194,"label":"car"},{"class_id":2,"confidence":0.6804362535476685,"x_center":0.24669351577758789,"y_center":0.4838506062825521,"width":0.05474853515625,"height":0.07084791395399305,"source_id":0,"frame_num":194,"label":"car"}]}