{"schema_version":1,"timestamp_ms":1773270805520,"sequence":892,"detections":[{"class_id":2,"confidence":0.4319028854370117,"x_center":0.3753250439961751,"y_center":0.49103517885561343,"width":0.026832771301269532,"height":0.0282562255859375,"source_id":0,"frame_num":892,"label":"car"},{"class_id":2,"confidence":0.3706650137901306,"x_center":0.7521878083546957,"y_center":0.9207215768319589,"width":0.49418675104777016,"height":0.13627811008029514,"source_id":0,"frame_num":892,"label":"car"},{"class_id":2,"confidence":0.35686224699020386,"x_center":0.4421577453613281,"y_center":0.4855261908637153,"width":0.015352821350097657,"height":0.02501797146267361,"source_id":0,"frame_num":892,"label":"car"},{"class_id":2,"confidence":0.3311750590801239,"x_center":0.4199371337890625,"y_center":0.48775353608308014,"width":0.0169403076171875,"height":0.02851729216399016,"source_id":0,"frame_num":892,"label":"car"}]}