{"schema_version":1,"timestamp_ms":1773270811969,"sequence":1077,"detections":[{"class_id":2,"confidence":0.4345700740814209,"x_center":0.5298070907592773,"y_center":0.4877605438232422,"width":0.02467498779296875,"height":0.031452178955078125,"source_id":0,"frame_num":1077,"label":"car"},{"class_id":2,"confidence":0.307652086019516,"x_center":0.5150354385375977,"y_center":0.9219982288501881,"width":0.9628837585449219,"height":0.15013625533492478,"source_id":0,"frame_num":1077,"label":"car"}]}