{"schema_version":1,"timestamp_ms":1773270797544,"sequence":657,"detections":[{"class_id":2,"confidence":0.4140137732028961,"x_center":0.3921913782755534,"y_center":0.4898974383318866,"width":0.02110182444254557,"height":0.034197998046875,"source_id":0,"frame_num":657,"label":"car"},{"class_id":2,"confidence":0.29809144139289856,"x_center":0.7509493827819824,"y_center":0.917255147298177,"width":0.4851045608520508,"height":0.14418572319878473,"source_id":0,"frame_num":657,"label":"car"}]}