{"schema_version":1,"timestamp_ms":1773270808915,"sequence":985,"detections":[{"class_id":2,"confidence":0.8634297847747803,"x_center":0.17094950675964354,"y_center":0.5524706522623698,"width":0.17893571853637696,"height":0.1749608357747396,"source_id":0,"frame_num":985,"label":"car"},{"class_id":2,"confidence":0.3315161466598511,"x_center":0.5015513261159261,"y_center":0.9210990058051215,"width":0.9774356524149577,"height":0.14811231825086807,"source_id":0,"frame_num":985,"label":"car"}]}