{"schema_version":1,"timestamp_ms":1773270776502,"sequence":57,"detections":[{"class_id":11,"confidence":0.9313000440597534,"x_center":0.9073840777079264,"y_center":0.2865176518758138,"width":0.07451343536376953,"height":0.14017711215549045,"source_id":0,"frame_num":57,"label":"stop sign"},{"class_id":2,"confidence":0.7858878970146179,"x_center":0.6850452105204264,"y_center":0.5084829542371961,"width":0.19388866424560547,"height":0.11860605875651041,"source_id":0,"frame_num":57,"label":"car"},{"class_id":2,"confidence":0.3831530809402466,"x_center":0.2969675381978353,"y_center":0.47420162624782985,"width":0.028578694661458334,"height":0.029056803385416666,"source_id":0,"frame_num":57,"label":"car"}]}