{"schema_version":1,"timestamp_ms":1773270777774,"sequence":96,"detections":[{"class_id":2,"confidence":0.818145215511322,"x_center":0.5271937052408854,"y_center":0.5146741231282552,"width":0.27805010477701825,"height":0.19021182590060765,"source_id":0,"frame_num":96,"label":"car"},{"class_id":2,"confidence":0.39221715927124023,"x_center":0.33406022389729817,"y_center":0.4692021687825521,"width":0.0220550537109375,"height":0.022868516710069446,"source_id":0,"frame_num":96,"label":"car"},{"class_id":2,"confidence":0.2542714774608612,"x_center":0.32094130516052244,"y_center":0.46761026735659,"width":0.01963815689086914,"height":0.02306905675817419,"source_id":0,"frame_num":96,"label":"car"}]}