{"schema_version":1,"timestamp_ms":1773270778247,"sequence":110,"detections":[{"class_id":2,"confidence":0.7926141619682312,"x_center":0.40825163523356117,"y_center":0.5239261485912182,"width":0.3319793701171875,"height":0.24190069127965858,"source_id":0,"frame_num":110,"label":"car"},{"class_id":2,"confidence":0.3054192364215851,"x_center":0.2528369903564453,"y_center":0.4612558859365958,"width":0.027511215209960936,"height":0.02887350011754919,"source_id":0,"frame_num":110,"label":"car"},{"class_id":2,"confidence":0.2814360558986664,"x_center":0.2819954792658488,"y_center":0.4638158021149812,"width":0.0328207810719808,"height":0.03825256912796585,"source_id":0,"frame_num":110,"label":"car"}]}