{"schema_version":1,"timestamp_ms":1773270800351,"sequence":739,"detections":[{"class_id":2,"confidence":0.3760376572608948,"x_center":0.47109893163045247,"y_center":0.9170235245316117,"width":0.9421978632609049,"height":0.15595358389395256,"source_id":0,"frame_num":739,"label":"car"},{"class_id":2,"confidence":0.35624581575393677,"x_center":0.1005189855893453,"y_center":0.5395456667299624,"width":0.03975501855214437,"height":0.04067365858289931,"source_id":0,"frame_num":739,"label":"car"}]}