{"schema_version":1,"timestamp_ms":1773270801572,"sequence":775,"detections":[{"class_id":2,"confidence":0.29022371768951416,"x_center":0.49506726264953616,"y_center":0.9116956640172887,"width":0.9877760887145997,"height":0.16503821478949654,"source_id":0,"frame_num":775,"label":"car"},{"class_id":2,"confidence":0.2617635726928711,"x_center":0.4091181755065918,"y_center":0.48858744303385415,"width":0.01813201904296875,"height":0.03373752170138889,"source_id":0,"frame_num":775,"label":"car"}]}