{"schema_version":1,"timestamp_ms":1773270795409,"sequence":600,"detections":[{"class_id":2,"confidence":0.7023499608039856,"x_center":0.9594037691752116,"y_center":0.5510389257360387,"width":0.07996273040771484,"height":0.0920042249891493,"source_id":0,"frame_num":600,"label":"car"},{"class_id":2,"confidence":0.6643827557563782,"x_center":0.28739070892333984,"y_center":0.5187956633391204,"width":0.05653438568115234,"height":0.06828884548611111,"source_id":0,"frame_num":600,"label":"car"},{"class_id":0,"confidence":0.5101937055587769,"x_center":0.7051705996195475,"y_center":0.5323822304054543,"width":0.020458030700683593,"height":0.07173139784071181,"source_id":0,"frame_num":600,"label":"person"},{"class_id":2,"confidence":0.396079421043396,"x_center":0.3775642395019531,"y_center":0.4930144133391204,"width":0.024145126342773438,"height":0.037013414171006946,"source_id":0,"frame_num":600,"label":"car"}]}