{"schema_version":1,"timestamp_ms":1773270806785,"sequence":930,"detections":[{"class_id":2,"confidence":0.7105157971382141,"x_center":0.35622452100118,"y_center":0.4990539268211082,"width":0.03510293960571289,"height":0.04272918701171875,"source_id":0,"frame_num":930,"label":"car"},{"class_id":2,"confidence":0.5997024774551392,"x_center":0.43413381576538085,"y_center":0.48865958319769964,"width":0.020528411865234374,"height":0.030930074055989583,"source_id":0,"frame_num":930,"label":"car"},{"class_id":2,"confidence":0.31689226627349854,"x_center":0.4682302474975586,"y_center":0.48859662656430847,"width":0.02852039337158203,"height":0.0386281896520544,"source_id":0,"frame_num":930,"label":"car"},{"class_id":2,"confidence":0.27402499318122864,"x_center":0.5024480660756429,"y_center":0.9192007276746962,"width":0.9895166079203288,"height":0.1575654771592882,"source_id":0,"frame_num":930,"label":"car"}]}