{"schema_version":1,"timestamp_ms":1773270804562,"sequence":864,"detections":[{"class_id":2,"confidence":0.5047946572303772,"x_center":0.42839694023132324,"y_center":0.48763984397605614,"width":0.026493358612060546,"height":0.02701240822120949,"source_id":0,"frame_num":864,"label":"car"},{"class_id":2,"confidence":0.4728490114212036,"x_center":0.38397029240926106,"y_center":0.49064932929144967,"width":0.018922996520996094,"height":0.02995113796657986,"source_id":0,"frame_num":864,"label":"car"},{"class_id":2,"confidence":0.42091885209083557,"x_center":0.42257099151611327,"y_center":0.487688954671224,"width":0.03300971984863281,"height":0.029861280653211805,"source_id":0,"frame_num":864,"label":"car"},{"class_id":2,"confidence":0.3991524279117584,"x_center":0.49857524236043294,"y_center":0.9072638617621528,"width":0.991291872660319,"height":0.17924058702256945,"source_id":0,"frame_num":864,"label":"car"}]}