{"schema_version":1,"timestamp_ms":1773270804495,"sequence":862,"detections":[{"class_id":2,"confidence":0.49011504650115967,"x_center":0.4266634464263916,"y_center":0.48805940416124133,"width":0.027507686614990236,"height":0.027193705240885418,"source_id":0,"frame_num":862,"label":"car"},{"class_id":2,"confidence":0.4312410056591034,"x_center":0.4222037633260091,"y_center":0.4882246794524016,"width":0.03306312561035156,"height":0.03007529929832176,"source_id":0,"frame_num":862,"label":"car"},{"class_id":2,"confidence":0.39307901263237,"x_center":0.3839592774709066,"y_center":0.4906987790708189,"width":0.01832418441772461,"height":0.02871268943504051,"source_id":0,"frame_num":862,"label":"car"},{"class_id":2,"confidence":0.32558774948120117,"x_center":0.5054195404052735,"y_center":0.9144797148527922,"width":0.9834335327148438,"height":0.1635382193106192,"source_id":0,"frame_num":862,"label":"car"}]}