{"schema_version":1,"timestamp_ms":1773270803834,"sequence":842,"detections":[{"class_id":2,"confidence":0.5502819418907166,"x_center":0.4178264617919922,"y_center":0.48825870090060763,"width":0.026337432861328124,"height":0.02915072970920139,"source_id":0,"frame_num":842,"label":"car"},{"class_id":2,"confidence":0.34778085350990295,"x_center":0.5057785511016846,"y_center":0.9127044395164207,"width":0.976227855682373,"height":0.16003988760489005,"source_id":0,"frame_num":842,"label":"car"}]}