{"schema_version":1,"timestamp_ms":1773270803018,"sequence":819,"detections":[{"class_id":2,"confidence":0.5503963232040405,"x_center":0.41391501426696775,"y_center":0.4915918138292101,"width":0.025570201873779296,"height":0.03079410129123264,"source_id":0,"frame_num":819,"label":"car"},{"class_id":2,"confidence":0.3411080837249756,"x_center":0.4929509162902832,"y_center":0.9094444840042679,"width":0.984681510925293,"height":0.17321466516565392,"source_id":0,"frame_num":819,"label":"car"},{"class_id":9,"confidence":0.2887018024921417,"x_center":0.8526261329650879,"y_center":0.5250558641221789,"width":0.04346027374267578,"height":0.0984586927625868,"source_id":0,"frame_num":819,"label":"traffic light"}]}