{"schema_version":1,"timestamp_ms":1773270790207,"sequence":455,"detections":[{"class_id":2,"confidence":0.8160571455955505,"x_center":0.08047865430514017,"y_center":0.5198683279531974,"width":0.09849164883295695,"height":0.10774541784215856,"source_id":0,"frame_num":455,"label":"car"},{"class_id":2,"confidence":0.6966040134429932,"x_center":0.3069092591603597,"y_center":0.5101341247558594,"width":0.0452513058980306,"height":0.045632086859809025,"source_id":0,"frame_num":455,"label":"car"},{"class_id":2,"confidence":0.5880225300788879,"x_center":0.2225037097930908,"y_center":0.49779137505425347,"width":0.03197193145751953,"height":0.03997972276475695,"source_id":0,"frame_num":455,"label":"car"},{"class_id":2,"confidence":0.2601674497127533,"x_center":0.4956690788269043,"y_center":0.9032999391908999,"width":0.9887258529663085,"height":0.1809003476743345,"source_id":0,"frame_num":455,"label":"car"}]}