{"schema_version":1,"timestamp_ms":1773270780414,"sequence":176,"detections":[{"class_id":2,"confidence":0.5748474597930908,"x_center":0.25844056606292726,"y_center":0.47908125983344185,"width":0.05200810432434082,"height":0.0663956536187066,"source_id":0,"frame_num":176,"label":"car"},{"class_id":2,"confidence":0.46488896012306213,"x_center":0.3737395922342936,"y_center":0.4792152404785156,"width":0.025125630696614585,"height":0.035846116807725696,"source_id":0,"frame_num":176,"label":"car"},{"class_id":2,"confidence":0.4263134002685547,"x_center":0.3216125011444092,"y_center":0.4710709889729818,"width":0.02433290481567383,"height":0.026193661159939235,"source_id":0,"frame_num":176,"label":"car"},{"class_id":2,"confidence":0.2593786418437958,"x_center":0.3482750733693441,"y_center":0.47305708991156686,"width":0.026590824127197266,"height":0.03454344007703993,"source_id":0,"frame_num":176,"label":"car"}]}