{"schema_version":1,"timestamp_ms":1773270783291,"sequence":265,"detections":[{"class_id":2,"confidence":0.75533127784729,"x_center":0.0665898064772288,"y_center":0.5168550279405382,"width":0.11397988398869832,"height":0.12512715657552084,"source_id":0,"frame_num":265,"label":"car"},{"class_id":2,"confidence":0.5278293490409851,"x_center":0.2746425151824951,"y_center":0.5045931780779803,"width":0.025839710235595705,"height":0.035272781937210645,"source_id":0,"frame_num":265,"label":"car"},{"class_id":2,"confidence":0.37153276801109314,"x_center":0.24825091361999513,"y_center":0.49833382500542533,"width":0.030542373657226562,"height":0.03264244927300347,"source_id":0,"frame_num":265,"label":"car"},{"class_id":2,"confidence":0.2611289620399475,"x_center":0.21930499076843263,"y_center":0.49547500610351564,"width":0.02658233642578125,"height":0.03292355007595486,"source_id":0,"frame_num":265,"label":"car"}]}