{"schema_version":1,"timestamp_ms":1773270783124,"sequence":260,"detections":[{"class_id":2,"confidence":0.594916820526123,"x_center":0.10809687773386638,"y_center":0.5151681688096789,"width":0.10311303138732911,"height":0.12316708034939236,"source_id":0,"frame_num":260,"label":"car"},{"class_id":2,"confidence":0.5005487203598022,"x_center":0.30264574686686196,"y_center":0.5042291711877893,"width":0.02749773661295573,"height":0.036487268518518516,"source_id":0,"frame_num":260,"label":"car"}]}