{"schema_version":1,"timestamp_ms":1773270811545,"sequence":1064,"detections":[{"class_id":2,"confidence":0.2767516076564789,"x_center":0.47361582120259604,"y_center":0.9133088571053964,"width":0.9369661013285319,"height":0.15861019558376735,"source_id":0,"frame_num":1064,"label":"car"}]}