{"schema_version":1,"timestamp_ms":1773270804694,"sequence":868,"detections":[{"class_id":2,"confidence":0.40954554080963135,"x_center":0.4198413372039795,"y_center":0.4878793363217954,"width":0.026331233978271484,"height":0.028238564950448495,"source_id":0,"frame_num":868,"label":"car"},{"class_id":2,"confidence":0.3736422657966614,"x_center":0.4314901351928711,"y_center":0.48735436333550347,"width":0.022314071655273438,"height":0.026552666558159722,"source_id":0,"frame_num":868,"label":"car"},{"class_id":2,"confidence":0.35600414872169495,"x_center":0.3828515847524007,"y_center":0.491117830629702,"width":0.018395519256591795,"height":0.028250630696614584,"source_id":0,"frame_num":868,"label":"car"}]}