{"schema_version":1,"timestamp_ms":1773270776404,"sequence":54,"detections":[{"class_id":11,"confidence":0.9389742612838745,"x_center":0.8795916239420573,"y_center":0.29712448120117185,"width":0.07173805236816407,"height":0.13634101019965278,"source_id":0,"frame_num":54,"label":"stop sign"},{"class_id":2,"confidence":0.7255980968475342,"x_center":0.6895897865295411,"y_center":0.5096888224283854,"width":0.1914590835571289,"height":0.11556159125434028,"source_id":0,"frame_num":54,"label":"car"}]}