{"schema_version":1,"timestamp_ms":1773270779564,"sequence":150,"detections":[{"class_id":2,"confidence":0.6567654013633728,"x_center":0.2697504997253418,"y_center":0.47148700290256074,"width":0.04154644012451172,"height":0.05699683295355903,"source_id":0,"frame_num":150,"label":"car"},{"class_id":2,"confidence":0.3719477355480194,"x_center":0.22636573314666747,"y_center":0.4633534749348958,"width":0.025309991836547852,"height":0.024186197916666666,"source_id":0,"frame_num":150,"label":"car"},{"class_id":2,"confidence":0.2858465611934662,"x_center":0.24250516891479493,"y_center":0.4614974127875434,"width":0.01349344253540039,"height":0.02085045708550347,"source_id":0,"frame_num":150,"label":"car"}]}