{"schema_version":1,"timestamp_ms":1773270808201,"sequence":965,"detections":[{"class_id":2,"confidence":0.745271623134613,"x_center":0.29979011217753093,"y_center":0.5167498270670573,"width":0.073572572072347,"height":0.08551110161675347,"source_id":0,"frame_num":965,"label":"car"},{"class_id":2,"confidence":0.4825764298439026,"x_center":0.4808359146118164,"y_center":0.49288351270887587,"width":0.025445556640625,"height":0.04501266479492187,"source_id":0,"frame_num":965,"label":"car"},{"class_id":2,"confidence":0.2865077555179596,"x_center":0.4507941563924154,"y_center":0.4921625631826895,"width":0.021103668212890624,"height":0.03657613683629919,"source_id":0,"frame_num":965,"label":"car"}]}