{"schema_version":1,"timestamp_ms":1773270799054,"sequence":702,"detections":[{"class_id":2,"confidence":0.3126625120639801,"x_center":0.4027282555898031,"y_center":0.4893426541928892,"width":0.02139724095662435,"height":0.03510908903899016,"source_id":0,"frame_num":702,"label":"car"},{"class_id":2,"confidence":0.2922010123729706,"x_center":0.4965858777364095,"y_center":0.9049016034161603,"width":0.9889565149943034,"height":0.17638747603804977,"source_id":0,"frame_num":702,"label":"car"}]}