{"schema_version":1,"timestamp_ms":1773270782994,"sequence":256,"detections":[{"class_id":2,"confidence":0.627701997756958,"x_center":0.13582772016525269,"y_center":0.5151547608552156,"width":0.09694187641143799,"height":0.11859975744176794,"source_id":0,"frame_num":256,"label":"car"},{"class_id":2,"confidence":0.35754531621932983,"x_center":0.320779546101888,"y_center":0.503104485405816,"width":0.027942466735839843,"height":0.03746303982204861,"source_id":0,"frame_num":256,"label":"car"},{"class_id":2,"confidence":0.27421537041664124,"x_center":0.29668896993001304,"y_center":0.500278811984592,"width":0.025520896911621092,"height":0.030835469563802082,"source_id":0,"frame_num":256,"label":"car"}]}