{"schema_version":1,"timestamp_ms":1773270775820,"sequence":36,"detections":[{"class_id":11,"confidence":0.7970393300056458,"x_center":0.7538341522216797,"y_center":0.3493569691975911,"width":0.05187301635742188,"height":0.09176101684570312,"source_id":0,"frame_num":36,"label":"stop sign"},{"class_id":2,"confidence":0.4306425154209137,"x_center":0.6919830640157064,"y_center":0.5068251715766059,"width":0.1509946823120117,"height":0.09260982937282985,"source_id":0,"frame_num":36,"label":"car"}]}