{"schema_version":1,"timestamp_ms":1773270802718,"sequence":810,"detections":[{"class_id":2,"confidence":0.4232710897922516,"x_center":0.4130579471588135,"y_center":0.49091754489474826,"width":0.02510099411010742,"height":0.03279605441623264,"source_id":0,"frame_num":810,"label":"car"},{"class_id":2,"confidence":0.337708443403244,"x_center":0.46484966278076173,"y_center":0.9054300661440249,"width":0.9296993255615235,"height":0.17730673330801505,"source_id":0,"frame_num":810,"label":"car"}]}