{"schema_version":1,"timestamp_ms":1773270805794,"sequence":900,"detections":[{"class_id":2,"confidence":0.503993034362793,"x_center":0.3716126441955566,"y_center":0.4934173301414207,"width":0.02769050598144531,"height":0.031597617820457176,"source_id":0,"frame_num":900,"label":"car"},{"class_id":2,"confidence":0.4364266097545624,"x_center":0.49715356826782225,"y_center":0.9129676253707321,"width":0.9883302688598633,"height":0.16532248037832756,"source_id":0,"frame_num":900,"label":"car"},{"class_id":2,"confidence":0.3144626021385193,"x_center":0.44723081588745117,"y_center":0.4884580541540075,"width":0.0172607421875,"height":0.02722625732421875,"source_id":0,"frame_num":900,"label":"car"}]}