{"schema_version":1,"timestamp_ms":1773270803304,"sequence":827,"detections":[{"class_id":2,"confidence":0.45011258125305176,"x_center":0.5043948968251546,"y_center":0.9151487279821325,"width":0.9888566652933757,"height":0.15426019739221644,"source_id":0,"frame_num":827,"label":"car"},{"class_id":2,"confidence":0.339346706867218,"x_center":0.414646053314209,"y_center":0.48990614149305556,"width":0.025168228149414062,"height":0.03131679958767361,"source_id":0,"frame_num":827,"label":"car"}]}