{"schema_version":1,"timestamp_ms":1773270802951,"sequence":817,"detections":[{"class_id":2,"confidence":0.6110435128211975,"x_center":0.4129793167114258,"y_center":0.49224926983868633,"width":0.026598167419433594,"height":0.03127237955729167,"source_id":0,"frame_num":817,"label":"car"},{"class_id":2,"confidence":0.3616770803928375,"x_center":0.49548768997192383,"y_center":0.9072526719835069,"width":0.989055061340332,"height":0.175677490234375,"source_id":0,"frame_num":817,"label":"car"}]}