{"schema_version":1,"timestamp_ms":1773270777435,"sequence":86,"detections":[{"class_id":2,"confidence":0.8168553113937378,"x_center":0.5896129767100017,"y_center":0.5077927766022858,"width":0.2472564379374186,"height":0.1687736228660301,"source_id":0,"frame_num":86,"label":"car"},{"class_id":2,"confidence":0.26169291138648987,"x_center":0.3324061075846354,"y_center":0.4699629889594184,"width":0.02085711161295573,"height":0.019646030002170137,"source_id":0,"frame_num":86,"label":"car"}]}