{"schema_version":1,"timestamp_ms":1773270804026,"sequence":848,"detections":[{"class_id":2,"confidence":0.28220996260643005,"x_center":0.4262706756591797,"y_center":0.48746662846317995,"width":0.02117500305175781,"height":0.026629243073640046,"source_id":0,"frame_num":848,"label":"car"},{"class_id":2,"confidence":0.27306699752807617,"x_center":0.41963070233662925,"y_center":0.4871843126085069,"width":0.02837095260620117,"height":0.029936726888020834,"source_id":0,"frame_num":848,"label":"car"},{"class_id":2,"confidence":0.2709096670150757,"x_center":0.5075313568115234,"y_center":0.9202864752875434,"width":0.9839267730712891,"height":0.14913177490234375,"source_id":0,"frame_num":848,"label":"car"}]}