{"schema_version":1,"timestamp_ms":1773270803472,"sequence":832,"detections":[{"class_id":2,"confidence":0.410832941532135,"x_center":0.4166478157043457,"y_center":0.4901582223397714,"width":0.026949691772460937,"height":0.029146491156684027,"source_id":0,"frame_num":832,"label":"car"},{"class_id":2,"confidence":0.3798213303089142,"x_center":0.4735880851745605,"y_center":0.9076297336154514,"width":0.9448003768920898,"height":0.16915961371527777,"source_id":0,"frame_num":832,"label":"car"}]}