{"schema_version":1,"timestamp_ms":1773270805721,"sequence":898,"detections":[{"class_id":2,"confidence":0.5838176012039185,"x_center":0.37220377922058107,"y_center":0.4928972597475405,"width":0.02654237747192383,"height":0.030484686957465278,"source_id":0,"frame_num":898,"label":"car"},{"class_id":2,"confidence":0.4663955867290497,"x_center":0.4457980155944824,"y_center":0.4883709377712674,"width":0.017769622802734374,"height":0.026436360677083333,"source_id":0,"frame_num":898,"label":"car"},{"class_id":2,"confidence":0.41363048553466797,"x_center":0.49036245346069335,"y_center":0.9117022761592158,"width":0.9770116806030273,"height":0.16456767894603588,"source_id":0,"frame_num":898,"label":"car"}]}