{"schema_version":1,"timestamp_ms":1773270809240,"sequence":994,"detections":[{"class_id":2,"confidence":0.9036465883255005,"x_center":0.0840495467185974,"y_center":0.6214017514829282,"width":0.16805803775787354,"height":0.33419313783998844,"source_id":0,"frame_num":994,"label":"car"},{"class_id":2,"confidence":0.2865479290485382,"x_center":0.7554323514302571,"y_center":0.9306645428692853,"width":0.4879700342814128,"height":0.1205301355432581,"source_id":0,"frame_num":994,"label":"car"}]}