{"schema_version":1,"timestamp_ms":1773270804957,"sequence":876,"detections":[{"class_id":2,"confidence":0.43291881680488586,"x_center":0.3792202313741048,"y_center":0.4907544171368634,"width":0.02302207946777344,"height":0.025426228841145832,"source_id":0,"frame_num":876,"label":"car"},{"class_id":2,"confidence":0.2890487015247345,"x_center":0.507520055770874,"y_center":0.9172936050980179,"width":0.9825104713439942,"height":0.15499386257595485,"source_id":0,"frame_num":876,"label":"car"}]}