{"schema_version":1,"timestamp_ms":1773270802523,"sequence":804,"detections":[{"class_id":2,"confidence":0.530642569065094,"x_center":0.413117504119873,"y_center":0.4900182935926649,"width":0.023107147216796874,"height":0.03488650851779514,"source_id":0,"frame_num":804,"label":"car"},{"class_id":2,"confidence":0.4606245756149292,"x_center":0.49097394943237305,"y_center":0.9068416454173901,"width":0.9819478988647461,"height":0.1749275490089699,"source_id":0,"frame_num":804,"label":"car"}]}