{"schema_version":1,"timestamp_ms":1773270803375,"sequence":829,"detections":[{"class_id":2,"confidence":0.383772075176239,"x_center":0.49212207794189455,"y_center":0.9121305677625868,"width":0.9842441558837891,"height":0.1598425971137153,"source_id":0,"frame_num":829,"label":"car"},{"class_id":2,"confidence":0.30844631791114807,"x_center":0.41489496231079104,"y_center":0.48981005350748696,"width":0.02443351745605469,"height":0.03152389526367187,"source_id":0,"frame_num":829,"label":"car"}]}