{"schema_version":1,"timestamp_ms":1773270806888,"sequence":933,"detections":[{"class_id":2,"confidence":0.7704923748970032,"x_center":0.3535092830657959,"y_center":0.4993053577564381,"width":0.035853099822998044,"height":0.044388665093315974,"source_id":0,"frame_num":933,"label":"car"},{"class_id":2,"confidence":0.5473366975784302,"x_center":0.4702121734619141,"y_center":0.48893507498281974,"width":0.028113746643066408,"height":0.03781125103985822,"source_id":0,"frame_num":933,"label":"car"},{"class_id":2,"confidence":0.4732959270477295,"x_center":0.43705585797627766,"y_center":0.4891154960349754,"width":0.02153615951538086,"height":0.033391458016854746,"source_id":0,"frame_num":933,"label":"car"},{"class_id":2,"confidence":0.2694700360298157,"x_center":0.46135926246643066,"y_center":0.9145343921802662,"width":0.921845531463623,"height":0.15904179325810186,"source_id":0,"frame_num":933,"label":"car"}]}