{"schema_version":1,"timestamp_ms":1773270805975,"sequence":905,"detections":[{"class_id":2,"confidence":0.5254837870597839,"x_center":0.3700448513031006,"y_center":0.49401926111291955,"width":0.028385066986083986,"height":0.031920539008246526,"source_id":0,"frame_num":905,"label":"car"},{"class_id":2,"confidence":0.3014627993106842,"x_center":0.49203786849975584,"y_center":0.9113099557382089,"width":0.9834405899047851,"height":0.16790698016131367,"source_id":0,"frame_num":905,"label":"car"}]}