{"schema_version":1,"timestamp_ms":1773270776558,"sequence":59,"detections":[{"class_id":11,"confidence":0.9279829859733582,"x_center":0.9287108421325684,"y_center":0.2785888671875,"width":0.07770633697509766,"height":0.14696773952907985,"source_id":0,"frame_num":59,"label":"stop sign"},{"class_id":2,"confidence":0.7922534942626953,"x_center":0.6822089831034343,"y_center":0.5081812681975189,"width":0.19700298309326172,"height":0.12048608285409433,"source_id":0,"frame_num":59,"label":"car"},{"class_id":7,"confidence":0.515590250492096,"x_center":0.6837477684020996,"y_center":0.509805749963831,"width":0.19306774139404298,"height":0.12013651529947916,"source_id":0,"frame_num":59,"label":"truck"}]}