{"schema_version":1,"timestamp_ms":1773270804392,"sequence":859,"detections":[{"class_id":2,"confidence":0.37140175700187683,"x_center":0.4210702896118164,"y_center":0.48838575857656974,"width":0.03172016143798828,"height":0.02917036833586516,"source_id":0,"frame_num":859,"label":"car"},{"class_id":2,"confidence":0.34829017519950867,"x_center":0.3849375089009603,"y_center":0.49067168059172456,"width":0.018801116943359376,"height":0.02966376410590278,"source_id":0,"frame_num":859,"label":"car"},{"class_id":2,"confidence":0.2983248233795166,"x_center":0.50616987546285,"y_center":0.9112062242296007,"width":0.984720007578532,"height":0.17024027506510417,"source_id":0,"frame_num":859,"label":"car"}]}