{"schema_version":1,"timestamp_ms":1773270808129,"sequence":963,"detections":[{"class_id":2,"confidence":0.7566956281661987,"x_center":0.30387962659200035,"y_center":0.5156090630425347,"width":0.06816225051879883,"height":0.08152194552951389,"source_id":0,"frame_num":963,"label":"car"},{"class_id":2,"confidence":0.5027593970298767,"x_center":0.48042190869649254,"y_center":0.4935741000705295,"width":0.02355947494506836,"height":0.04348602294921875,"source_id":0,"frame_num":963,"label":"car"},{"class_id":2,"confidence":0.48064136505126953,"x_center":0.4503167629241943,"y_center":0.49303340205439816,"width":0.021905231475830077,"height":0.037554931640625,"source_id":0,"frame_num":963,"label":"car"},{"class_id":2,"confidence":0.25964030623435974,"x_center":0.45638755162556965,"y_center":0.9151282416449653,"width":0.9127751032511393,"height":0.15930379231770833,"source_id":0,"frame_num":963,"label":"car"}]}