{"schema_version":1,"timestamp_ms":1773270798070,"sequence":673,"detections":[{"class_id":2,"confidence":0.26992735266685486,"x_center":0.3963483810424805,"y_center":0.4872554920337818,"width":0.020281600952148437,"height":0.0375295568395544,"source_id":0,"frame_num":673,"label":"car"},{"class_id":2,"confidence":0.2505844831466675,"x_center":0.4970207214355469,"y_center":0.9108070090964988,"width":0.9885707855224609,"height":0.1678596779152199,"source_id":0,"frame_num":673,"label":"car"}]}