{"schema_version":1,"timestamp_ms":1773270782162,"sequence":230,"detections":[{"class_id":2,"confidence":0.8836186528205872,"x_center":0.21983203093210857,"y_center":0.500561269124349,"width":0.07613844871520996,"height":0.0989256117078993,"source_id":0,"frame_num":230,"label":"car"},{"class_id":2,"confidence":0.8184158205986023,"x_center":0.8094883600870768,"y_center":0.55699542010272,"width":0.3806324005126953,"height":0.27200645164207177,"source_id":0,"frame_num":230,"label":"car"},{"class_id":2,"confidence":0.4501726031303406,"x_center":0.34639458656311034,"y_center":0.48934896963614005,"width":0.026520442962646485,"height":0.031351725260416664,"source_id":0,"frame_num":230,"label":"car"},{"class_id":2,"confidence":0.3908820152282715,"x_center":0.37022651036580406,"y_center":0.4907517468487775,"width":0.02741076151529948,"height":0.0358037030255353,"source_id":0,"frame_num":230,"label":"car"}]}