{"schema_version":1,"timestamp_ms":1773270779538,"sequence":149,"detections":[{"class_id":2,"confidence":0.7398458123207092,"x_center":0.036078798770904544,"y_center":0.5967832777235244,"width":0.07215759754180909,"height":0.5006144205729167,"source_id":0,"frame_num":149,"label":"car"},{"class_id":2,"confidence":0.7002795338630676,"x_center":0.27005887031555176,"y_center":0.47188339233398435,"width":0.04105958938598633,"height":0.05665808783637153,"source_id":0,"frame_num":149,"label":"car"},{"class_id":2,"confidence":0.40223297476768494,"x_center":0.22893800735473632,"y_center":0.46297583403410736,"width":0.025835132598876952,"height":0.02418294835973669,"source_id":0,"frame_num":149,"label":"car"},{"class_id":2,"confidence":0.2575761675834656,"x_center":0.24064749876658123,"y_center":0.4605587429470486,"width":0.016205263137817384,"height":0.022184244791666665,"source_id":0,"frame_num":149,"label":"car"}]}