{"schema_version":1,"timestamp_ms":1773270780477,"sequence":178,"detections":[{"class_id":2,"confidence":0.6430535316467285,"x_center":0.25701743761698403,"y_center":0.4797369215223524,"width":0.05000581741333008,"height":0.0671663072374132,"source_id":0,"frame_num":178,"label":"car"},{"class_id":2,"confidence":0.5079203844070435,"x_center":0.32174843152364097,"y_center":0.47143020629882815,"width":0.024596118927001955,"height":0.027538553873697916,"source_id":0,"frame_num":178,"label":"car"},{"class_id":2,"confidence":0.48563721776008606,"x_center":0.37366048494974774,"y_center":0.48002114472565827,"width":0.024938933054606118,"height":0.03435445714879919,"source_id":0,"frame_num":178,"label":"car"},{"class_id":2,"confidence":0.25634437799453735,"x_center":0.34840343793233236,"y_center":0.47256544607656975,"width":0.026729551951090495,"height":0.03600393224645544,"source_id":0,"frame_num":178,"label":"car"}]}