{"schema_version":1,"timestamp_ms":1773270806712,"sequence":928,"detections":[{"class_id":2,"confidence":0.6714879870414734,"x_center":0.3578315258026123,"y_center":0.4993459630895544,"width":0.033527469635009764,"height":0.03927069769965278,"source_id":0,"frame_num":928,"label":"car"},{"class_id":2,"confidence":0.6037935018539429,"x_center":0.4332894325256348,"y_center":0.4906338161892361,"width":0.021728515625,"height":0.03249138726128472,"source_id":0,"frame_num":928,"label":"car"},{"class_id":2,"confidence":0.3461812734603882,"x_center":0.7549980640411377,"y_center":0.9194130508987992,"width":0.48584394454956054,"height":0.139167559588397,"source_id":0,"frame_num":928,"label":"car"}]}