{"schema_version":1,"timestamp_ms":1773270803201,"sequence":824,"detections":[{"class_id":2,"confidence":0.4408549964427948,"x_center":0.4145211219787598,"y_center":0.48960629215946905,"width":0.025809860229492186,"height":0.03155413027162905,"source_id":0,"frame_num":824,"label":"car"},{"class_id":2,"confidence":0.357197105884552,"x_center":0.4936863899230957,"y_center":0.9122667100694445,"width":0.9846647262573243,"height":0.1607387966579861,"source_id":0,"frame_num":824,"label":"car"}]}