{"schema_version":1,"timestamp_ms":1773270779077,"sequence":136,"detections":[{"class_id":2,"confidence":0.8599295616149902,"x_center":0.15587061246236164,"y_center":0.5728209177652995,"width":0.3112924257914225,"height":0.4641153123643663,"source_id":0,"frame_num":136,"label":"car"},{"class_id":0,"confidence":0.44349440932273865,"x_center":0.06512698928515116,"y_center":0.4361397072120949,"width":0.06528184016545614,"height":0.09468033402054399,"source_id":0,"frame_num":136,"label":"person"},{"class_id":2,"confidence":0.3065446615219116,"x_center":0.37417295773824055,"y_center":0.4693520157425492,"width":0.023853270212809245,"height":0.03695955629701968,"source_id":0,"frame_num":136,"label":"car"},{"class_id":0,"confidence":0.2874827980995178,"x_center":0.052971601486206055,"y_center":0.4322235107421875,"width":0.037904787063598636,"height":0.08091193305121527,"source_id":0,"frame_num":136,"label":"person"}]}