{"schema_version":1,"timestamp_ms":1773270804325,"sequence":857,"detections":[{"class_id":2,"confidence":0.4684741497039795,"x_center":0.42153733571370444,"y_center":0.48828116522894965,"width":0.032932472229003903,"height":0.029349263509114584,"source_id":0,"frame_num":857,"label":"car"},{"class_id":2,"confidence":0.3414851427078247,"x_center":0.46262025833129883,"y_center":0.9096132066514757,"width":0.9252405166625977,"height":0.17736172146267362,"source_id":0,"frame_num":857,"label":"car"},{"class_id":2,"confidence":0.2913762032985687,"x_center":0.3855910778045654,"y_center":0.4909701594599971,"width":0.01952962875366211,"height":0.028814527723524306,"source_id":0,"frame_num":857,"label":"car"},{"class_id":2,"confidence":0.27706316113471985,"x_center":0.7158158779144287,"y_center":0.9132123876501013,"width":0.5637494087219238,"height":0.15451552779586228,"source_id":0,"frame_num":857,"label":"car"}]}