{"schema_version":1,"timestamp_ms":1773270799509,"sequence":715,"detections":[{"class_id":2,"confidence":0.5364281535148621,"x_center":0.40482571919759114,"y_center":0.49120223433883103,"width":0.01925792694091797,"height":0.03337718822337963,"source_id":0,"frame_num":715,"label":"car"},{"class_id":2,"confidence":0.34933361411094666,"x_center":0.4977994918823242,"y_center":0.9122790866427951,"width":0.9890266418457031,"height":0.16813795301649306,"source_id":0,"frame_num":715,"label":"car"}]}