{"schema_version":1,"timestamp_ms":1773270800777,"sequence":752,"detections":[{"class_id":2,"confidence":0.3583235442638397,"x_center":0.026108588774998984,"y_center":0.554187661630136,"width":0.0520726482073466,"height":0.05438012017144097,"source_id":0,"frame_num":752,"label":"car"},{"class_id":2,"confidence":0.2712603211402893,"x_center":0.46270313262939455,"y_center":0.913453956886574,"width":0.9254062652587891,"height":0.16183313440393518,"source_id":0,"frame_num":752,"label":"car"}]}