{"schema_version":1,"timestamp_ms":1773270808660,"sequence":978,"detections":[{"class_id":2,"confidence":0.7029614448547363,"x_center":0.23682012557983398,"y_center":0.5345703972710504,"width":0.12212772369384765,"height":0.1291871812608507,"source_id":0,"frame_num":978,"label":"car"},{"class_id":2,"confidence":0.29842591285705566,"x_center":0.5075288772583008,"y_center":0.9178500140154803,"width":0.9632003784179688,"height":0.15038463451244213,"source_id":0,"frame_num":978,"label":"car"}]}