{"schema_version":1,"timestamp_ms":1773270780544,"sequence":180,"detections":[{"class_id":2,"confidence":0.6365671157836914,"x_center":0.2561923901240031,"y_center":0.479635097362377,"width":0.050713237126668295,"height":0.06835815994827836,"source_id":0,"frame_num":180,"label":"car"},{"class_id":2,"confidence":0.506890594959259,"x_center":0.3217049757639567,"y_center":0.47170064007794416,"width":0.02523317337036133,"height":0.027547002721715858,"source_id":0,"frame_num":180,"label":"car"},{"class_id":2,"confidence":0.5001100301742554,"x_center":0.37338733673095703,"y_center":0.4804961593062789,"width":0.025299072265625,"height":0.034557653356481484,"source_id":0,"frame_num":180,"label":"car"},{"class_id":2,"confidence":0.2691304385662079,"x_center":0.3484540303548177,"y_center":0.47231877644856773,"width":0.026362800598144533,"height":0.03663618299696181,"source_id":0,"frame_num":180,"label":"car"}]}