{"schema_version":1,"timestamp_ms":1773270797779,"sequence":664,"detections":[{"class_id":2,"confidence":0.5235095024108887,"x_center":0.393027671178182,"y_center":0.4895442397506149,"width":0.021369457244873047,"height":0.032224273681640624,"source_id":0,"frame_num":664,"label":"car"},{"class_id":2,"confidence":0.3589007258415222,"x_center":0.7537896951039632,"y_center":0.9215764363606771,"width":0.4853776613871256,"height":0.1374298095703125,"source_id":0,"frame_num":664,"label":"car"}]}