{"schema_version":1,"timestamp_ms":1773270804291,"sequence":856,"detections":[{"class_id":2,"confidence":0.4829026460647583,"x_center":0.4235417366027832,"y_center":0.48857430352105036,"width":0.031853866577148435,"height":0.027527703179253474,"source_id":0,"frame_num":856,"label":"car"},{"class_id":2,"confidence":0.38340917229652405,"x_center":0.4722791035970052,"y_center":0.9087844566062645,"width":0.9445582071940104,"height":0.17505826596860533,"source_id":0,"frame_num":856,"label":"car"},{"class_id":2,"confidence":0.25023481249809265,"x_center":0.38558001518249513,"y_center":0.492198152895327,"width":0.01837606430053711,"height":0.028545973036024304,"source_id":0,"frame_num":856,"label":"car"}]}