{"schema_version":1,"timestamp_ms":1773270783457,"sequence":270,"detections":[{"class_id":2,"confidence":0.8025989532470703,"x_center":0.03796742061773936,"y_center":0.5162396607575593,"width":0.07571217020352682,"height":0.13181047792787906,"source_id":0,"frame_num":270,"label":"car"},{"class_id":2,"confidence":0.3325470983982086,"x_center":0.18525271415710448,"y_center":0.49396000614872687,"width":0.028919696807861328,"height":0.03360358344184028,"source_id":0,"frame_num":270,"label":"car"}]}