{"schema_version":1,"timestamp_ms":1773270808380,"sequence":970,"detections":[{"class_id":2,"confidence":0.7664299607276917,"x_center":0.28027960459391277,"y_center":0.5227380540635851,"width":0.08670094807942709,"height":0.09817996554904514,"source_id":0,"frame_num":970,"label":"car"},{"class_id":2,"confidence":0.37955087423324585,"x_center":0.718767499923706,"y_center":0.9114810519748264,"width":0.48497514724731444,"height":0.157794189453125,"source_id":0,"frame_num":970,"label":"car"},{"class_id":2,"confidence":0.3223387598991394,"x_center":0.48125462532043456,"y_center":0.49263763427734375,"width":0.02772035598754883,"height":0.048399861653645834,"source_id":0,"frame_num":970,"label":"car"},{"class_id":2,"confidence":0.2574598789215088,"x_center":0.4800365447998047,"y_center":0.9126328927499276,"width":0.9021175384521485,"height":0.16347684507016783,"source_id":0,"frame_num":970,"label":"car"}]}