{"schema_version":1,"timestamp_ms":1773270775427,"sequence":25,"detections":[{"class_id":11,"confidence":0.7506839036941528,"x_center":0.702523136138916,"y_center":0.37049552069769964,"width":0.04517574310302734,"height":0.07630700005425348,"source_id":0,"frame_num":25,"label":"stop sign"},{"class_id":7,"confidence":0.42973053455352783,"x_center":0.6939607302347819,"y_center":0.503397058557581,"width":0.15059642791748046,"height":0.10924513075086806,"source_id":0,"frame_num":25,"label":"truck"},{"class_id":2,"confidence":0.38031038641929626,"x_center":0.38444995880126953,"y_center":0.48629659016927085,"width":0.021503448486328125,"height":0.022373453776041666,"source_id":0,"frame_num":25,"label":"car"},{"class_id":2,"confidence":0.2527810335159302,"x_center":0.6249267896016438,"y_center":0.5202548556857639,"width":0.021151924133300783,"height":0.05347866482204861,"source_id":0,"frame_num":25,"label":"car"}]}