{"schema_version":1,"timestamp_ms":1773270803340,"sequence":828,"detections":[{"class_id":2,"confidence":0.38979727029800415,"x_center":0.4531687259674072,"y_center":0.9138391847963686,"width":0.9035979270935058,"height":0.15832785147207754,"source_id":0,"frame_num":828,"label":"car"},{"class_id":2,"confidence":0.3360086679458618,"x_center":0.41498169898986814,"y_center":0.49002532958984374,"width":0.02456941604614258,"height":0.03010186089409722,"source_id":0,"frame_num":828,"label":"car"}]}