{"schema_version":1,"timestamp_ms":1773270799774,"sequence":723,"detections":[{"class_id":2,"confidence":0.4187201261520386,"x_center":0.16106023788452148,"y_center":0.5286315635398582,"width":0.03073854446411133,"height":0.03159298366970486,"source_id":0,"frame_num":723,"label":"car"},{"class_id":2,"confidence":0.4103959798812866,"x_center":0.40587825775146485,"y_center":0.4892678861264829,"width":0.0191558837890625,"height":0.03181319060149016,"source_id":0,"frame_num":723,"label":"car"}]}