{"schema_version":1,"timestamp_ms":1773270781396,"sequence":206,"detections":[{"class_id":2,"confidence":0.8632445335388184,"x_center":0.23936562538146972,"y_center":0.5395019955105251,"width":0.47218618392944334,"height":0.28563902113172746,"source_id":0,"frame_num":206,"label":"car"},{"class_id":2,"confidence":0.3155817985534668,"x_center":0.5893152236938477,"y_center":0.5339433458116319,"width":0.03144569396972656,"height":0.048191663953993054,"source_id":0,"frame_num":206,"label":"car"}]}