{"schema_version":1,"timestamp_ms":1773270799380,"sequence":711,"detections":[{"class_id":2,"confidence":0.48253363370895386,"x_center":0.40402401288350426,"y_center":0.4914364284939236,"width":0.019171619415283205,"height":0.03279486762152778,"source_id":0,"frame_num":711,"label":"car"},{"class_id":2,"confidence":0.3666723370552063,"x_center":0.46279557545979816,"y_center":0.9100385595251013,"width":0.9255911509195963,"height":0.16838746247468173,"source_id":0,"frame_num":711,"label":"car"}]}