{"schema_version":1,"timestamp_ms":1773270783521,"sequence":272,"detections":[{"class_id":2,"confidence":0.6267074942588806,"x_center":0.026524698734283446,"y_center":0.5162807040744357,"width":0.05288441181182861,"height":0.1364323933919271,"source_id":0,"frame_num":272,"label":"car"},{"class_id":2,"confidence":0.39538678526878357,"x_center":0.2236846923828125,"y_center":0.5022534123173467,"width":0.027191925048828124,"height":0.038245928729021994,"source_id":0,"frame_num":272,"label":"car"},{"class_id":2,"confidence":0.27351754903793335,"x_center":0.15992000897725422,"y_center":0.4930145828812211,"width":0.01903212865193685,"height":0.02974005805121528,"source_id":0,"frame_num":272,"label":"car"},{"class_id":2,"confidence":0.2545844614505768,"x_center":0.08113489945729574,"y_center":0.4910366199634693,"width":0.014777374267578126,"height":0.016968282063802083,"source_id":0,"frame_num":272,"label":"car"}]}