{"schema_version":1,"timestamp_ms":1773270799235,"sequence":707,"detections":[{"class_id":2,"confidence":0.374700129032135,"x_center":0.40412896474202475,"y_center":0.49132029215494794,"width":0.0202484130859375,"height":0.032523261176215276,"source_id":0,"frame_num":707,"label":"car"},{"class_id":2,"confidence":0.3310878872871399,"x_center":0.5019286155700684,"y_center":0.9135193436234086,"width":0.9708368301391601,"height":0.16290497956452546,"source_id":0,"frame_num":707,"label":"car"}]}