{"schema_version":1,"timestamp_ms":1773270775928,"sequence":39,"detections":[{"class_id":11,"confidence":0.8659639954566956,"x_center":0.7700831413269043,"y_center":0.3422347174750434,"width":0.05478878021240234,"height":0.10200907389322916,"source_id":0,"frame_num":39,"label":"stop sign"},{"class_id":2,"confidence":0.6822117567062378,"x_center":0.6995701789855957,"y_center":0.5080349957501447,"width":0.16681270599365233,"height":0.09746828432436343,"source_id":0,"frame_num":39,"label":"car"}]}