{"schema_version":1,"timestamp_ms":1773270811879,"sequence":1074,"detections":[{"class_id":2,"confidence":0.30110612511634827,"x_center":0.5229604721069336,"y_center":0.9184792130081741,"width":0.9460556030273437,"height":0.15645000316478588,"source_id":0,"frame_num":1074,"label":"car"},{"class_id":2,"confidence":0.3002670109272003,"x_center":0.42040847142537435,"y_center":0.9402659098307292,"width":0.20964221954345702,"height":0.11649509006076389,"source_id":0,"frame_num":1074,"label":"car"},{"class_id":2,"confidence":0.2987079322338104,"x_center":0.5288866996765137,"y_center":0.48782529477719905,"width":0.02075023651123047,"height":0.02888782642505787,"source_id":0,"frame_num":1074,"label":"car"}]}