{"schema_version":1,"timestamp_ms":1773270806433,"sequence":919,"detections":[{"class_id":2,"confidence":0.6159237623214722,"x_center":0.36330922444661456,"y_center":0.4991144816080729,"width":0.031230926513671875,"height":0.03272433810763889,"source_id":0,"frame_num":919,"label":"car"},{"class_id":2,"confidence":0.4192819595336914,"x_center":0.4292877197265625,"y_center":0.4899609883626302,"width":0.018210601806640626,"height":0.02717776828342014,"source_id":0,"frame_num":919,"label":"car"},{"class_id":2,"confidence":0.3166501522064209,"x_center":0.4456066131591797,"y_center":0.9176655804669416,"width":0.8912132263183594,"height":0.15366713912398727,"source_id":0,"frame_num":919,"label":"car"}]}