{"schema_version":1,"timestamp_ms":1773270798371,"sequence":682,"detections":[{"class_id":2,"confidence":0.25768283009529114,"x_center":0.4935336112976074,"y_center":0.9125119527180989,"width":0.9851953506469726,"height":0.16480628119574653,"source_id":0,"frame_num":682,"label":"car"},{"class_id":2,"confidence":0.2515714764595032,"x_center":0.39818008740743,"y_center":0.48780350861725985,"width":0.020006465911865234,"height":0.03472872133608217,"source_id":0,"frame_num":682,"label":"car"}]}