{"schema_version":1,"timestamp_ms":1773270807144,"sequence":937,"detections":[{"class_id":2,"confidence":0.7566995620727539,"x_center":0.3493415196736654,"y_center":0.5010196261935764,"width":0.03794727325439453,"height":0.04515211317274306,"source_id":0,"frame_num":937,"label":"car"},{"class_id":2,"confidence":0.4728055000305176,"x_center":0.47176036834716795,"y_center":0.4887277956362124,"width":0.02680339813232422,"height":0.037769628454137734,"source_id":0,"frame_num":937,"label":"car"},{"class_id":2,"confidence":0.4527985751628876,"x_center":0.4385679244995117,"y_center":0.48980253714102284,"width":0.022136878967285157,"height":0.032445752179181137,"source_id":0,"frame_num":937,"label":"car"},{"class_id":2,"confidence":0.32506123185157776,"x_center":0.48832701047261556,"y_center":0.8932176378038195,"width":0.9730168978373209,"height":0.2007683648003472,"source_id":0,"frame_num":937,"label":"car"}]}