{"schema_version":1,"timestamp_ms":1773270779663,"sequence":153,"detections":[{"class_id":7,"confidence":0.5003287196159363,"x_center":0.26911101341247556,"y_center":0.4716176916051794,"width":0.03898134231567383,"height":0.05790766963252315,"source_id":0,"frame_num":153,"label":"truck"},{"class_id":2,"confidence":0.4556838870048523,"x_center":0.2226790428161621,"y_center":0.46457901000976565,"width":0.022957706451416017,"height":0.026013353135850695,"source_id":0,"frame_num":153,"label":"car"}]}