{"schema_version":1,"timestamp_ms":1773270776156,"sequence":46,"detections":[{"class_id":11,"confidence":0.92674320936203,"x_center":0.8153628349304199,"y_center":0.32265510559082033,"width":0.06058788299560547,"height":0.11146519978841146,"source_id":0,"frame_num":46,"label":"stop sign"},{"class_id":2,"confidence":0.6995027661323547,"x_center":0.6955037752787272,"y_center":0.510508374814634,"width":0.17781238555908202,"height":0.10752916689272281,"source_id":0,"frame_num":46,"label":"car"}]}