{"schema_version":1,"timestamp_ms":1773270778507,"sequence":118,"detections":[{"class_id":2,"confidence":0.9063546657562256,"x_center":0.313635245958964,"y_center":0.532995676111292,"width":0.39089852968851724,"height":0.29078942758065685,"source_id":0,"frame_num":118,"label":"car"},{"class_id":2,"confidence":0.2979764938354492,"x_center":0.5082608540852864,"y_center":0.9136353104202836,"width":0.9551310221354167,"height":0.16185065375434027,"source_id":0,"frame_num":118,"label":"car"}]}