{"schema_version":1,"timestamp_ms":1773270802852,"sequence":814,"detections":[{"class_id":2,"confidence":0.5417997241020203,"x_center":0.412154483795166,"y_center":0.4916363186306424,"width":0.026189613342285156,"height":0.031321207682291664,"source_id":0,"frame_num":814,"label":"car"},{"class_id":2,"confidence":0.32736441493034363,"x_center":0.49368762969970703,"y_center":0.9040887620713975,"width":0.9854969024658203,"height":0.18282385932074652,"source_id":0,"frame_num":814,"label":"car"}]}