{"schema_version":1,"timestamp_ms":1773270792009,"sequence":506,"detections":[{"class_id":2,"confidence":0.6947718858718872,"x_center":0.3969217300415039,"y_center":0.5213770265932436,"width":0.06252727508544922,"height":0.06700659857855903,"source_id":0,"frame_num":506,"label":"car"},{"class_id":7,"confidence":0.5764111280441284,"x_center":0.6132904370625814,"y_center":0.4896427437111183,"width":0.15271752675374348,"height":0.10583154183846932,"source_id":0,"frame_num":506,"label":"truck"},{"class_id":2,"confidence":0.47888121008872986,"x_center":0.2777511994043986,"y_center":0.5008779172544127,"width":0.026053984959920246,"height":0.03752661810980903,"source_id":0,"frame_num":506,"label":"car"},{"class_id":2,"confidence":0.31261977553367615,"x_center":0.43885412216186526,"y_center":0.9103516472710503,"width":0.8777082443237305,"height":0.17194739447699653,"source_id":0,"frame_num":506,"label":"car"}]}