{"schema_version":1,"timestamp_ms":1773270803962,"sequence":846,"detections":[{"class_id":2,"confidence":0.4715828001499176,"x_center":0.5067385196685791,"y_center":0.918823100902416,"width":0.9838309288024902,"height":0.1517499570493345,"source_id":0,"frame_num":846,"label":"car"},{"class_id":2,"confidence":0.37760472297668457,"x_center":0.41895017623901365,"y_center":0.4875193136709708,"width":0.028420066833496092,"height":0.02846456457067419,"source_id":0,"frame_num":846,"label":"car"},{"class_id":2,"confidence":0.26756319403648376,"x_center":0.4241072654724121,"y_center":0.48712748774775755,"width":0.024890327453613283,"height":0.026825346770109955,"source_id":0,"frame_num":846,"label":"car"}]}