{"schema_version":1,"timestamp_ms":1773270778184,"sequence":108,"detections":[{"class_id":2,"confidence":0.6718937754631042,"x_center":0.4301935036977132,"y_center":0.5231701462357132,"width":0.3265480359395345,"height":0.2302554377803096,"source_id":0,"frame_num":108,"label":"car"},{"class_id":7,"confidence":0.46843111515045166,"x_center":0.4312672297159831,"y_center":0.5223271546540437,"width":0.32365938822428386,"height":0.22931498774775752,"source_id":0,"frame_num":108,"label":"truck"},{"class_id":2,"confidence":0.3232477307319641,"x_center":0.28358774185180663,"y_center":0.46395879674840856,"width":0.030869674682617188,"height":0.03859648527922454,"source_id":0,"frame_num":108,"label":"car"}]}