{"schema_version":1,"timestamp_ms":1773270779762,"sequence":156,"detections":[{"class_id":2,"confidence":0.5030632019042969,"x_center":0.2222731113433838,"y_center":0.4652020631013093,"width":0.021744346618652342,"height":0.025830728036385996,"source_id":0,"frame_num":156,"label":"car"},{"class_id":7,"confidence":0.4989302456378937,"x_center":0.26841397285461427,"y_center":0.47288268760398583,"width":0.04026784896850586,"height":0.06190131858543113,"source_id":0,"frame_num":156,"label":"truck"},{"class_id":2,"confidence":0.4426627457141876,"x_center":0.26811951796213784,"y_center":0.47317640516493054,"width":0.040613444646199544,"height":0.06150105794270833,"source_id":0,"frame_num":156,"label":"car"},{"class_id":2,"confidence":0.27328118681907654,"x_center":0.37349324226379393,"y_center":0.47393052842881944,"width":0.02390260696411133,"height":0.03311191134982639,"source_id":0,"frame_num":156,"label":"car"}]}