{"schema_version":1,"timestamp_ms":1773270783981,"sequence":286,"detections":[{"class_id":2,"confidence":0.5754824280738831,"x_center":0.07598213354746501,"y_center":0.4953609890407986,"width":0.032201894124348956,"height":0.04293551974826389,"source_id":0,"frame_num":286,"label":"car"},{"class_id":2,"confidence":0.281406044960022,"x_center":0.04936530590057373,"y_center":0.4936411257143374,"width":0.027484679222106935,"height":0.03690066867404514,"source_id":0,"frame_num":286,"label":"car"},{"class_id":2,"confidence":0.25431662797927856,"x_center":0.006333404779434204,"y_center":0.4876136638500072,"width":0.012415754795074462,"height":0.02891786363389757,"source_id":0,"frame_num":286,"label":"car"}]}