{"schema_version":1,"timestamp_ms":1773270781426,"sequence":207,"detections":[{"class_id":2,"confidence":0.7865680456161499,"x_center":0.26476067701975503,"y_center":0.5395338552969473,"width":0.4671044190724691,"height":0.28542757387514467,"source_id":0,"frame_num":207,"label":"car"},{"class_id":2,"confidence":0.41600146889686584,"x_center":0.5893599828084309,"y_center":0.533690502025463,"width":0.029845428466796876,"height":0.04781290690104167,"source_id":0,"frame_num":207,"label":"car"}]}