{"schema_version":1,"timestamp_ms":1773270780511,"sequence":179,"detections":[{"class_id":2,"confidence":0.630071759223938,"x_center":0.25666255950927735,"y_center":0.480330968786169,"width":0.049823570251464847,"height":0.06898555049189815,"source_id":0,"frame_num":179,"label":"car"},{"class_id":2,"confidence":0.523191511631012,"x_center":0.3217487812042236,"y_center":0.47164738972981773,"width":0.025056171417236327,"height":0.027642652723524307,"source_id":0,"frame_num":179,"label":"car"},{"class_id":2,"confidence":0.48514634370803833,"x_center":0.3734443505605062,"y_center":0.48021382932309753,"width":0.025092411041259765,"height":0.034310545744719326,"source_id":0,"frame_num":179,"label":"car"},{"class_id":2,"confidence":0.2690906226634979,"x_center":0.34837732315063474,"y_center":0.4723815776683666,"width":0.026424407958984375,"height":0.0364384686505353,"source_id":0,"frame_num":179,"label":"car"}]}