{"schema_version":1,"timestamp_ms":1773270802133,"sequence":792,"detections":[{"class_id":2,"confidence":0.41576632857322693,"x_center":0.41182260513305663,"y_center":0.4899153250235098,"width":0.021202278137207032,"height":0.03287630434389468,"source_id":0,"frame_num":792,"label":"car"},{"class_id":2,"confidence":0.401037335395813,"x_center":0.49373564720153806,"y_center":0.9102583708586516,"width":0.9832200050354004,"height":0.16597843876591437,"source_id":0,"frame_num":792,"label":"car"}]}