{"schema_version":1,"timestamp_ms":1773270798271,"sequence":679,"detections":[{"class_id":2,"confidence":0.3628019690513611,"x_center":0.4458202362060547,"y_center":0.9100324560094762,"width":0.8916404724121094,"height":0.16611966733579284,"source_id":0,"frame_num":679,"label":"car"},{"class_id":2,"confidence":0.28985878825187683,"x_center":0.3975458304087321,"y_center":0.48853851600929543,"width":0.019007523854573567,"height":0.033220163981119794,"source_id":0,"frame_num":679,"label":"car"}]}