{"schema_version":1,"timestamp_ms":1773270799538,"sequence":716,"detections":[{"class_id":2,"confidence":0.5001110434532166,"x_center":0.4049069881439209,"y_center":0.49127400716145836,"width":0.02023344039916992,"height":0.033257378472222224,"source_id":0,"frame_num":716,"label":"car"},{"class_id":2,"confidence":0.2825908362865448,"x_center":0.4986712455749512,"y_center":0.9127526177300347,"width":0.9902399063110352,"height":0.1652126736111111,"source_id":0,"frame_num":716,"label":"car"}]}