{"schema_version":1,"timestamp_ms":1773270778218,"sequence":109,"detections":[{"class_id":2,"confidence":0.7267297506332397,"x_center":0.4183729807535807,"y_center":0.523929935031467,"width":0.32640838623046875,"height":0.2352174546983507,"source_id":0,"frame_num":109,"label":"car"},{"class_id":2,"confidence":0.39717546105384827,"x_center":0.282674249013265,"y_center":0.464744793927228,"width":0.031099637349446613,"height":0.038757550274884256,"source_id":0,"frame_num":109,"label":"car"},{"class_id":2,"confidence":0.2679498791694641,"x_center":0.25202763080596924,"y_center":0.4599952697753906,"width":0.026781225204467775,"height":0.026441786024305556,"source_id":0,"frame_num":109,"label":"car"}]}