{"schema_version":1,"timestamp_ms":1773270776341,"sequence":52,"detections":[{"class_id":11,"confidence":0.915687620639801,"x_center":0.8618935267130534,"y_center":0.30403713650173614,"width":0.06743545532226562,"height":0.12532416449652778,"source_id":0,"frame_num":52,"label":"stop sign"},{"class_id":2,"confidence":0.7638099789619446,"x_center":0.692271359761556,"y_center":0.5113574981689453,"width":0.184182612101237,"height":0.11306754218207465,"source_id":0,"frame_num":52,"label":"car"},{"class_id":2,"confidence":0.3713015615940094,"x_center":0.29981703758239747,"y_center":0.4741789076063368,"width":0.028423404693603514,"height":0.028753662109375,"source_id":0,"frame_num":52,"label":"car"},{"class_id":2,"confidence":0.28241536021232605,"x_center":0.39341034889221194,"y_center":0.481488037109375,"width":0.02421407699584961,"height":0.03239407009548611,"source_id":0,"frame_num":52,"label":"car"}]}