{"schema_version":1,"timestamp_ms":1773270783159,"sequence":261,"detections":[{"class_id":2,"confidence":0.6207834482192993,"x_center":0.10036086837450663,"y_center":0.5155775140832972,"width":0.10441125631332397,"height":0.12359904536494502,"source_id":0,"frame_num":261,"label":"car"},{"class_id":2,"confidence":0.5684518218040466,"x_center":0.2968315124511719,"y_center":0.504047280770761,"width":0.02784862518310547,"height":0.03616711651837384,"source_id":0,"frame_num":261,"label":"car"},{"class_id":2,"confidence":0.3149784803390503,"x_center":0.272560985883077,"y_center":0.5010044521755642,"width":0.02476213773091634,"height":0.029970804850260418,"source_id":0,"frame_num":261,"label":"car"}]}