{"schema_version":1,"timestamp_ms":1773270811018,"sequence":1048,"detections":[{"class_id":2,"confidence":0.34139442443847656,"x_center":0.4586134910583496,"y_center":0.9213207386158131,"width":0.9151384353637695,"height":0.14558845802589698,"source_id":0,"frame_num":1048,"label":"car"},{"class_id":2,"confidence":0.2797071933746338,"x_center":0.4224705696105957,"y_center":0.9438335559986256,"width":0.195367431640625,"height":0.10848993372034144,"source_id":0,"frame_num":1048,"label":"car"}]}