{"schema_version":1,"timestamp_ms":1773270809302,"sequence":996,"detections":[{"class_id":2,"confidence":0.5160506963729858,"x_center":0.0664608657360077,"y_center":0.613093270195855,"width":0.1327618718147278,"height":0.3296189202202691,"source_id":0,"frame_num":996,"label":"car"},{"class_id":2,"confidence":0.2668721675872803,"x_center":0.5177201112111409,"y_center":0.9249096340603299,"width":0.9522464434305827,"height":0.13855014377170138,"source_id":0,"frame_num":996,"label":"car"}]}