{"schema_version":1,"timestamp_ms":1773270796017,"sequence":616,"detections":[{"class_id":2,"confidence":0.7618721127510071,"x_center":0.21684369246164958,"y_center":0.5460490473994503,"width":0.11983745892842611,"height":0.12467979148582176,"source_id":0,"frame_num":616,"label":"car"},{"class_id":2,"confidence":0.609999418258667,"x_center":0.3824162483215332,"y_center":0.49202188562463833,"width":0.02118816375732422,"height":0.03541073269314236,"source_id":0,"frame_num":616,"label":"car"},{"class_id":0,"confidence":0.2799791693687439,"x_center":0.633077335357666,"y_center":0.5464450129756221,"width":0.01810283660888672,"height":0.06419796413845485,"source_id":0,"frame_num":616,"label":"person"}]}