{"schema_version":1,"timestamp_ms":1773270806305,"sequence":915,"detections":[{"class_id":2,"confidence":0.469403475522995,"x_center":0.42797603607177737,"y_center":0.4904321176034433,"width":0.018331336975097656,"height":0.026218442563657407,"source_id":0,"frame_num":915,"label":"car"},{"class_id":2,"confidence":0.4065498411655426,"x_center":0.3651012897491455,"y_center":0.49836126256872104,"width":0.026822566986083984,"height":0.032733154296875,"source_id":0,"frame_num":915,"label":"car"},{"class_id":2,"confidence":0.39709925651550293,"x_center":0.4558114051818848,"y_center":0.9142325507269965,"width":0.9116228103637696,"height":0.15968254937065973,"source_id":0,"frame_num":915,"label":"car"},{"class_id":2,"confidence":0.3326721489429474,"x_center":0.4546377182006836,"y_center":0.4889331958912037,"width":0.018333053588867186,"height":0.029227701822916667,"source_id":0,"frame_num":915,"label":"car"}]}