{"schema_version":1,"timestamp_ms":1773270806855,"sequence":932,"detections":[{"class_id":2,"confidence":0.7922528982162476,"x_center":0.3553584575653076,"y_center":0.49925655788845485,"width":0.03533449172973633,"height":0.043736097547743054,"source_id":0,"frame_num":932,"label":"car"},{"class_id":2,"confidence":0.5299930572509766,"x_center":0.4359638532002767,"y_center":0.4896013754385489,"width":0.02166576385498047,"height":0.03274465490270544,"source_id":0,"frame_num":932,"label":"car"},{"class_id":2,"confidence":0.5216613411903381,"x_center":0.46924381256103515,"y_center":0.488405270046658,"width":0.028219985961914062,"height":0.03712276882595486,"source_id":0,"frame_num":932,"label":"car"},{"class_id":2,"confidence":0.27091461420059204,"x_center":0.4694827079772949,"y_center":0.9122918588143808,"width":0.9351034164428711,"height":0.16653114601417823,"source_id":0,"frame_num":932,"label":"car"}]}