{"schema_version":1,"timestamp_ms":1773270809025,"sequence":988,"detections":[{"class_id":2,"confidence":0.8656718730926514,"x_center":0.12655458450317383,"y_center":0.571632342868381,"width":0.2233358383178711,"height":0.21653383043077257,"source_id":0,"frame_num":988,"label":"car"},{"class_id":2,"confidence":0.4224141538143158,"x_center":0.758588965733846,"y_center":0.924188232421875,"width":0.4810163180033366,"height":0.1292453342013889,"source_id":0,"frame_num":988,"label":"car"}]}