{"schema_version":1,"timestamp_ms":1773270780446,"sequence":177,"detections":[{"class_id":2,"confidence":0.6030566096305847,"x_center":0.25801674524943036,"y_center":0.47949995817961516,"width":0.050488217671712236,"height":0.0670732851381655,"source_id":0,"frame_num":177,"label":"car"},{"class_id":2,"confidence":0.48881062865257263,"x_center":0.37367402712504066,"y_center":0.47963748508029513,"width":0.024921131134033204,"height":0.034800550672743055,"source_id":0,"frame_num":177,"label":"car"},{"class_id":2,"confidence":0.46993401646614075,"x_center":0.32171572049458824,"y_center":0.4712253005416305,"width":0.02443730036417643,"height":0.027014640525535302,"source_id":0,"frame_num":177,"label":"car"},{"class_id":2,"confidence":0.26809248328208923,"x_center":0.3482497692108154,"y_center":0.4728126525878906,"width":0.026609134674072266,"height":0.03524288601345486,"source_id":0,"frame_num":177,"label":"car"}]}