{"schema_version":1,"timestamp_ms":1773270803570,"sequence":835,"detections":[{"class_id":2,"confidence":0.4276067614555359,"x_center":0.41706751187642416,"y_center":0.48939971923828124,"width":0.02752828598022461,"height":0.029294501410590278,"source_id":0,"frame_num":835,"label":"car"},{"class_id":2,"confidence":0.33204618096351624,"x_center":0.5053583145141601,"y_center":0.9141140125415943,"width":0.9845478057861328,"height":0.15854068332248264,"source_id":0,"frame_num":835,"label":"car"}]}