{"schema_version":1,"timestamp_ms":1773270805099,"sequence":880,"detections":[{"class_id":2,"confidence":0.5299319624900818,"x_center":0.3790304660797119,"y_center":0.4909301475242332,"width":0.02389039993286133,"height":0.026080830891927084,"source_id":0,"frame_num":880,"label":"car"},{"class_id":2,"confidence":0.3068526089191437,"x_center":0.5056314309438069,"y_center":0.909902501989294,"width":0.9867944399515788,"height":0.16775037977430557,"source_id":0,"frame_num":880,"label":"car"},{"class_id":2,"confidence":0.27873775362968445,"x_center":0.43824472427368166,"y_center":0.4872394420482494,"width":0.016727447509765625,"height":0.02552665427879051,"source_id":0,"frame_num":880,"label":"car"}]}