{"schema_version":1,"timestamp_ms":1773270781456,"sequence":208,"detections":[{"class_id":2,"confidence":0.8460524082183838,"x_center":0.2899887482325236,"y_center":0.5406086250587746,"width":0.461086638768514,"height":0.28141341032805267,"source_id":0,"frame_num":208,"label":"car"},{"class_id":2,"confidence":0.46760690212249756,"x_center":0.5892340024312337,"y_center":0.5337536282009548,"width":0.02951361338297526,"height":0.04741482204861111,"source_id":0,"frame_num":208,"label":"car"}]}