{"schema_version":1,"timestamp_ms":1773270808488,"sequence":973,"detections":[{"class_id":2,"confidence":0.7944768667221069,"x_center":0.265051007270813,"y_center":0.5276512287281178,"width":0.09737067222595215,"height":0.11344516895435475,"source_id":0,"frame_num":973,"label":"car"},{"class_id":2,"confidence":0.35668089985847473,"x_center":0.459561824798584,"y_center":0.9107220119900173,"width":0.919123649597168,"height":0.16855977376302084,"source_id":0,"frame_num":973,"label":"car"},{"class_id":2,"confidence":0.3071158528327942,"x_center":0.4827299118041992,"y_center":0.49315650374801073,"width":0.02568397521972656,"height":0.04689090870044849,"source_id":0,"frame_num":973,"label":"car"}]}