{"schema_version":1,"timestamp_ms":1773270805938,"sequence":904,"detections":[{"class_id":2,"confidence":0.6004962921142578,"x_center":0.37033863067626954,"y_center":0.49299474645543984,"width":0.027676200866699217,"height":0.030718315972222222,"source_id":0,"frame_num":904,"label":"car"},{"class_id":0,"confidence":0.5498486757278442,"x_center":0.1764370044072469,"y_center":0.5267506069607205,"width":0.024187040328979493,"height":0.052193366156684025,"source_id":0,"frame_num":904,"label":"person"},{"class_id":2,"confidence":0.3333439230918884,"x_center":0.4458931922912598,"y_center":0.9151543228714555,"width":0.8917863845825196,"height":0.16146132857711226,"source_id":0,"frame_num":904,"label":"car"}]}