{"schema_version":1,"timestamp_ms":1773270809097,"sequence":990,"detections":[{"class_id":2,"confidence":0.8756017684936523,"x_center":0.11006815433502197,"y_center":0.5822284981056496,"width":0.2199831485748291,"height":0.2418215998896846,"source_id":0,"frame_num":990,"label":"car"},{"class_id":2,"confidence":0.30054011940956116,"x_center":0.5078756809234619,"y_center":0.9201224433051215,"width":0.9762789726257324,"height":0.14734530978732638,"source_id":0,"frame_num":990,"label":"car"},{"class_id":2,"confidence":0.2878420948982239,"x_center":0.4682313919067383,"y_center":0.49329003228081597,"width":0.02395496368408203,"height":0.03217807345920139,"source_id":0,"frame_num":990,"label":"car"}]}