{"schema_version":1,"timestamp_ms":1773270775960,"sequence":40,"detections":[{"class_id":11,"confidence":0.8653709292411804,"x_center":0.7770203908284505,"y_center":0.3398201836480035,"width":0.05381762186686198,"height":0.10339202880859374,"source_id":0,"frame_num":40,"label":"stop sign"},{"class_id":2,"confidence":0.5606825947761536,"x_center":0.696037769317627,"y_center":0.5078041076660156,"width":0.16132335662841796,"height":0.09772288004557292,"source_id":0,"frame_num":40,"label":"car"}]}