{"schema_version":1,"timestamp_ms":1773270802986,"sequence":818,"detections":[{"class_id":2,"confidence":0.6162271499633789,"x_center":0.41322134335835775,"y_center":0.49219357525860824,"width":0.02687044143676758,"height":0.031138949924045138,"source_id":0,"frame_num":818,"label":"car"},{"class_id":2,"confidence":0.3471067547798157,"x_center":0.4958310127258301,"y_center":0.9083210980450666,"width":0.9896986007690429,"height":0.17431940149377895,"source_id":0,"frame_num":818,"label":"car"}]}