{"schema_version":1,"timestamp_ms":1773270811344,"sequence":1058,"detections":[{"class_id":2,"confidence":0.3534972667694092,"x_center":0.4506424903869629,"y_center":0.9184302435980902,"width":0.8944055557250976,"height":0.15205145941840278,"source_id":0,"frame_num":1058,"label":"car"},{"class_id":2,"confidence":0.2936435043811798,"x_center":0.4215115547180176,"y_center":0.9433945832429109,"width":0.19986648559570314,"height":0.10995969419126157,"source_id":0,"frame_num":1058,"label":"car"}]}