{"schema_version":1,"timestamp_ms":1773270804727,"sequence":869,"detections":[{"class_id":2,"confidence":0.3480498790740967,"x_center":0.3818081855773926,"y_center":0.4897054601598669,"width":0.019910240173339845,"height":0.0275665283203125,"source_id":0,"frame_num":869,"label":"car"},{"class_id":2,"confidence":0.31488481163978577,"x_center":0.4338057518005371,"y_center":0.4879783630371094,"width":0.017616462707519532,"height":0.025659010145399307,"source_id":0,"frame_num":869,"label":"car"},{"class_id":2,"confidence":0.2670215964317322,"x_center":0.41857500076293946,"y_center":0.48785794576009117,"width":0.024209976196289062,"height":0.028262583414713542,"source_id":0,"frame_num":869,"label":"car"}]}