{"schema_version":1,"timestamp_ms":1773270790269,"sequence":457,"detections":[{"class_id":2,"confidence":0.7994510531425476,"x_center":0.07619293928146362,"y_center":0.5211281246609158,"width":0.10215318202972412,"height":0.11039674546983506,"source_id":0,"frame_num":457,"label":"car"},{"class_id":2,"confidence":0.6613507270812988,"x_center":0.222702161471049,"y_center":0.49824114199037906,"width":0.032330656051635744,"height":0.04078657362196181,"source_id":0,"frame_num":457,"label":"car"},{"class_id":2,"confidence":0.6243480443954468,"x_center":0.3082358201344808,"y_center":0.5101094281231916,"width":0.04424645105997722,"height":0.04504671450014468,"source_id":0,"frame_num":457,"label":"car"},{"class_id":2,"confidence":0.2574924826622009,"x_center":0.43549108505249023,"y_center":0.49041791845251015,"width":0.06864719390869141,"height":0.06179315072518808,"source_id":0,"frame_num":457,"label":"car"}]}