{"schema_version":1,"timestamp_ms":1773270781813,"sequence":219,"detections":[{"class_id":2,"confidence":0.8764457702636719,"x_center":0.5627549489339193,"y_center":0.5486356805872035,"width":0.4258963267008464,"height":0.27311652854636864,"source_id":0,"frame_num":219,"label":"car"},{"class_id":2,"confidence":0.715315043926239,"x_center":0.2315536101659139,"y_center":0.4948141168665003,"width":0.07131069501241048,"height":0.09049205073603878,"source_id":0,"frame_num":219,"label":"car"},{"class_id":2,"confidence":0.26428651809692383,"x_center":0.34970955848693847,"y_center":0.4846888930709274,"width":0.022625446319580078,"height":0.02398034554940683,"source_id":0,"frame_num":219,"label":"car"}]}