{"schema_version":1,"timestamp_ms":1773270781937,"sequence":223,"detections":[{"class_id":2,"confidence":0.857673704624176,"x_center":0.6598505814870198,"y_center":0.5516373810944734,"width":0.42323986689249676,"height":0.27228483977141205,"source_id":0,"frame_num":223,"label":"car"},{"class_id":2,"confidence":0.7205052971839905,"x_center":0.22839782238006592,"y_center":0.49878402992531107,"width":0.07209858894348145,"height":0.09775777746129918,"source_id":0,"frame_num":223,"label":"car"},{"class_id":2,"confidence":0.2837924659252167,"x_center":0.3509747664133708,"y_center":0.4876791353578921,"width":0.026823774973551432,"height":0.028332321732132522,"source_id":0,"frame_num":223,"label":"car"}]}