{"schema_version":1,"timestamp_ms":1773270784994,"sequence":316,"detections":[{"class_id":2,"confidence":0.6580851078033447,"x_center":0.8743062973022461,"y_center":0.5445475542986834,"width":0.05475273132324219,"height":0.06428669117115161,"source_id":0,"frame_num":316,"label":"car"},{"class_id":2,"confidence":0.6526110768318176,"x_center":0.7822405815124511,"y_center":0.5416891875090423,"width":0.11042613983154297,"height":0.11945037841796875,"source_id":0,"frame_num":316,"label":"car"},{"class_id":2,"confidence":0.5363341569900513,"x_center":0.906352678934733,"y_center":0.5290705928096064,"width":0.025933456420898438,"height":0.03392842610677083,"source_id":0,"frame_num":316,"label":"car"}]}