{"schema_version":1,"timestamp_ms":1773270776434,"sequence":55,"detections":[{"class_id":11,"confidence":0.9071245789527893,"x_center":0.8892221450805664,"y_center":0.29372278849283856,"width":0.07248077392578126,"height":0.13395724826388888,"source_id":0,"frame_num":55,"label":"stop sign"},{"class_id":2,"confidence":0.7726027965545654,"x_center":0.6879645983378092,"y_center":0.5085469139946832,"width":0.19239749908447265,"height":0.11828926934136284,"source_id":0,"frame_num":55,"label":"car"},{"class_id":2,"confidence":0.33696356415748596,"x_center":0.2982055505116781,"y_center":0.4745914883083767,"width":0.026439762115478514,"height":0.028637525770399304,"source_id":0,"frame_num":55,"label":"car"}]}