{"schema_version":1,"timestamp_ms":1773270781966,"sequence":224,"detections":[{"class_id":2,"confidence":0.8526212573051453,"x_center":0.6842750867207845,"y_center":0.5510507230405455,"width":0.42560049692789714,"height":0.2681918391474971,"source_id":0,"frame_num":224,"label":"car"},{"class_id":2,"confidence":0.7436671853065491,"x_center":0.22659900188446044,"y_center":0.4984750677038122,"width":0.07453875541687012,"height":0.09641398677119502,"source_id":0,"frame_num":224,"label":"car"},{"class_id":2,"confidence":0.37043264508247375,"x_center":0.37357869148254397,"y_center":0.488346509580259,"width":0.024861812591552734,"height":0.03549818816008391,"source_id":0,"frame_num":224,"label":"car"},{"class_id":2,"confidence":0.29027223587036133,"x_center":0.35292816162109375,"y_center":0.48766732392487705,"width":0.023790740966796876,"height":0.032857400399667246,"source_id":0,"frame_num":224,"label":"car"}]}