{"schema_version":1,"timestamp_ms":1773270776029,"sequence":42,"detections":[{"class_id":11,"confidence":0.9332348108291626,"x_center":0.7879345893859864,"y_center":0.33415908813476564,"width":0.059144783020019534,"height":0.10941077338324653,"source_id":0,"frame_num":42,"label":"stop sign"},{"class_id":2,"confidence":0.6554807424545288,"x_center":0.6992458979288737,"y_center":0.5081906919126158,"width":0.1705150604248047,"height":0.10193537959346065,"source_id":0,"frame_num":42,"label":"car"}]}