{"schema_version":1,"timestamp_ms":1773270778922,"sequence":131,"detections":[{"class_id":2,"confidence":0.919465184211731,"x_center":0.18783241510391235,"y_center":0.5771419101291233,"width":0.3750239133834839,"height":0.43878326416015623,"source_id":0,"frame_num":131,"label":"car"},{"class_id":0,"confidence":0.26377448439598083,"x_center":0.15046861171722412,"y_center":0.4383215162489149,"width":0.05343756675720215,"height":0.08014577229817708,"source_id":0,"frame_num":131,"label":"person"}]}