{"schema_version":1,"timestamp_ms":1773270806649,"sequence":926,"detections":[{"class_id":2,"confidence":0.6881836652755737,"x_center":0.3595371087392171,"y_center":0.49944271511501737,"width":0.03304281234741211,"height":0.0390472412109375,"source_id":0,"frame_num":926,"label":"car"},{"class_id":2,"confidence":0.5758041739463806,"x_center":0.4327808380126953,"y_center":0.48938208685980905,"width":0.020615768432617188,"height":0.030645073784722223,"source_id":0,"frame_num":926,"label":"car"}]}