{"schema_version":1,"timestamp_ms":1773270782130,"sequence":229,"detections":[{"class_id":2,"confidence":0.8958589434623718,"x_center":0.7969634373982747,"y_center":0.5558603922526042,"width":0.4052373250325521,"height":0.27116631401909724,"source_id":0,"frame_num":229,"label":"car"},{"class_id":2,"confidence":0.8437758684158325,"x_center":0.22176313400268555,"y_center":0.4999913816098814,"width":0.07732305526733399,"height":0.09915008544921874,"source_id":0,"frame_num":229,"label":"car"},{"class_id":2,"confidence":0.4916905164718628,"x_center":0.37091403007507323,"y_center":0.49150796113190826,"width":0.027247905731201172,"height":0.03699321040400752,"source_id":0,"frame_num":229,"label":"car"},{"class_id":2,"confidence":0.42047181725502014,"x_center":0.3471403121948242,"y_center":0.4891412805627893,"width":0.026537132263183594,"height":0.03170154712818287,"source_id":0,"frame_num":229,"label":"car"}]}