{"schema_version":1,"timestamp_ms":1773270796750,"sequence":636,"detections":[{"class_id":2,"confidence":0.33596372604370117,"x_center":0.44673738479614256,"y_center":0.9118585939760562,"width":0.8934747695922851,"height":0.16584534821686922,"source_id":0,"frame_num":636,"label":"car"},{"class_id":2,"confidence":0.29124486446380615,"x_center":0.3877240816752116,"y_center":0.49221211186161745,"width":0.0210232416788737,"height":0.03450741238064236,"source_id":0,"frame_num":636,"label":"car"}]}