{"schema_version":1,"timestamp_ms":1773270803601,"sequence":836,"detections":[{"class_id":2,"confidence":0.45594125986099243,"x_center":0.41730194091796874,"y_center":0.48917824074074073,"width":0.028084182739257814,"height":0.030673556857638888,"source_id":0,"frame_num":836,"label":"car"},{"class_id":2,"confidence":0.39696004986763,"x_center":0.45130443572998047,"y_center":0.9141364203559028,"width":0.9026088714599609,"height":0.15948689778645833,"source_id":0,"frame_num":836,"label":"car"}]}