{"schema_version":1,"timestamp_ms":1773270796885,"sequence":640,"detections":[{"class_id":2,"confidence":0.39726606011390686,"x_center":0.3884554068247477,"y_center":0.49173547250253186,"width":0.02251151402791341,"height":0.03207923041449653,"source_id":0,"frame_num":640,"label":"car"},{"class_id":2,"confidence":0.327114999294281,"x_center":0.44619115193684894,"y_center":0.9119293212890625,"width":0.8923823038736979,"height":0.16176350911458334,"source_id":0,"frame_num":640,"label":"car"}]}