{"schema_version":1,"timestamp_ms":1773270778120,"sequence":106,"detections":[{"class_id":2,"confidence":0.760417103767395,"x_center":0.4469900131225586,"y_center":0.5220156210440177,"width":0.3088417053222656,"height":0.21914025765878184,"source_id":0,"frame_num":106,"label":"car"},{"class_id":7,"confidence":0.49752524495124817,"x_center":0.44671424229939777,"y_center":0.5213400805438007,"width":0.3103260676066081,"height":0.21951375890661168,"source_id":0,"frame_num":106,"label":"truck"}]}