{"schema_version":1,"timestamp_ms":1773270811112,"sequence":1051,"detections":[{"class_id":2,"confidence":0.32937270402908325,"x_center":0.424530029296875,"y_center":0.9457943103931569,"width":0.19381275177001953,"height":0.10384368896484375,"source_id":0,"frame_num":1051,"label":"car"},{"class_id":2,"confidence":0.2710837423801422,"x_center":0.4833380222320557,"y_center":0.9248881587275752,"width":0.950220775604248,"height":0.13932709870515048,"source_id":0,"frame_num":1051,"label":"car"}]}