{"schema_version":1,"timestamp_ms":1773270811148,"sequence":1052,"detections":[{"class_id":2,"confidence":0.29537874460220337,"x_center":0.4243915875752767,"y_center":0.9461306254069011,"width":0.19335460662841797,"height":0.10316111246744791,"source_id":0,"frame_num":1052,"label":"car"},{"class_id":2,"confidence":0.2608893811702728,"x_center":0.4914668877919515,"y_center":0.923355950249566,"width":0.9683927218119304,"height":0.1411861843532986,"source_id":0,"frame_num":1052,"label":"car"}]}