{"schema_version":1,"timestamp_ms":1773270796646,"sequence":633,"detections":[{"class_id":2,"confidence":0.30452239513397217,"x_center":0.48375663757324217,"y_center":0.9091770030834057,"width":0.9658756256103516,"height":0.17084887469256366,"source_id":0,"frame_num":633,"label":"car"},{"class_id":2,"confidence":0.2637284994125366,"x_center":0.3877214113871256,"y_center":0.49219015615957756,"width":0.021930185953776042,"height":0.03474132396556713,"source_id":0,"frame_num":633,"label":"car"}]}