{"schema_version":1,"timestamp_ms":1773270798337,"sequence":681,"detections":[{"class_id":2,"confidence":0.3400690257549286,"x_center":0.44866641362508136,"y_center":0.9139601813422309,"width":0.8973328272501627,"height":0.16307898627387152,"source_id":0,"frame_num":681,"label":"car"},{"class_id":2,"confidence":0.3175782263278961,"x_center":0.39809465408325195,"y_center":0.48803894608109083,"width":0.02014617919921875,"height":0.03497489646629051,"source_id":0,"frame_num":681,"label":"car"}]}