{"schema_version":1,"timestamp_ms":1773270792042,"sequence":507,"detections":[{"class_id":2,"confidence":0.6406693458557129,"x_center":0.4013338088989258,"y_center":0.5221424244068287,"width":0.059754371643066406,"height":0.06660868326822916,"source_id":0,"frame_num":507,"label":"car"},{"class_id":7,"confidence":0.5510854721069336,"x_center":0.6030011177062988,"y_center":0.4889592771176939,"width":0.12872028350830078,"height":0.10588248923972801,"source_id":0,"frame_num":507,"label":"truck"},{"class_id":2,"confidence":0.28569358587265015,"x_center":0.2781939109166463,"y_center":0.499911696822555,"width":0.02537811597188314,"height":0.03780240659360532,"source_id":0,"frame_num":507,"label":"car"},{"class_id":2,"confidence":0.2562386691570282,"x_center":0.6726041634877523,"y_center":0.9195920873571325,"width":0.37671372095743816,"height":0.14292325620298033,"source_id":0,"frame_num":507,"label":"car"}]}