{"schema_version":1,"timestamp_ms":1773270804661,"sequence":867,"detections":[{"class_id":2,"confidence":0.36489537358283997,"x_center":0.3830556392669678,"y_center":0.49080239755135996,"width":0.019217205047607423,"height":0.028702121310763887,"source_id":0,"frame_num":867,"label":"car"},{"class_id":2,"confidence":0.283419668674469,"x_center":0.43209770520528157,"y_center":0.48779161241319446,"width":0.02071104049682617,"height":0.026576741536458334,"source_id":0,"frame_num":867,"label":"car"},{"class_id":2,"confidence":0.26354503631591797,"x_center":0.4182042439778646,"y_center":0.4879832373725043,"width":0.0232391357421875,"height":0.029198116726345487,"source_id":0,"frame_num":867,"label":"car"}]}