{"schema_version":1,"timestamp_ms":1773270812532,"sequence":1095,"detections":[{"class_id":2,"confidence":0.2715231478214264,"x_center":0.5288590431213379,"y_center":0.49120669894748265,"width":0.024056434631347656,"height":0.030287000868055556,"source_id":0,"frame_num":1095,"label":"car"},{"class_id":2,"confidence":0.26505669951438904,"x_center":0.5224725723266601,"y_center":0.9141808121292679,"width":0.9550548553466797,"height":0.16179702193648726,"source_id":0,"frame_num":1095,"label":"car"}]}