{"schema_version":1,"timestamp_ms":1773270812061,"sequence":1080,"detections":[{"class_id":2,"confidence":0.5072014927864075,"x_center":0.5307864189147949,"y_center":0.4878856941505715,"width":0.024518394470214845,"height":0.031921188919632526,"source_id":0,"frame_num":1080,"label":"car"},{"class_id":2,"confidence":0.33848679065704346,"x_center":0.4255218823750814,"y_center":0.9425832960340712,"width":0.21231441497802733,"height":0.11483340793185765,"source_id":0,"frame_num":1080,"label":"car"},{"class_id":2,"confidence":0.3290238678455353,"x_center":0.7621151765187582,"y_center":0.9279413576479312,"width":0.4752151171366374,"height":0.135072100604022,"source_id":0,"frame_num":1080,"label":"car"}]}