{"schema_version":1,"timestamp_ms":1773270808955,"sequence":986,"detections":[{"class_id":2,"confidence":0.8843382596969604,"x_center":0.15845723946889242,"y_center":0.5598364088270399,"width":0.19345466295878092,"height":0.19092797173394097,"source_id":0,"frame_num":986,"label":"car"},{"class_id":2,"confidence":0.3380783796310425,"x_center":0.5025702476501465,"y_center":0.9211703547724971,"width":0.9855138778686523,"height":0.14726681179470485,"source_id":0,"frame_num":986,"label":"car"}]}