{"schema_version":1,"timestamp_ms":1773270775102,"sequence":15,"detections":[{"class_id":11,"confidence":0.7827883958816528,"x_center":0.664201291402181,"y_center":0.38603252834743923,"width":0.038495508829752605,"height":0.06649390326605903,"source_id":0,"frame_num":15,"label":"stop sign"},{"class_id":7,"confidence":0.6057547330856323,"x_center":0.6095990180969239,"y_center":0.5045796994809751,"width":0.1580148696899414,"height":0.10760108100043403,"source_id":0,"frame_num":15,"label":"truck"}]}