{"schema_version":1,"timestamp_ms":1773270800030,"sequence":731,"detections":[{"class_id":2,"confidence":0.6301175951957703,"x_center":0.13349974155426025,"y_center":0.5330312658239293,"width":0.03811631202697754,"height":0.036147393120659725,"source_id":0,"frame_num":731,"label":"car"},{"class_id":2,"confidence":0.2713143825531006,"x_center":0.40626571973164877,"y_center":0.489495849609375,"width":0.018911075592041016,"height":0.02884555392795139,"source_id":0,"frame_num":731,"label":"car"}]}