{"schema_version":1,"timestamp_ms":1773270783916,"sequence":284,"detections":[{"class_id":2,"confidence":0.5706589818000793,"x_center":0.10201463699340821,"y_center":0.4963079947012442,"width":0.030852508544921876,"height":0.043041540075231484,"source_id":0,"frame_num":284,"label":"car"},{"class_id":2,"confidence":0.269477516412735,"x_center":0.08125847379366556,"y_center":0.49495852435076676,"width":0.03256802161534627,"height":0.03756663004557292,"source_id":0,"frame_num":284,"label":"car"}]}