{"schema_version":1,"timestamp_ms":1773270784831,"sequence":311,"detections":[{"class_id":2,"confidence":0.7488386631011963,"x_center":0.9528896331787109,"y_center":0.5468989902072483,"width":0.06033134460449219,"height":0.06195187038845486,"source_id":0,"frame_num":311,"label":"car"},{"class_id":2,"confidence":0.678372859954834,"x_center":0.8541205088297527,"y_center":0.5426688017668547,"width":0.11239128112792969,"height":0.11766894305193866,"source_id":0,"frame_num":311,"label":"car"},{"class_id":2,"confidence":0.3818792998790741,"x_center":0.9864395141601563,"y_center":0.5333414430971499,"width":0.026151657104492188,"height":0.03707834879557292,"source_id":0,"frame_num":311,"label":"car"}]}