{"schema_version":1,"timestamp_ms":1773270804256,"sequence":855,"detections":[{"class_id":2,"confidence":0.4487954378128052,"x_center":0.4219548225402832,"y_center":0.4884406902171947,"width":0.033164596557617186,"height":0.02974443788881655,"source_id":0,"frame_num":855,"label":"car"},{"class_id":2,"confidence":0.3082367479801178,"x_center":0.4902406056722005,"y_center":0.9077487239131221,"width":0.9760130564371745,"height":0.17480248345269098,"source_id":0,"frame_num":855,"label":"car"},{"class_id":2,"confidence":0.2612062096595764,"x_center":0.3858008861541748,"y_center":0.49158830995912906,"width":0.01855306625366211,"height":0.028802320692274307,"source_id":0,"frame_num":855,"label":"car"}]}