{"schema_version":1,"timestamp_ms":1773270774824,"sequence":6,"detections":[{"class_id":11,"confidence":0.7860584855079651,"x_center":0.6359026273091634,"y_center":0.39805950588650174,"width":0.03435522715250651,"height":0.05847320556640625,"source_id":0,"frame_num":6,"label":"stop sign"},{"class_id":2,"confidence":0.6903352737426758,"x_center":0.5331306457519531,"y_center":0.5028730180528429,"width":0.16300392150878906,"height":0.1043166266547309,"source_id":0,"frame_num":6,"label":"car"},{"class_id":2,"confidence":0.2574939429759979,"x_center":0.39068652788798014,"y_center":0.48769454956054686,"width":0.02148548762003581,"height":0.027804395887586805,"source_id":0,"frame_num":6,"label":"car"}]}