{"schema_version":1,"timestamp_ms":1773270796075,"sequence":617,"detections":[{"class_id":2,"confidence":0.6752863526344299,"x_center":0.20801209608713786,"y_center":0.5500126026294849,"width":0.12893055280049642,"height":0.1351223415798611,"source_id":0,"frame_num":617,"label":"car"},{"class_id":2,"confidence":0.635735809803009,"x_center":0.38291560808817543,"y_center":0.4935976099084925,"width":0.021760018666585286,"height":0.03230777316623264,"source_id":0,"frame_num":617,"label":"car"},{"class_id":2,"confidence":0.2602772116661072,"x_center":0.4455672264099121,"y_center":0.9119223418059172,"width":0.8911344528198242,"height":0.17049893979673034,"source_id":0,"frame_num":617,"label":"car"}]}