{"schema_version":1,"timestamp_ms":1773270808094,"sequence":962,"detections":[{"class_id":2,"confidence":0.7635332942008972,"x_center":0.30762667655944825,"y_center":0.5146816677517361,"width":0.06754426956176758,"height":0.07846713595920139,"source_id":0,"frame_num":962,"label":"car"},{"class_id":2,"confidence":0.46843037009239197,"x_center":0.45042572021484373,"y_center":0.4930816650390625,"width":0.021914100646972655,"height":0.036671617296006945,"source_id":0,"frame_num":962,"label":"car"},{"class_id":2,"confidence":0.44999128580093384,"x_center":0.479920768737793,"y_center":0.49375134220829714,"width":0.023778915405273438,"height":0.04284998575846354,"source_id":0,"frame_num":962,"label":"car"},{"class_id":2,"confidence":0.3426017463207245,"x_center":0.45413923263549805,"y_center":0.91314697265625,"width":0.9082784652709961,"height":0.16474270290798612,"source_id":0,"frame_num":962,"label":"car"}]}