{"schema_version":1,"timestamp_ms":1773270810885,"sequence":1044,"detections":[{"class_id":2,"confidence":0.275445818901062,"x_center":0.4211181481679281,"y_center":0.9412812692147714,"width":0.19914382298787434,"height":0.116474688494647,"source_id":0,"frame_num":1044,"label":"car"},{"class_id":2,"confidence":0.2564305365085602,"x_center":0.4688058853149414,"y_center":0.9197568822790075,"width":0.9331451416015625,"height":0.15043397126374422,"source_id":0,"frame_num":1044,"label":"car"}]}