{"schema_version":1,"timestamp_ms":1773270802036,"sequence":789,"detections":[{"class_id":2,"confidence":0.44680002331733704,"x_center":0.411575984954834,"y_center":0.4892667841028284,"width":0.021382904052734374,"height":0.03329481901945891,"source_id":0,"frame_num":789,"label":"car"},{"class_id":2,"confidence":0.37570858001708984,"x_center":0.49379940032958985,"y_center":0.9144798843948929,"width":0.9875988006591797,"height":0.1629126089590567,"source_id":0,"frame_num":789,"label":"car"}]}