{"schema_version":1,"timestamp_ms":1773270804629,"sequence":866,"detections":[{"class_id":2,"confidence":0.37474194169044495,"x_center":0.3835659344991048,"y_center":0.49086572152596936,"width":0.019431368509928385,"height":0.02745841697410301,"source_id":0,"frame_num":866,"label":"car"},{"class_id":2,"confidence":0.3315110206604004,"x_center":0.45994863510131834,"y_center":0.9154407077365452,"width":0.8762552261352539,"height":0.15914476182725695,"source_id":0,"frame_num":866,"label":"car"},{"class_id":2,"confidence":0.3225859999656677,"x_center":0.431613826751709,"y_center":0.4880788449887876,"width":0.019637489318847658,"height":0.026047374584056714,"source_id":0,"frame_num":866,"label":"car"},{"class_id":2,"confidence":0.3088040351867676,"x_center":0.4184626897176107,"y_center":0.4880509129276982,"width":0.024198150634765624,"height":0.029843450475622108,"source_id":0,"frame_num":866,"label":"car"}]}