{"schema_version":1,"timestamp_ms":1773270808521,"sequence":974,"detections":[{"class_id":2,"confidence":0.7205159664154053,"x_center":0.26006192366282144,"y_center":0.5280978732638889,"width":0.10526588757832846,"height":0.11621907552083334,"source_id":0,"frame_num":974,"label":"car"},{"class_id":2,"confidence":0.38091185688972473,"x_center":0.4789830207824707,"y_center":0.9140179951985677,"width":0.8973947525024414,"height":0.16211903889973958,"source_id":0,"frame_num":974,"label":"car"},{"class_id":2,"confidence":0.2852325737476349,"x_center":0.4822549819946289,"y_center":0.49302824514883536,"width":0.027153587341308592,"height":0.04817892003942419,"source_id":0,"frame_num":974,"label":"car"}]}