{"schema_version":1,"timestamp_ms":1773270802301,"sequence":797,"detections":[{"class_id":2,"confidence":0.4197075664997101,"x_center":0.41266937255859376,"y_center":0.49141659206814237,"width":0.02276744842529297,"height":0.03385043674045139,"source_id":0,"frame_num":797,"label":"car"},{"class_id":2,"confidence":0.3957987129688263,"x_center":0.49355810483296714,"y_center":0.9070207949037905,"width":0.9871106783548991,"height":0.17700952600549769,"source_id":0,"frame_num":797,"label":"car"}]}