{"schema_version":1,"timestamp_ms":1773270804359,"sequence":858,"detections":[{"class_id":2,"confidence":0.5200462341308594,"x_center":0.426268482208252,"y_center":0.48714038707591867,"width":0.026812744140625,"height":0.026851314968532988,"source_id":0,"frame_num":858,"label":"car"},{"class_id":2,"confidence":0.40250179171562195,"x_center":0.42153781255086265,"y_center":0.4875072761818215,"width":0.032953834533691405,"height":0.029588628698278358,"source_id":0,"frame_num":858,"label":"car"},{"class_id":2,"confidence":0.38293367624282837,"x_center":0.4940227508544922,"y_center":0.9057900887948496,"width":0.9877178192138671,"height":0.18381754557291666,"source_id":0,"frame_num":858,"label":"car"},{"class_id":2,"confidence":0.2586914598941803,"x_center":0.385329802831014,"y_center":0.4900231537995515,"width":0.018128045399983726,"height":0.02818157054759838,"source_id":0,"frame_num":858,"label":"car"}]}