{"schema_version":1,"timestamp_ms":1773270803994,"sequence":847,"detections":[{"class_id":2,"confidence":0.3486350476741791,"x_center":0.41992281277974447,"y_center":0.4872969026918764,"width":0.028442859649658203,"height":0.029377209698712384,"source_id":0,"frame_num":847,"label":"car"},{"class_id":2,"confidence":0.30717507004737854,"x_center":0.42503981590270995,"y_center":0.48731664021809895,"width":0.02278909683227539,"height":0.026918707953559027,"source_id":0,"frame_num":847,"label":"car"}]}