{"schema_version":1,"timestamp_ms":1773270802234,"sequence":795,"detections":[{"class_id":2,"confidence":0.4949285387992859,"x_center":0.41227874755859373,"y_center":0.49144826818395543,"width":0.022326087951660155,"height":0.03295372856987847,"source_id":0,"frame_num":795,"label":"car"},{"class_id":2,"confidence":0.4098358154296875,"x_center":0.4946731090545654,"y_center":0.9078242831759983,"width":0.9853356361389161,"height":0.17217898898654513,"source_id":0,"frame_num":795,"label":"car"}]}