{"schema_version":1,"timestamp_ms":1773270783328,"sequence":266,"detections":[{"class_id":2,"confidence":0.7456453442573547,"x_center":0.05684191584587097,"y_center":0.5174116629141349,"width":0.11339818239212036,"height":0.1302572179723669,"source_id":0,"frame_num":266,"label":"car"},{"class_id":2,"confidence":0.32303833961486816,"x_center":0.1546747128168742,"y_center":0.49294891357421877,"width":0.01988043785095215,"height":0.026143391927083332,"source_id":0,"frame_num":266,"label":"car"},{"class_id":2,"confidence":0.2787747383117676,"x_center":0.21117238203684488,"y_center":0.4962979352032697,"width":0.024245309829711913,"height":0.02863125271267361,"source_id":0,"frame_num":266,"label":"car"},{"class_id":2,"confidence":0.2659718692302704,"x_center":0.24125008583068847,"y_center":0.49932205765335647,"width":0.030655574798583985,"height":0.03438551161024306,"source_id":0,"frame_num":266,"label":"car"}]}