{"schema_version":1,"timestamp_ms":1773270783257,"sequence":264,"detections":[{"class_id":2,"confidence":0.6593198180198669,"x_center":0.07410972714424133,"y_center":0.5184578507034867,"width":0.11143916845321655,"height":0.1280104460539641,"source_id":0,"frame_num":264,"label":"car"},{"class_id":2,"confidence":0.47617658972740173,"x_center":0.28036060333251955,"y_center":0.5055861579047309,"width":0.0279998779296875,"height":0.038146124945746526,"source_id":0,"frame_num":264,"label":"car"},{"class_id":2,"confidence":0.2879813611507416,"x_center":0.2266262213389079,"y_center":0.495469891583478,"width":0.025807571411132813,"height":0.03365828902633102,"source_id":0,"frame_num":264,"label":"car"},{"class_id":2,"confidence":0.2789568603038788,"x_center":0.22258286476135253,"y_center":0.4953764173719618,"width":0.022720813751220703,"height":0.03138359917534722,"source_id":0,"frame_num":264,"label":"car"}]}