{"schema_version":1,"timestamp_ms":1773270806113,"sequence":909,"detections":[{"class_id":2,"confidence":0.35477375984191895,"x_center":0.4262492020924886,"y_center":0.48992524323640047,"width":0.02097330093383789,"height":0.029417475947627315,"source_id":0,"frame_num":909,"label":"car"},{"class_id":2,"confidence":0.33188530802726746,"x_center":0.44912567138671877,"y_center":0.913609285707827,"width":0.8982513427734375,"height":0.16256301314742477,"source_id":0,"frame_num":909,"label":"car"},{"class_id":0,"confidence":0.3012264668941498,"x_center":0.16585323015848796,"y_center":0.5297818784360533,"width":0.01884489059448242,"height":0.05098119665075231,"source_id":0,"frame_num":909,"label":"person"}]}