{"schema_version":1,"timestamp_ms":1773270808801,"sequence":982,"detections":[{"class_id":2,"confidence":0.8491431474685669,"x_center":0.20367974440256756,"y_center":0.5453432153772425,"width":0.1486084779103597,"height":0.15448241057219328,"source_id":0,"frame_num":982,"label":"car"},{"class_id":2,"confidence":0.32099294662475586,"x_center":0.5010988553365071,"y_center":0.9230902777777777,"width":0.9820812861124675,"height":0.14390394422743055,"source_id":0,"frame_num":982,"label":"car"}]}