{"schema_version":1,"timestamp_ms":1773270797716,"sequence":662,"detections":[{"class_id":2,"confidence":0.41579824686050415,"x_center":0.3934888521830241,"y_center":0.4890803443060981,"width":0.021094767252604167,"height":0.033476003011067706,"source_id":0,"frame_num":662,"label":"car"},{"class_id":2,"confidence":0.26330551505088806,"x_center":0.7038759231567383,"y_center":0.9229758086027923,"width":0.38804092407226565,"height":0.13611105459707754,"source_id":0,"frame_num":662,"label":"car"}]}