{"schema_version":1,"timestamp_ms":1773270789230,"sequence":425,"detections":[{"class_id":2,"confidence":0.8567908406257629,"x_center":0.08397936423619588,"y_center":0.5754767523871528,"width":0.16775507132212322,"height":0.2538845486111111,"source_id":0,"frame_num":425,"label":"car"},{"class_id":2,"confidence":0.5617609024047852,"x_center":0.2894965012868245,"y_center":0.5130733913845487,"width":0.03534021377563477,"height":0.038456895616319445,"source_id":0,"frame_num":425,"label":"car"},{"class_id":7,"confidence":0.5339480638504028,"x_center":0.8318745613098144,"y_center":0.4963712762903284,"width":0.27412166595458987,"height":0.17563083789966724,"source_id":0,"frame_num":425,"label":"truck"},{"class_id":2,"confidence":0.5297513604164124,"x_center":0.2373213768005371,"y_center":0.5042202984845197,"width":0.03683652877807617,"height":0.04874810112847222,"source_id":0,"frame_num":425,"label":"car"}]}