{"schema_version":1,"timestamp_ms":1773270783752,"sequence":279,"detections":[{"class_id":2,"confidence":0.4243936836719513,"x_center":0.15918223857879638,"y_center":0.49956046210394967,"width":0.029429101943969728,"height":0.04338294135199653,"source_id":0,"frame_num":279,"label":"car"},{"class_id":7,"confidence":0.37384772300720215,"x_center":0.1593850056330363,"y_center":0.4995343526204427,"width":0.028714799880981447,"height":0.04341922336154514,"source_id":0,"frame_num":279,"label":"truck"}]}