{"schema_version":1,"timestamp_ms":1773270778543,"sequence":119,"detections":[{"class_id":2,"confidence":0.9205134510993958,"x_center":0.3000637054443359,"y_center":0.5354315016004775,"width":0.4003171920776367,"height":0.2969083997938368,"source_id":0,"frame_num":119,"label":"car"},{"class_id":2,"confidence":0.35487717390060425,"x_center":0.4982160568237305,"y_center":0.9059364883987991,"width":0.9630542755126953,"height":0.1735597398546007,"source_id":0,"frame_num":119,"label":"car"}]}