{"schema_version":1,"timestamp_ms":1773270799021,"sequence":701,"detections":[{"class_id":2,"confidence":0.26768121123313904,"x_center":0.49605531692504884,"y_center":0.9046252780490451,"width":0.9877241134643555,"height":0.17535841200086805,"source_id":0,"frame_num":701,"label":"car"},{"class_id":2,"confidence":0.26273563504219055,"x_center":0.40259950955708823,"y_center":0.48984237953468607,"width":0.021692371368408202,"height":0.036095993607132525,"source_id":0,"frame_num":701,"label":"car"}]}