{"schema_version":1,"timestamp_ms":1773270801673,"sequence":778,"detections":[{"class_id":2,"confidence":0.3663646876811981,"x_center":0.453335173924764,"y_center":0.9145582128454137,"width":0.9018613497416178,"height":0.16271661829065392,"source_id":0,"frame_num":778,"label":"car"},{"class_id":2,"confidence":0.28678709268569946,"x_center":0.4098832130432129,"y_center":0.48994361029730904,"width":0.019762802124023437,"height":0.031105889214409724,"source_id":0,"frame_num":778,"label":"car"}]}