{"schema_version":1,"timestamp_ms":1773270795865,"sequence":612,"detections":[{"class_id":2,"confidence":0.6859767436981201,"x_center":0.2444522460301717,"y_center":0.5372211315013744,"width":0.09510086377461752,"height":0.10787799976490162,"source_id":0,"frame_num":612,"label":"car"},{"class_id":2,"confidence":0.49585357308387756,"x_center":0.3820576985677083,"y_center":0.49227834630895545,"width":0.02172565460205078,"height":0.03709756356698495,"source_id":0,"frame_num":612,"label":"car"},{"class_id":2,"confidence":0.28721946477890015,"x_center":0.44471349716186526,"y_center":0.9101418106644242,"width":0.8894269943237305,"height":0.16976244891131365,"source_id":0,"frame_num":612,"label":"car"}]}