{"schema_version":1,"timestamp_ms":1773270812223,"sequence":1085,"detections":[{"class_id":2,"confidence":0.30567991733551025,"x_center":0.7619648774464926,"y_center":0.9149964791757089,"width":0.47305981318155926,"height":0.150483477557147,"source_id":0,"frame_num":1085,"label":"car"},{"class_id":2,"confidence":0.3029220402240753,"x_center":0.5289263566335042,"y_center":0.48728373492205584,"width":0.022214094797770183,"height":0.034383900960286456,"source_id":0,"frame_num":1085,"label":"car"},{"class_id":2,"confidence":0.274303138256073,"x_center":0.5194748719533284,"y_center":0.914136900725188,"width":0.9504989306131999,"height":0.16109342221860531,"source_id":0,"frame_num":1085,"label":"car"}]}