{"schema_version":1,"timestamp_ms":1773270800587,"sequence":746,"detections":[{"class_id":2,"confidence":0.39814022183418274,"x_center":0.06132936477661133,"y_center":0.546464510317202,"width":0.048201465606689455,"height":0.04517635769314236,"source_id":0,"frame_num":746,"label":"car"},{"class_id":2,"confidence":0.3877968192100525,"x_center":0.4579161643981934,"y_center":0.9168738471137152,"width":0.9158323287963868,"height":0.1560024685329861,"source_id":0,"frame_num":746,"label":"car"}]}