{"schema_version":1,"timestamp_ms":1773270777037,"sequence":74,"detections":[{"class_id":2,"confidence":0.6992156505584717,"x_center":0.6417220115661622,"y_center":0.5084740532769098,"width":0.2211610794067383,"height":0.13983052571614582,"source_id":0,"frame_num":74,"label":"car"},{"class_id":2,"confidence":0.4467957019805908,"x_center":0.28799463907877604,"y_center":0.4683148843270761,"width":0.03329149881998698,"height":0.03527439258716725,"source_id":0,"frame_num":74,"label":"car"}]}