{"schema_version":1,"timestamp_ms":1773270776307,"sequence":51,"detections":[{"class_id":11,"confidence":0.9207823276519775,"x_center":0.8537399291992187,"y_center":0.3074400018762659,"width":0.06731643676757812,"height":0.12314546373155381,"source_id":0,"frame_num":51,"label":"stop sign"},{"class_id":2,"confidence":0.7808088064193726,"x_center":0.6929018020629882,"y_center":0.5114090389675564,"width":0.18391456604003906,"height":0.11329371134440104,"source_id":0,"frame_num":51,"label":"car"},{"class_id":2,"confidence":0.3309265375137329,"x_center":0.3007805347442627,"y_center":0.47520887586805555,"width":0.03082265853881836,"height":0.0278411865234375,"source_id":0,"frame_num":51,"label":"car"}]}