{"schema_version":1,"timestamp_ms":1773270775204,"sequence":18,"detections":[{"class_id":11,"confidence":0.8292309641838074,"x_center":0.6749550501505533,"y_center":0.37738672892252606,"width":0.03949572245279948,"height":0.06303253173828124,"source_id":0,"frame_num":18,"label":"stop sign"},{"class_id":7,"confidence":0.5000078678131104,"x_center":0.6334805806477865,"y_center":0.5053395589192708,"width":0.14711443583170572,"height":0.10903116861979166,"source_id":0,"frame_num":18,"label":"truck"},{"class_id":2,"confidence":0.38524436950683594,"x_center":0.404931910832723,"y_center":0.4892376087330006,"width":0.020504474639892578,"height":0.02607845730251736,"source_id":0,"frame_num":18,"label":"car"},{"class_id":2,"confidence":0.28519320487976074,"x_center":0.33455535570780437,"y_center":0.48270881087691697,"width":0.026151371002197266,"height":0.020451157181351272,"source_id":0,"frame_num":18,"label":"car"}]}