{"schema_version":1,"timestamp_ms":1773270797467,"sequence":655,"detections":[{"class_id":2,"confidence":0.46282556653022766,"x_center":0.7497700214385986,"y_center":0.9227731210214121,"width":0.479563045501709,"height":0.13467339409722223,"source_id":0,"frame_num":655,"label":"car"},{"class_id":2,"confidence":0.33429935574531555,"x_center":0.3916492303212484,"y_center":0.48967601634837965,"width":0.02098360061645508,"height":0.03315361870659722,"source_id":0,"frame_num":655,"label":"car"}]}