{"schema_version":1,"timestamp_ms":1773270799967,"sequence":729,"detections":[{"class_id":2,"confidence":0.3888320028781891,"x_center":0.14036989212036133,"y_center":0.5315548932110822,"width":0.03876581192016602,"height":0.03438788519965278,"source_id":0,"frame_num":729,"label":"car"},{"class_id":2,"confidence":0.2731889486312866,"x_center":0.40629499753316245,"y_center":0.48964230572735823,"width":0.019003009796142577,"height":0.028833177354600694,"source_id":0,"frame_num":729,"label":"car"}]}