{"schema_version":1,"timestamp_ms":1773270774882,"sequence":8,"detections":[{"class_id":11,"confidence":0.759040117263794,"x_center":0.6411543528238932,"y_center":0.394447750515408,"width":0.033968353271484376,"height":0.057593282063802084,"source_id":0,"frame_num":8,"label":"stop sign"},{"class_id":2,"confidence":0.6664221882820129,"x_center":0.5487244606018067,"y_center":0.5033539948640047,"width":0.16345157623291015,"height":0.10500205711082176,"source_id":0,"frame_num":8,"label":"car"},{"class_id":7,"confidence":0.4489798843860626,"x_center":0.549224837621053,"y_center":0.502331034342448,"width":0.16521660486857095,"height":0.10322299533420139,"source_id":0,"frame_num":8,"label":"truck"}]}