{"schema_version":1,"timestamp_ms":1773270803506,"sequence":833,"detections":[{"class_id":2,"confidence":0.5278735756874084,"x_center":0.41701564788818357,"y_center":0.4899115103262442,"width":0.026741218566894532,"height":0.02905669035734954,"source_id":0,"frame_num":833,"label":"car"},{"class_id":2,"confidence":0.3468591272830963,"x_center":0.5041525681813558,"y_center":0.9126225506817853,"width":0.9862804094950358,"height":0.16130026358145255,"source_id":0,"frame_num":833,"label":"car"}]}