{"schema_version":1,"timestamp_ms":1773270800524,"sequence":744,"detections":[{"class_id":2,"confidence":0.38511836528778076,"x_center":0.07249492208162943,"y_center":0.5444592228642217,"width":0.04497255881627401,"height":0.04205011438440393,"source_id":0,"frame_num":744,"label":"car"},{"class_id":2,"confidence":0.33872079849243164,"x_center":0.46338529586791993,"y_center":0.9151816474066841,"width":0.9267705917358399,"height":0.15690409342447917,"source_id":0,"frame_num":744,"label":"car"},{"class_id":2,"confidence":0.269052654504776,"x_center":0.40613840421040853,"y_center":0.4894656428584346,"width":0.018424320220947265,"height":0.029790864167390047,"source_id":0,"frame_num":744,"label":"car"}]}