{"schema_version":1,"timestamp_ms":1773270807344,"sequence":942,"detections":[{"class_id":2,"confidence":0.6870853900909424,"x_center":0.3429726123809814,"y_center":0.5046007227014613,"width":0.04135732650756836,"height":0.050131282099971065,"source_id":0,"frame_num":942,"label":"car"},{"class_id":2,"confidence":0.46957719326019287,"x_center":0.44180450439453123,"y_center":0.48973175331398294,"width":0.021631240844726562,"height":0.03448110509801794,"source_id":0,"frame_num":942,"label":"car"},{"class_id":7,"confidence":0.36363059282302856,"x_center":0.47327370643615724,"y_center":0.4879144456651476,"width":0.02509622573852539,"height":0.038552347819010416,"source_id":0,"frame_num":942,"label":"truck"},{"class_id":2,"confidence":0.31398001313209534,"x_center":0.4947460651397705,"y_center":0.9177101700394242,"width":0.9643694877624511,"height":0.15428732412832755,"source_id":0,"frame_num":942,"label":"car"}]}