{"schema_version":1,"timestamp_ms":1773270808696,"sequence":979,"detections":[{"class_id":2,"confidence":0.7826057076454163,"x_center":0.22950975894927977,"y_center":0.5372340590865524,"width":0.1269437313079834,"height":0.13276906896520543,"source_id":0,"frame_num":979,"label":"car"},{"class_id":2,"confidence":0.28504058718681335,"x_center":0.4770334720611572,"y_center":0.9154017978244358,"width":0.9420741081237793,"height":0.15557403564453126,"source_id":0,"frame_num":979,"label":"car"}]}