{"schema_version":1,"timestamp_ms":1773270802552,"sequence":805,"detections":[{"class_id":2,"confidence":0.6249279379844666,"x_center":0.41298279762268064,"y_center":0.4904972358986183,"width":0.02360506057739258,"height":0.034251545093677664,"source_id":0,"frame_num":805,"label":"car"},{"class_id":2,"confidence":0.439251571893692,"x_center":0.4924740791320801,"y_center":0.9073948895489728,"width":0.9849481582641602,"height":0.17570930763527198,"source_id":0,"frame_num":805,"label":"car"}]}