{"schema_version":1,"timestamp_ms":1773270783089,"sequence":259,"detections":[{"class_id":2,"confidence":0.7609890699386597,"x_center":0.11527130206425985,"y_center":0.5153828797516999,"width":0.10346974531809489,"height":0.12199958518699364,"source_id":0,"frame_num":259,"label":"car"},{"class_id":2,"confidence":0.4280272424221039,"x_center":0.3075280984242757,"y_center":0.5026710792824074,"width":0.02712850570678711,"height":0.03840558087384259,"source_id":0,"frame_num":259,"label":"car"},{"class_id":2,"confidence":0.2522926330566406,"x_center":0.2822876453399658,"y_center":0.5000043233235677,"width":0.02708921432495117,"height":0.03141564263237847,"source_id":0,"frame_num":259,"label":"car"}]}