{"schema_version":1,"timestamp_ms":1773270776650,"sequence":62,"detections":[{"class_id":11,"confidence":0.921704113483429,"x_center":0.9602012316385905,"y_center":0.2643140510276512,"width":0.07863750457763671,"height":0.15681083114058883,"source_id":0,"frame_num":62,"label":"stop sign"},{"class_id":2,"confidence":0.8030234575271606,"x_center":0.6769999186197917,"y_center":0.5079498149730541,"width":0.20074005126953126,"height":0.12194329720956308,"source_id":0,"frame_num":62,"label":"car"},{"class_id":2,"confidence":0.27717798948287964,"x_center":0.34255208969116213,"y_center":0.4711916464346427,"width":0.022312736511230467,"height":0.024894290500217013,"source_id":0,"frame_num":62,"label":"car"},{"class_id":2,"confidence":0.25252586603164673,"x_center":0.33465760548909507,"y_center":0.4716575339988426,"width":0.024958038330078126,"height":0.024012473777488427,"source_id":0,"frame_num":62,"label":"car"}]}