{"schema_version":1,"timestamp_ms":1773270703945,"sequence":810,"detections":[{"class_id":2,"confidence":0.8771357536315918,"x_center":0.2502048889795939,"y_center":0.5140999546757451,"width":0.08356569608052572,"height":0.10326213130244502,"source_id":0,"frame_num":810,"label":"car"},{"class_id":2,"confidence":0.6368119120597839,"x_center":0.3638869285583496,"y_center":0.5039105168095341,"width":0.04809513092041016,"height":0.06954600016276041,"source_id":0,"frame_num":810,"label":"car"},{"class_id":2,"confidence":0.5985302925109863,"x_center":0.3099592844645182,"y_center":0.494480542783384,"width":0.03965670267740885,"height":0.0421452557599103,"source_id":0,"frame_num":810,"label":"car"},{"class_id":2,"confidence":0.5904961824417114,"x_center":0.17998315493265787,"y_center":0.4930354506881149,"width":0.06737613677978516,"height":0.08114960281937211,"source_id":0,"frame_num":810,"label":"car"}]}