{"schema_version":1,"timestamp_ms":1773270678455,"sequence":216,"detections":[{"class_id":2,"confidence":0.5621693134307861,"x_center":0.0762422780195872,"y_center":0.4720414338288484,"width":0.03647229274113973,"height":0.03798376012731482,"source_id":0,"frame_num":216,"label":"car"},{"class_id":2,"confidence":0.5408014059066772,"x_center":0.22089399496714274,"y_center":0.5184267679850261,"width":0.1097832202911377,"height":0.13306393093532987,"source_id":0,"frame_num":216,"label":"car"},{"class_id":2,"confidence":0.5257568955421448,"x_center":0.36320494016011556,"y_center":0.4927034024839048,"width":0.04598588943481445,"height":0.06481981630678531,"source_id":0,"frame_num":216,"label":"car"},{"class_id":2,"confidence":0.4256938099861145,"x_center":0.4283436298370361,"y_center":0.9065755208333334,"width":0.8505805015563965,"height":0.17375013563368055,"source_id":0,"frame_num":216,"label":"car"}]}