{"schema_version":1,"timestamp_ms":1773270715075,"sequence":1103,"detections":[{"class_id":2,"confidence":0.7289080619812012,"x_center":0.16909985144933065,"y_center":0.5200942004168475,"width":0.15398792425791422,"height":0.19767622771086515,"source_id":0,"frame_num":1103,"label":"car"},{"class_id":2,"confidence":0.6644431352615356,"x_center":0.30956425666809084,"y_center":0.49791621455439816,"width":0.03398199081420898,"height":0.03744167751736111,"source_id":0,"frame_num":1103,"label":"car"},{"class_id":2,"confidence":0.4992188513278961,"x_center":0.37861944834391276,"y_center":0.5019336559154369,"width":0.050717099507649736,"height":0.07213219536675347,"source_id":0,"frame_num":1103,"label":"car"},{"class_id":2,"confidence":0.47620704770088196,"x_center":0.27728416124979655,"y_center":0.493337164984809,"width":0.030715084075927733,"height":0.0371612548828125,"source_id":0,"frame_num":1103,"label":"car"}]}