{"schema_version":1,"timestamp_ms":1773270676017,"sequence":154,"detections":[{"class_id":2,"confidence":0.8487775921821594,"x_center":0.17399980624516806,"y_center":0.5375688623498988,"width":0.1738943656285604,"height":0.18448164198133682,"source_id":0,"frame_num":154,"label":"car"},{"class_id":2,"confidence":0.5501746535301208,"x_center":0.04544601937135061,"y_center":0.4649682786729601,"width":0.0306997279326121,"height":0.020985073513454862,"source_id":0,"frame_num":154,"label":"car"},{"class_id":2,"confidence":0.5118943452835083,"x_center":0.3616126855214437,"y_center":0.4935399655942564,"width":0.043915081024169925,"height":0.052887697573061346,"source_id":0,"frame_num":154,"label":"car"},{"class_id":2,"confidence":0.431829571723938,"x_center":0.4800407409667969,"y_center":0.9028272558141638,"width":0.9533889770507813,"height":0.1793805722837095,"source_id":0,"frame_num":154,"label":"car"}]}