{"schema_version":1,"timestamp_ms":1773270705670,"sequence":853,"detections":[{"class_id":2,"confidence":0.7276437878608704,"x_center":0.364857562383016,"y_center":0.511469014485677,"width":0.04604616165161133,"height":0.06332872178819444,"source_id":0,"frame_num":853,"label":"car"},{"class_id":2,"confidence":0.7263102531433105,"x_center":0.2705688953399658,"y_center":0.517155032687717,"width":0.06428518295288085,"height":0.07986128065321181,"source_id":0,"frame_num":853,"label":"car"},{"class_id":2,"confidence":0.6450209617614746,"x_center":0.20739547411600748,"y_center":0.5013585408528646,"width":0.05412111282348633,"height":0.067022705078125,"source_id":0,"frame_num":853,"label":"car"},{"class_id":2,"confidence":0.4565095603466034,"x_center":0.3186554272969564,"y_center":0.500531655770761,"width":0.02788677215576172,"height":0.03926860668041088,"source_id":0,"frame_num":853,"label":"car"}]}