{"schema_version":1,"timestamp_ms":1773270677517,"sequence":194,"detections":[{"class_id":2,"confidence":0.7847938537597656,"x_center":0.2144731918970744,"y_center":0.524373033311632,"width":0.12687795956929523,"height":0.15272352430555555,"source_id":0,"frame_num":194,"label":"car"},{"class_id":2,"confidence":0.6931973695755005,"x_center":0.36374526023864745,"y_center":0.49009526570638023,"width":0.047701549530029294,"height":0.06750946044921875,"source_id":0,"frame_num":194,"label":"car"},{"class_id":2,"confidence":0.4817013740539551,"x_center":0.42631190617879233,"y_center":0.9089458606861256,"width":0.8460507074991862,"height":0.1742471765588831,"source_id":0,"frame_num":194,"label":"car"}]}