{"schema_version":1,"timestamp_ms":1773270683110,"sequence":311,"detections":[{"class_id":2,"confidence":0.7449960112571716,"x_center":0.25654818216959635,"y_center":0.5033023127803096,"width":0.06655502319335938,"height":0.07879033971715857,"source_id":0,"frame_num":311,"label":"car"},{"class_id":2,"confidence":0.6777792572975159,"x_center":0.3637643496195475,"y_center":0.4959021250406901,"width":0.05440038045247396,"height":0.0710036383734809,"source_id":0,"frame_num":311,"label":"car"},{"class_id":2,"confidence":0.6763132810592651,"x_center":0.11068742275238037,"y_center":0.48773928041811343,"width":0.06301980018615723,"height":0.05717796043113426,"source_id":0,"frame_num":311,"label":"car"},{"class_id":2,"confidence":0.46743541955947876,"x_center":0.22505908012390136,"y_center":0.4718128486915871,"width":0.028831291198730468,"height":0.046244953296802664,"source_id":0,"frame_num":311,"label":"car"}]}