{"schema_version":1,"timestamp_ms":1773270683328,"sequence":316,"detections":[{"class_id":2,"confidence":0.6807234287261963,"x_center":0.1166762113571167,"y_center":0.48772255226417827,"width":0.06349024772644044,"height":0.05878024631076389,"source_id":0,"frame_num":316,"label":"car"},{"class_id":2,"confidence":0.662850022315979,"x_center":0.36356409390767414,"y_center":0.4959157590512876,"width":0.05463762283325195,"height":0.07191687689887152,"source_id":0,"frame_num":316,"label":"car"},{"class_id":2,"confidence":0.5582276582717896,"x_center":0.2574079434076945,"y_center":0.5031903443513093,"width":0.06627821922302246,"height":0.07859155160409433,"source_id":0,"frame_num":316,"label":"car"},{"class_id":2,"confidence":0.43536657094955444,"x_center":0.22380242347717286,"y_center":0.47291381270797167,"width":0.033424758911132814,"height":0.04474594681351273,"source_id":0,"frame_num":316,"label":"car"}]}