{"schema_version":1,"timestamp_ms":1773270705783,"sequence":856,"detections":[{"class_id":2,"confidence":0.703960657119751,"x_center":0.27036797205607094,"y_center":0.5194682085955584,"width":0.06564000447591146,"height":0.07707378246166088,"source_id":0,"frame_num":856,"label":"car"},{"class_id":2,"confidence":0.6127086877822876,"x_center":0.2090665340423584,"y_center":0.5017579113995587,"width":0.056256675720214845,"height":0.06812622635452836,"source_id":0,"frame_num":856,"label":"car"},{"class_id":2,"confidence":0.5325364470481873,"x_center":0.3633611996968587,"y_center":0.5111637539333768,"width":0.04629993438720703,"height":0.06370527479383681,"source_id":0,"frame_num":856,"label":"car"},{"class_id":2,"confidence":0.41179895401000977,"x_center":0.3182876745859782,"y_center":0.5002541153519242,"width":0.02814906438191732,"height":0.03653061478226273,"source_id":0,"frame_num":856,"label":"car"}]}