{"schema_version":1,"timestamp_ms":1773270674118,"sequence":97,"detections":[{"class_id":2,"confidence":0.8875411748886108,"x_center":0.09401895999908447,"y_center":0.5753451312029804,"width":0.18776869773864746,"height":0.30369420934606484,"source_id":0,"frame_num":97,"label":"car"},{"class_id":2,"confidence":0.5641435384750366,"x_center":0.352871576944987,"y_center":0.4843436629683883,"width":0.044630241394042966,"height":0.06130308928313079,"source_id":0,"frame_num":97,"label":"car"},{"class_id":2,"confidence":0.5127204060554504,"x_center":0.47773269017537434,"y_center":0.904277010317202,"width":0.9457874933878581,"height":0.18174500641999422,"source_id":0,"frame_num":97,"label":"car"},{"class_id":2,"confidence":0.3690258264541626,"x_center":0.9814464569091796,"y_center":0.4742928257694951,"width":0.03590583801269531,"height":0.0366257561577691,"source_id":0,"frame_num":97,"label":"car"}]}