{"schema_version":1,"timestamp_ms":1773270675131,"sequence":127,"detections":[{"class_id":2,"confidence":0.887014627456665,"x_center":0.11801795959472657,"y_center":0.5510796299687138,"width":0.23603591918945313,"height":0.23458842524775753,"source_id":0,"frame_num":127,"label":"car"},{"class_id":2,"confidence":0.7185110449790955,"x_center":0.35823599497477215,"y_center":0.4894288804796007,"width":0.04410107930501302,"height":0.05788370768229167,"source_id":0,"frame_num":127,"label":"car"},{"class_id":2,"confidence":0.5874172449111938,"x_center":0.42122907638549806,"y_center":0.9104988663284866,"width":0.8317251205444336,"height":0.16432692916304978,"source_id":0,"frame_num":127,"label":"car"},{"class_id":2,"confidence":0.3985598087310791,"x_center":0.33384758631388345,"y_center":0.46861843532986114,"width":0.020850944519042968,"height":0.023549397786458332,"source_id":0,"frame_num":127,"label":"car"}]}