{"schema_version":1,"timestamp_ms":1773270675162,"sequence":128,"detections":[{"class_id":2,"confidence":0.8929150104522705,"x_center":0.11510035991668702,"y_center":0.5502193450927735,"width":0.23020071983337403,"height":0.2363299051920573,"source_id":0,"frame_num":128,"label":"car"},{"class_id":2,"confidence":0.6872401833534241,"x_center":0.35679011344909667,"y_center":0.490456305609809,"width":0.04386777877807617,"height":0.05794677734375,"source_id":0,"frame_num":128,"label":"car"},{"class_id":2,"confidence":0.3329559564590454,"x_center":0.4855154832204183,"y_center":0.9060791015625,"width":0.964583937327067,"height":0.17351548936631944,"source_id":0,"frame_num":128,"label":"car"},{"class_id":2,"confidence":0.2655545771121979,"x_center":0.2473762035369873,"y_center":0.5002099637632017,"width":0.02620706558227539,"height":0.07153622662579572,"source_id":0,"frame_num":128,"label":"car"}]}