{"schema_version":1,"timestamp_ms":1773270691842,"sequence":513,"detections":[{"class_id":2,"confidence":0.6108306646347046,"x_center":0.3711175123850505,"y_center":0.503583017985026,"width":0.051428063710530596,"height":0.07642567952473958,"source_id":0,"frame_num":513,"label":"car"},{"class_id":2,"confidence":0.5756808519363403,"x_center":0.18991769552230836,"y_center":0.5196494067156756,"width":0.11871531009674072,"height":0.1534282825611256,"source_id":0,"frame_num":513,"label":"car"},{"class_id":2,"confidence":0.5673052072525024,"x_center":0.3123218854268392,"y_center":0.4971250745985243,"width":0.03595314025878906,"height":0.03126254611545139,"source_id":0,"frame_num":513,"label":"car"},{"class_id":2,"confidence":0.35467955470085144,"x_center":0.26837759017944335,"y_center":0.4858588324652778,"width":0.021501922607421876,"height":0.023406982421875,"source_id":0,"frame_num":513,"label":"car"}]}