{"schema_version":1,"timestamp_ms":1773270682929,"sequence":307,"detections":[{"class_id":2,"confidence":0.7033982276916504,"x_center":0.25498461723327637,"y_center":0.5022816410771123,"width":0.06958570480346679,"height":0.08508696379484953,"source_id":0,"frame_num":307,"label":"car"},{"class_id":2,"confidence":0.6383585333824158,"x_center":0.36355417569478354,"y_center":0.49654615896719473,"width":0.05473661422729492,"height":0.06934981169524017,"source_id":0,"frame_num":307,"label":"car"},{"class_id":2,"confidence":0.5633252859115601,"x_center":0.10665550231933593,"y_center":0.48746573836715135,"width":0.0660477638244629,"height":0.06267996893988716,"source_id":0,"frame_num":307,"label":"car"},{"class_id":2,"confidence":0.5152360796928406,"x_center":0.22393064498901366,"y_center":0.47146691216362846,"width":0.027207088470458985,"height":0.044037543402777775,"source_id":0,"frame_num":307,"label":"car"}]}