{"schema_version":1,"timestamp_ms":1773270683240,"sequence":314,"detections":[{"class_id":2,"confidence":0.6787974834442139,"x_center":0.36355945269266765,"y_center":0.4961151123046875,"width":0.0547300656636556,"height":0.07218526204427084,"source_id":0,"frame_num":314,"label":"car"},{"class_id":2,"confidence":0.6152563691139221,"x_center":0.11550921599070231,"y_center":0.48770038463451243,"width":0.06437411308288574,"height":0.061876000298394095,"source_id":0,"frame_num":314,"label":"car"},{"class_id":2,"confidence":0.5923541784286499,"x_center":0.2575819412867228,"y_center":0.5025438944498698,"width":0.06384657224019369,"height":0.07961951361762153,"source_id":0,"frame_num":314,"label":"car"},{"class_id":2,"confidence":0.5003877878189087,"x_center":0.22393741607666015,"y_center":0.47299417566370083,"width":0.0329127311706543,"height":0.045404448332609953,"source_id":0,"frame_num":314,"label":"car"}]}