{"schema_version":1,"timestamp_ms":1773270714251,"sequence":1080,"detections":[{"class_id":2,"confidence":0.8043293952941895,"x_center":0.1184036374092102,"y_center":0.528462388780382,"width":0.20744473934173585,"height":0.23851114908854168,"source_id":0,"frame_num":1080,"label":"car"},{"class_id":2,"confidence":0.6369205713272095,"x_center":0.2691797733306885,"y_center":0.4882801338478371,"width":0.03495302200317383,"height":0.04795698942961516,"source_id":0,"frame_num":1080,"label":"car"},{"class_id":2,"confidence":0.6074835658073425,"x_center":0.2998011747996012,"y_center":0.4975650363498264,"width":0.0344386100769043,"height":0.04294399685329861,"source_id":0,"frame_num":1080,"label":"car"},{"class_id":2,"confidence":0.30472221970558167,"x_center":0.49580063819885256,"y_center":0.9098167984573929,"width":0.9870726585388183,"height":0.17581476282190395,"source_id":0,"frame_num":1080,"label":"car"}]}