{"schema_version":1,"timestamp_ms":1773270677587,"sequence":195,"detections":[{"class_id":2,"confidence":0.7384644746780396,"x_center":0.21462113062540691,"y_center":0.5261442396375868,"width":0.12539876302083333,"height":0.15004509819878473,"source_id":0,"frame_num":195,"label":"car"},{"class_id":2,"confidence":0.7004503011703491,"x_center":0.3638563791910807,"y_center":0.4917239153826678,"width":0.04707380930582682,"height":0.06661806459780092,"source_id":0,"frame_num":195,"label":"car"},{"class_id":0,"confidence":0.47921034693717957,"x_center":0.7134835879007976,"y_center":0.6047379105179398,"width":0.018312644958496094,"height":0.07761569552951389,"source_id":0,"frame_num":195,"label":"person"},{"class_id":2,"confidence":0.3891497850418091,"x_center":0.43025636672973633,"y_center":0.9095696343315972,"width":0.8544683456420898,"height":0.17185329861111112,"source_id":0,"frame_num":195,"label":"car"}]}