{"schema_version":1,"timestamp_ms":1773270674186,"sequence":99,"detections":[{"class_id":2,"confidence":0.886890709400177,"x_center":0.0945064624150594,"y_center":0.5749909294976129,"width":0.18870317141215007,"height":0.30517459445529516,"source_id":0,"frame_num":99,"label":"car"},{"class_id":2,"confidence":0.46954503655433655,"x_center":0.35366323788960774,"y_center":0.4842490160906756,"width":0.04298086166381836,"height":0.06056340535481771,"source_id":0,"frame_num":99,"label":"car"},{"class_id":2,"confidence":0.4207397401332855,"x_center":0.48536033630371095,"y_center":0.9055726510507089,"width":0.9591304779052734,"height":0.178254473650897,"source_id":0,"frame_num":99,"label":"car"}]}