{"schema_version":1,"timestamp_ms":1773270675062,"sequence":125,"detections":[{"class_id":2,"confidence":0.8899480700492859,"x_center":0.11582384109497071,"y_center":0.5557533970585575,"width":0.2312319755554199,"height":0.24334561383282696,"source_id":0,"frame_num":125,"label":"car"},{"class_id":2,"confidence":0.7316510677337646,"x_center":0.3582342783610026,"y_center":0.4902973457618996,"width":0.043089866638183594,"height":0.05716549908673322,"source_id":0,"frame_num":125,"label":"car"},{"class_id":2,"confidence":0.5080632567405701,"x_center":0.4731113910675049,"y_center":0.9089385986328125,"width":0.9394743919372559,"height":0.17421061197916668,"source_id":0,"frame_num":125,"label":"car"},{"class_id":2,"confidence":0.3463442325592041,"x_center":0.33309772809346516,"y_center":0.46742562188042536,"width":0.020549742380777995,"height":0.022530958387586807,"source_id":0,"frame_num":125,"label":"car"}]}