{"schema_version":1,"timestamp_ms":1773270679308,"sequence":235,"detections":[{"class_id":2,"confidence":0.6078508496284485,"x_center":0.22466039657592773,"y_center":0.5153471063684534,"width":0.09752826690673828,"height":0.11790412620261863,"source_id":0,"frame_num":235,"label":"car"},{"class_id":2,"confidence":0.5101520419120789,"x_center":0.012452129274606705,"y_center":0.508597903781467,"width":0.024798063933849333,"height":0.07101084391276041,"source_id":0,"frame_num":235,"label":"car"},{"class_id":2,"confidence":0.4068244695663452,"x_center":0.3626904805501302,"y_center":0.4934570595070168,"width":0.04666347503662109,"height":0.06890230532045717,"source_id":0,"frame_num":235,"label":"car"},{"class_id":2,"confidence":0.2866169512271881,"x_center":0.4259575366973877,"y_center":0.907049560546875,"width":0.8448748588562012,"height":0.17312486436631944,"source_id":0,"frame_num":235,"label":"car"}]}