{"schema_version":1,"timestamp_ms":1773270673914,"sequence":91,"detections":[{"class_id":2,"confidence":0.8680256605148315,"x_center":0.08704817295074463,"y_center":0.5912262810601129,"width":0.17409634590148926,"height":0.33032311333550346,"source_id":0,"frame_num":91,"label":"car"},{"class_id":2,"confidence":0.595885157585144,"x_center":0.35215190251668294,"y_center":0.4873486695466218,"width":0.044199562072753905,"height":0.05755781950774016,"source_id":0,"frame_num":91,"label":"car"},{"class_id":2,"confidence":0.4552207291126251,"x_center":0.4682194232940674,"y_center":0.9033172889992043,"width":0.9289229393005372,"height":0.18020963315610533,"source_id":0,"frame_num":91,"label":"car"}]}