{"schema_version":1,"timestamp_ms":1773270682973,"sequence":308,"detections":[{"class_id":2,"confidence":0.713688313961029,"x_center":0.25543524424235026,"y_center":0.5020241490116826,"width":0.06950511932373046,"height":0.08266378332067419,"source_id":0,"frame_num":308,"label":"car"},{"class_id":2,"confidence":0.6277002096176147,"x_center":0.36372386614481605,"y_center":0.49625005368833186,"width":0.0547975222269694,"height":0.0697545086895978,"source_id":0,"frame_num":308,"label":"car"},{"class_id":2,"confidence":0.5883893966674805,"x_center":0.10850473244984944,"y_center":0.48807844939055267,"width":0.06343452135721843,"height":0.06228745071976273,"source_id":0,"frame_num":308,"label":"car"},{"class_id":2,"confidence":0.5653263330459595,"x_center":0.22440705299377442,"y_center":0.47120641072591146,"width":0.02680940628051758,"height":0.043961418999565974,"source_id":0,"frame_num":308,"label":"car"}]}