{"schema_version":1,"timestamp_ms":1773270702495,"sequence":774,"detections":[{"class_id":2,"confidence":0.6731765866279602,"x_center":0.22739307085673013,"y_center":0.5191571553548177,"width":0.10064935684204102,"height":0.12371910942925347,"source_id":0,"frame_num":774,"label":"car"},{"class_id":2,"confidence":0.608443558216095,"x_center":0.3017411231994629,"y_center":0.49632653130425347,"width":0.04311695098876953,"height":0.04510904947916667,"source_id":0,"frame_num":774,"label":"car"},{"class_id":2,"confidence":0.4604567289352417,"x_center":0.36068339347839357,"y_center":0.503981696234809,"width":0.04754362106323242,"height":0.07289632161458333,"source_id":0,"frame_num":774,"label":"car"},{"class_id":7,"confidence":0.45170140266418457,"x_center":0.14928116798400878,"y_center":0.49339061313205296,"width":0.08236808776855468,"height":0.10186114841037326,"source_id":0,"frame_num":774,"label":"truck"}]}