{"schema_version":1,"timestamp_ms":1773270683147,"sequence":312,"detections":[{"class_id":2,"confidence":0.7250269055366516,"x_center":0.2576743761698405,"y_center":0.5029359605577257,"width":0.06597340901692708,"height":0.079156494140625,"source_id":0,"frame_num":312,"label":"car"},{"class_id":2,"confidence":0.7001399993896484,"x_center":0.11230758825937907,"y_center":0.487878742924443,"width":0.06367230415344238,"height":0.058488888210720485,"source_id":0,"frame_num":312,"label":"car"},{"class_id":2,"confidence":0.6925405263900757,"x_center":0.3646856307983398,"y_center":0.49682837592230905,"width":0.05261859893798828,"height":0.07236667209201389,"source_id":0,"frame_num":312,"label":"car"},{"class_id":2,"confidence":0.5169022679328918,"x_center":0.22485921382904053,"y_center":0.4722778602882668,"width":0.031024885177612305,"height":0.04448654739945023,"source_id":0,"frame_num":312,"label":"car"}]}