{"schema_version":1,"timestamp_ms":1773270677709,"sequence":197,"detections":[{"class_id":2,"confidence":0.7136058807373047,"x_center":0.21598982016245524,"y_center":0.5220147874620226,"width":0.12384228706359864,"height":0.15425262451171876,"source_id":0,"frame_num":197,"label":"car"},{"class_id":2,"confidence":0.7021849751472473,"x_center":0.3637919267018636,"y_center":0.4918015232792607,"width":0.04565439224243164,"height":0.06369965164749711,"source_id":0,"frame_num":197,"label":"car"},{"class_id":2,"confidence":0.44522103667259216,"x_center":0.42391966183980306,"y_center":0.9071061593514902,"width":0.8419641176859538,"height":0.1751191880967882,"source_id":0,"frame_num":197,"label":"car"},{"class_id":10,"confidence":0.3599156141281128,"x_center":0.7658973693847656,"y_center":0.6261119701244213,"width":0.020276260375976563,"height":0.09229894567418981,"source_id":0,"frame_num":197,"label":"fire hydrant"}]}