{"schema_version":1,"timestamp_ms":1773270674660,"sequence":113,"detections":[{"class_id":2,"confidence":0.9133287072181702,"x_center":0.10712245305379232,"y_center":0.5642420450846354,"width":0.21333910624186198,"height":0.2653845893012153,"source_id":0,"frame_num":113,"label":"car"},{"class_id":2,"confidence":0.48312702775001526,"x_center":0.3552971363067627,"y_center":0.4844842698838976,"width":0.04313364028930664,"height":0.06398095024956597,"source_id":0,"frame_num":113,"label":"car"},{"class_id":2,"confidence":0.4113328456878662,"x_center":0.4784381866455078,"y_center":0.902051939787688,"width":0.9495063781738281,"height":0.18077251293041088,"source_id":0,"frame_num":113,"label":"car"},{"class_id":2,"confidence":0.4067789614200592,"x_center":0.3309652328491211,"y_center":0.46493504842122396,"width":0.026081085205078125,"height":0.02649959988064236,"source_id":0,"frame_num":113,"label":"car"}]}