{"schema_version":1,"timestamp_ms":1773270673715,"sequence":85,"detections":[{"class_id":2,"confidence":0.8467209339141846,"x_center":0.08109584053357442,"y_center":0.6001827663845486,"width":0.1619807521502177,"height":0.3477389865451389,"source_id":0,"frame_num":85,"label":"car"},{"class_id":2,"confidence":0.6822841167449951,"x_center":0.11842338641484579,"y_center":0.48551839192708335,"width":0.08816886742909749,"height":0.10158487955729166,"source_id":0,"frame_num":85,"label":"car"},{"class_id":2,"confidence":0.6347762942314148,"x_center":0.35175968805948893,"y_center":0.48764223169397425,"width":0.04415295918782552,"height":0.05693848221390336,"source_id":0,"frame_num":85,"label":"car"},{"class_id":2,"confidence":0.4790472686290741,"x_center":0.47696533203125,"y_center":0.9006044175889757,"width":0.9428638458251953,"height":0.18510233561197917,"source_id":0,"frame_num":85,"label":"car"}]}