{"schema_version":1,"timestamp_ms":1773270678767,"sequence":224,"detections":[{"class_id":2,"confidence":0.6232494115829468,"x_center":0.22285521825154622,"y_center":0.5162354363335504,"width":0.1020742416381836,"height":0.12656063503689235,"source_id":0,"frame_num":224,"label":"car"},{"class_id":2,"confidence":0.5225245952606201,"x_center":0.36294511159261067,"y_center":0.49149339463975694,"width":0.0473724365234375,"height":0.07286648220486111,"source_id":0,"frame_num":224,"label":"car"},{"class_id":7,"confidence":0.47895294427871704,"x_center":0.7294572512308757,"y_center":0.45187911987304685,"width":0.10162296295166015,"height":0.3496990627712674,"source_id":0,"frame_num":224,"label":"truck"},{"class_id":10,"confidence":0.26707977056503296,"x_center":0.8367076873779297,"y_center":0.6558767530653212,"width":0.02731170654296875,"height":0.1239290025499132,"source_id":0,"frame_num":224,"label":"fire hydrant"}]}