{"schema_version":1,"timestamp_ms":1773270678694,"sequence":222,"detections":[{"class_id":10,"confidence":0.8256818652153015,"x_center":0.762293529510498,"y_center":0.6257516931604457,"width":0.024765968322753906,"height":0.10305876555266204,"source_id":0,"frame_num":222,"label":"fire hydrant"},{"class_id":2,"confidence":0.5878730416297913,"x_center":0.22204338709513347,"y_center":0.5153301097728588,"width":0.10435447692871094,"height":0.12902018229166667,"source_id":0,"frame_num":222,"label":"car"},{"class_id":2,"confidence":0.5598897933959961,"x_center":0.36282560030619304,"y_center":0.4906377015290437,"width":0.04700593948364258,"height":0.07194702713577836,"source_id":0,"frame_num":222,"label":"car"},{"class_id":2,"confidence":0.38541752099990845,"x_center":0.42580862045288087,"y_center":0.9055829931188513,"width":0.8486055374145508,"height":0.17550348352502892,"source_id":0,"frame_num":222,"label":"car"}]}