{"schema_version":1,"timestamp_ms":1773270684806,"sequence":346,"detections":[{"class_id":2,"confidence":0.5514922142028809,"x_center":0.3701369285583496,"y_center":0.4980408138699002,"width":0.05266151428222656,"height":0.07227469550238716,"source_id":0,"frame_num":346,"label":"car"},{"class_id":2,"confidence":0.5514031648635864,"x_center":0.14852892955144245,"y_center":0.48564091435185186,"width":0.05282200972239177,"height":0.05083245171440972,"source_id":0,"frame_num":346,"label":"car"},{"class_id":2,"confidence":0.5441392660140991,"x_center":0.2744261821111043,"y_center":0.49957604584870513,"width":0.05681799252827962,"height":0.07174476340964989,"source_id":0,"frame_num":346,"label":"car"},{"class_id":2,"confidence":0.4987989366054535,"x_center":0.23909454345703124,"y_center":0.4705961439344618,"width":0.027074337005615234,"height":0.04151780870225694,"source_id":0,"frame_num":346,"label":"car"}]}