{"schema_version":1,"timestamp_ms":1773270674554,"sequence":110,"detections":[{"class_id":2,"confidence":0.8981058597564697,"x_center":0.10451910495758057,"y_center":0.5664124382866753,"width":0.208526086807251,"height":0.27074601915147567,"source_id":0,"frame_num":110,"label":"car"},{"class_id":2,"confidence":0.5508252382278442,"x_center":0.3547694524129232,"y_center":0.4833607002540871,"width":0.042855262756347656,"height":0.06480743973343461,"source_id":0,"frame_num":110,"label":"car"},{"class_id":2,"confidence":0.5230499505996704,"x_center":0.4773951530456543,"y_center":0.8935717829951534,"width":0.9464658737182617,"height":0.19571211073133682,"source_id":0,"frame_num":110,"label":"car"},{"class_id":2,"confidence":0.4551263749599457,"x_center":0.33053178787231446,"y_center":0.4649711467601635,"width":0.025829124450683593,"height":0.02586565370912905,"source_id":0,"frame_num":110,"label":"car"}]}