{"schema_version":1,"timestamp_ms":1773270672889,"sequence":61,"detections":[{"class_id":2,"confidence":0.6593791842460632,"x_center":0.08065510590871175,"y_center":0.49370187830041956,"width":0.10945369402567545,"height":0.12065570972583912,"source_id":0,"frame_num":61,"label":"car"},{"class_id":2,"confidence":0.6287410855293274,"x_center":0.053887593746185306,"y_center":0.6137402004665798,"width":0.10772464275360108,"height":0.3399685329861111,"source_id":0,"frame_num":61,"label":"car"},{"class_id":2,"confidence":0.5087136030197144,"x_center":0.4709351062774658,"y_center":0.9028182983398437,"width":0.9010809898376465,"height":0.18129442003038193,"source_id":0,"frame_num":61,"label":"car"},{"class_id":2,"confidence":0.4008277356624603,"x_center":0.3514901638031006,"y_center":0.49040371930157695,"width":0.04333963394165039,"height":0.05271306920934606,"source_id":0,"frame_num":61,"label":"car"}]}