{"schema_version":1,"timestamp_ms":1773270677224,"sequence":186,"detections":[{"class_id":2,"confidence":0.7502496838569641,"x_center":0.21029070218404133,"y_center":0.5281048527470341,"width":0.13460226058959962,"height":0.16021530716507523,"source_id":0,"frame_num":186,"label":"car"},{"class_id":2,"confidence":0.6978176236152649,"x_center":0.36319937705993655,"y_center":0.49280887179904515,"width":0.045991039276123045,"height":0.06286112467447917,"source_id":0,"frame_num":186,"label":"car"},{"class_id":2,"confidence":0.43409213423728943,"x_center":0.42307813962300617,"y_center":0.9072957074200666,"width":0.8428697268168132,"height":0.1762650666413484,"source_id":0,"frame_num":186,"label":"car"},{"class_id":2,"confidence":0.2775447368621826,"x_center":0.3065487384796143,"y_center":0.4881200013337312,"width":0.027452754974365234,"height":0.05101264671043113,"source_id":0,"frame_num":186,"label":"car"}]}