{"schema_version":1,"timestamp_ms":1773270678844,"sequence":226,"detections":[{"class_id":2,"confidence":0.7010196447372437,"x_center":0.22304700215657552,"y_center":0.5158523277000144,"width":0.10176982879638671,"height":0.12408588550708911,"source_id":0,"frame_num":226,"label":"car"},{"class_id":0,"confidence":0.4800606071949005,"x_center":0.7336552619934082,"y_center":0.5971982885290075,"width":0.03051471710205078,"height":0.10067053900824653,"source_id":0,"frame_num":226,"label":"person"},{"class_id":2,"confidence":0.4202762544155121,"x_center":0.3632090091705322,"y_center":0.4922721438937717,"width":0.04648504257202148,"height":0.07270092434353298,"source_id":0,"frame_num":226,"label":"car"}]}