{"schema_version":1,"timestamp_ms":1773270684530,"sequence":340,"detections":[{"class_id":2,"confidence":0.6418376564979553,"x_center":0.3696002006530762,"y_center":0.4979326883951823,"width":0.0514251708984375,"height":0.07250315348307292,"source_id":0,"frame_num":340,"label":"car"},{"class_id":2,"confidence":0.6288626194000244,"x_center":0.2731954097747803,"y_center":0.4997235474763093,"width":0.05754251480102539,"height":0.07182173552336517,"source_id":0,"frame_num":340,"label":"car"},{"class_id":2,"confidence":0.5552698969841003,"x_center":0.23682117462158203,"y_center":0.4710731365062572,"width":0.02953624725341797,"height":0.04182058263708044,"source_id":0,"frame_num":340,"label":"car"},{"class_id":2,"confidence":0.47589102387428284,"x_center":0.14344133138656617,"y_center":0.48601947360568576,"width":0.053364109992980954,"height":0.05226762559678819,"source_id":0,"frame_num":340,"label":"car"}]}