{"schema_version":1,"timestamp_ms":1773270704180,"sequence":816,"detections":[{"class_id":2,"confidence":0.7944502830505371,"x_center":0.25337207317352295,"y_center":0.5142985308611835,"width":0.07848362922668457,"height":0.09921100757740162,"source_id":0,"frame_num":816,"label":"car"},{"class_id":2,"confidence":0.6649194359779358,"x_center":0.3642094294230143,"y_center":0.5039525349934896,"width":0.04809729258219401,"height":0.06824171278211806,"source_id":0,"frame_num":816,"label":"car"},{"class_id":2,"confidence":0.627784788608551,"x_center":0.1833723545074463,"y_center":0.4939845049822772,"width":0.06465387344360352,"height":0.07870149965639468,"source_id":0,"frame_num":816,"label":"car"},{"class_id":2,"confidence":0.43978235125541687,"x_center":0.31035361289978025,"y_center":0.4954326770923756,"width":0.04124727249145508,"height":0.04059838189019097,"source_id":0,"frame_num":816,"label":"car"}]}