{"schema_version":1,"timestamp_ms":1773270674626,"sequence":112,"detections":[{"class_id":2,"confidence":0.884102463722229,"x_center":0.106200909614563,"y_center":0.5625473305031106,"width":0.21181845664978027,"height":0.2594079476815683,"source_id":0,"frame_num":112,"label":"car"},{"class_id":2,"confidence":0.5754352807998657,"x_center":0.35532883008321126,"y_center":0.4828779432508681,"width":0.042959435780843096,"height":0.06556057400173611,"source_id":0,"frame_num":112,"label":"car"},{"class_id":2,"confidence":0.547568142414093,"x_center":0.3308429559071859,"y_center":0.46469877737539783,"width":0.025310802459716796,"height":0.0269047772442853,"source_id":0,"frame_num":112,"label":"car"},{"class_id":2,"confidence":0.3479413390159607,"x_center":0.4819021701812744,"y_center":0.9020107410572193,"width":0.9550734519958496,"height":0.17864001238787616,"source_id":0,"frame_num":112,"label":"car"}]}