{"schema_version":1,"timestamp_ms":1773270703906,"sequence":809,"detections":[{"class_id":2,"confidence":0.8941332697868347,"x_center":0.2498517910639445,"y_center":0.5139355129665799,"width":0.08230522473653158,"height":0.10320638020833334,"source_id":0,"frame_num":809,"label":"car"},{"class_id":2,"confidence":0.6457427740097046,"x_center":0.363911231358846,"y_center":0.50390949955693,"width":0.048436450958251956,"height":0.0675191808629919,"source_id":0,"frame_num":809,"label":"car"},{"class_id":2,"confidence":0.6375866532325745,"x_center":0.3104999860127767,"y_center":0.4943176128246166,"width":0.03857154846191406,"height":0.04194530910915799,"source_id":0,"frame_num":809,"label":"car"},{"class_id":2,"confidence":0.5361482501029968,"x_center":0.17781854470570882,"y_center":0.4934833667896412,"width":0.06478273073832194,"height":0.08035402651186342,"source_id":0,"frame_num":809,"label":"car"}]}