{"schema_version":1,"timestamp_ms":1773270677793,"sequence":199,"detections":[{"class_id":2,"confidence":0.7893349528312683,"x_center":0.217094087600708,"y_center":0.5229849921332466,"width":0.1217911720275879,"height":0.15319688585069444,"source_id":0,"frame_num":199,"label":"car"},{"class_id":2,"confidence":0.6087534427642822,"x_center":0.36446722348531085,"y_center":0.4923693197744864,"width":0.04538297653198242,"height":0.061795354772497105,"source_id":0,"frame_num":199,"label":"car"},{"class_id":2,"confidence":0.51160728931427,"x_center":0.4260262012481689,"y_center":0.908622317843967,"width":0.8451766014099121,"height":0.17474280463324654,"source_id":0,"frame_num":199,"label":"car"},{"class_id":2,"confidence":0.29964524507522583,"x_center":0.30885232289632164,"y_center":0.48730672200520836,"width":0.024229812622070312,"height":0.04787021213107639,"source_id":0,"frame_num":199,"label":"car"}]}