{"schema_version":1,"timestamp_ms":1773270673679,"sequence":84,"detections":[{"class_id":2,"confidence":0.8681283593177795,"x_center":0.08021021684010823,"y_center":0.6007958164921513,"width":0.1601288954416911,"height":0.3413226374873409,"source_id":0,"frame_num":84,"label":"car"},{"class_id":2,"confidence":0.685276985168457,"x_center":0.3515912055969238,"y_center":0.4869474481653284,"width":0.04434642791748047,"height":0.05867018523039641,"source_id":0,"frame_num":84,"label":"car"},{"class_id":2,"confidence":0.6480989456176758,"x_center":0.11824669440587361,"y_center":0.48631098711932147,"width":0.08744221528371175,"height":0.10195631804289641,"source_id":0,"frame_num":84,"label":"car"},{"class_id":2,"confidence":0.4155215620994568,"x_center":0.42038033803304037,"y_center":0.904935540093316,"width":0.8407606760660807,"height":0.1780609130859375,"source_id":0,"frame_num":84,"label":"car"}]}