{"schema_version":1,"timestamp_ms":1773270679372,"sequence":236,"detections":[{"class_id":2,"confidence":0.7072013020515442,"x_center":0.2252674102783203,"y_center":0.5152345445421007,"width":0.09960746765136719,"height":0.11664191351996528,"source_id":0,"frame_num":236,"label":"car"},{"class_id":2,"confidence":0.4244082272052765,"x_center":0.01323975920677185,"y_center":0.5044798956976997,"width":0.026342010498046874,"height":0.08004336886935765,"source_id":0,"frame_num":236,"label":"car"},{"class_id":2,"confidence":0.383988618850708,"x_center":0.36266636848449707,"y_center":0.49250200059678817,"width":0.046082592010498045,"height":0.07035929361979167,"source_id":0,"frame_num":236,"label":"car"},{"class_id":2,"confidence":0.29111120104789734,"x_center":0.42303150494893393,"y_center":0.906726328531901,"width":0.8433803240458171,"height":0.17693023681640624,"source_id":0,"frame_num":236,"label":"car"}]}