{"schema_version":1,"timestamp_ms":1773270684410,"sequence":338,"detections":[{"class_id":2,"confidence":0.6033546328544617,"x_center":0.27213539282480875,"y_center":0.49928908171477143,"width":0.05709843635559082,"height":0.07395737259476273,"source_id":0,"frame_num":338,"label":"car"},{"class_id":2,"confidence":0.5916153788566589,"x_center":0.3692995230356852,"y_center":0.4977264263011791,"width":0.051990540822347005,"height":0.07355632075557002,"source_id":0,"frame_num":338,"label":"car"},{"class_id":2,"confidence":0.5064328908920288,"x_center":0.23642067909240722,"y_center":0.47100048771610964,"width":0.026895999908447266,"height":0.041453523989076965,"source_id":0,"frame_num":338,"label":"car"},{"class_id":2,"confidence":0.4695700705051422,"x_center":0.1414382298787435,"y_center":0.4862452895553024,"width":0.05378274917602539,"height":0.05145803380895544,"source_id":0,"frame_num":338,"label":"car"}]}