{"schema_version":1,"timestamp_ms":1773270679038,"sequence":229,"detections":[{"class_id":2,"confidence":0.6515272855758667,"x_center":0.22398877143859863,"y_center":0.5147203657362196,"width":0.10226163864135743,"height":0.1257798088921441,"source_id":0,"frame_num":229,"label":"car"},{"class_id":10,"confidence":0.38904789090156555,"x_center":0.7189695040384928,"y_center":0.6108039573386863,"width":0.020832252502441407,"height":0.08491380479600695,"source_id":0,"frame_num":229,"label":"fire hydrant"},{"class_id":2,"confidence":0.3868291974067688,"x_center":0.3628438313802083,"y_center":0.4939939569543909,"width":0.0459985097249349,"height":0.06834968284324364,"source_id":0,"frame_num":229,"label":"car"},{"class_id":2,"confidence":0.29833951592445374,"x_center":0.4297841866811117,"y_center":0.9017491375958478,"width":0.854450003306071,"height":0.184583819354022,"source_id":0,"frame_num":229,"label":"car"}]}