{"schema_version":1,"timestamp_ms":1773270678988,"sequence":228,"detections":[{"class_id":2,"confidence":0.6955422163009644,"x_center":0.2230470339457194,"y_center":0.515425858674226,"width":0.10127423604329427,"height":0.12443743105287905,"source_id":0,"frame_num":228,"label":"car"},{"class_id":2,"confidence":0.3979792296886444,"x_center":0.3629447460174561,"y_center":0.49259414672851565,"width":0.04632120132446289,"height":0.07170020209418403,"source_id":0,"frame_num":228,"label":"car"},{"class_id":10,"confidence":0.32392939925193787,"x_center":0.6965429941813152,"y_center":0.6024371959544994,"width":0.019940948486328124,"height":0.07542413782190394,"source_id":0,"frame_num":228,"label":"fire hydrant"},{"class_id":2,"confidence":0.2643737494945526,"x_center":0.44532707532246907,"y_center":0.9000788088198062,"width":0.8838271776835124,"height":0.18657040066189237,"source_id":0,"frame_num":228,"label":"car"}]}