{"schema_version":1,"timestamp_ms":1773270678410,"sequence":215,"detections":[{"class_id":2,"confidence":0.7314482927322388,"x_center":0.08407312631607056,"y_center":0.4750030517578125,"width":0.03368837833404541,"height":0.044768608940972225,"source_id":0,"frame_num":215,"label":"car"},{"class_id":2,"confidence":0.5742583870887756,"x_center":0.22055768171946208,"y_center":0.5191844940185547,"width":0.11040663719177246,"height":0.1364519755045573,"source_id":0,"frame_num":215,"label":"car"},{"class_id":2,"confidence":0.5535190105438232,"x_center":0.3631182988484701,"y_center":0.49356782701280383,"width":0.04647331237792969,"height":0.0639890882703993,"source_id":0,"frame_num":215,"label":"car"},{"class_id":2,"confidence":0.40718939900398254,"x_center":0.42380123138427733,"y_center":0.9079459013762298,"width":0.8464630126953125,"height":0.17471850359881366,"source_id":0,"frame_num":215,"label":"car"}]}