{"schema_version":1,"timestamp_ms":1773270679084,"sequence":230,"detections":[{"class_id":2,"confidence":0.6900207996368408,"x_center":0.22432608604431153,"y_center":0.5147621154785156,"width":0.10128469467163086,"height":0.12512257893880208,"source_id":0,"frame_num":230,"label":"car"},{"class_id":2,"confidence":0.4344938099384308,"x_center":0.36313886642456056,"y_center":0.4931063758002387,"width":0.045902252197265625,"height":0.07049942016601562,"source_id":0,"frame_num":230,"label":"car"},{"class_id":10,"confidence":0.3713241517543793,"x_center":0.7449661254882812,"y_center":0.6173391271520544,"width":0.022641754150390624,"height":0.09252285427517361,"source_id":0,"frame_num":230,"label":"fire hydrant"}]}