{"schema_version":1,"timestamp_ms":1773270691651,"sequence":508,"detections":[{"class_id":2,"confidence":0.6945745944976807,"x_center":0.1844375967979431,"y_center":0.5210048534252025,"width":0.130086350440979,"height":0.164471435546875,"source_id":0,"frame_num":508,"label":"car"},{"class_id":2,"confidence":0.6825147271156311,"x_center":0.3111304601033529,"y_center":0.4983178032769097,"width":0.03477611541748047,"height":0.0308074951171875,"source_id":0,"frame_num":508,"label":"car"},{"class_id":2,"confidence":0.5258191227912903,"x_center":0.37034977277119957,"y_center":0.5058302137586805,"width":0.05189390182495117,"height":0.07215372721354167,"source_id":0,"frame_num":508,"label":"car"},{"class_id":2,"confidence":0.3527531921863556,"x_center":0.26690662701924645,"y_center":0.48345986825448495,"width":0.017494805653889976,"height":0.027192405418113425,"source_id":0,"frame_num":508,"label":"car"}]}