{"schema_version":1,"timestamp_ms":1773270684636,"sequence":342,"detections":[{"class_id":2,"confidence":0.6852521896362305,"x_center":0.37002328236897786,"y_center":0.49790607028537326,"width":0.05204353332519531,"height":0.07236718071831597,"source_id":0,"frame_num":342,"label":"car"},{"class_id":2,"confidence":0.6025890707969666,"x_center":0.2735355774561564,"y_center":0.49968605041503905,"width":0.05775144894917806,"height":0.07151412963867188,"source_id":0,"frame_num":342,"label":"car"},{"class_id":2,"confidence":0.5423057079315186,"x_center":0.23891631762186685,"y_center":0.4702196756998698,"width":0.030003833770751952,"height":0.04279903835720486,"source_id":0,"frame_num":342,"label":"car"},{"class_id":2,"confidence":0.5178951621055603,"x_center":0.14576394557952882,"y_center":0.4847279583966291,"width":0.054879617691040036,"height":0.053839167842158565,"source_id":0,"frame_num":342,"label":"car"}]}