{"schema_version":1,"timestamp_ms":1773270678884,"sequence":227,"detections":[{"class_id":2,"confidence":0.6461321711540222,"x_center":0.2226597229639689,"y_center":0.5169102845368562,"width":0.10117872556050618,"height":0.1219121014630353,"source_id":0,"frame_num":227,"label":"car"},{"class_id":2,"confidence":0.3627326488494873,"x_center":0.3631562868754069,"y_center":0.4920665317111545,"width":0.045951461791992186,"height":0.07155948215060765,"source_id":0,"frame_num":227,"label":"car"}]}