{"schema_version":1,"timestamp_ms":1773270679528,"sequence":238,"detections":[{"class_id":2,"confidence":0.5444333553314209,"x_center":0.016612395147482552,"y_center":0.49826089364510995,"width":0.03299949069817861,"height":0.0878620288990162,"source_id":0,"frame_num":238,"label":"car"},{"class_id":7,"confidence":0.46499672532081604,"x_center":0.2238254467646281,"y_center":0.5109771587230542,"width":0.09603215853373209,"height":0.12310872960973669,"source_id":0,"frame_num":238,"label":"truck"},{"class_id":2,"confidence":0.4286925196647644,"x_center":0.3624807516733805,"y_center":0.49440763968008533,"width":0.046726131439208986,"height":0.06711677268699363,"source_id":0,"frame_num":238,"label":"car"},{"class_id":2,"confidence":0.3858468234539032,"x_center":0.22387880484263104,"y_center":0.5126504968713831,"width":0.0981688658396403,"height":0.12106289333767362,"source_id":0,"frame_num":238,"label":"car"}]}