{"schema_version":1,"timestamp_ms":1773270712397,"sequence":1030,"detections":[{"class_id":2,"confidence":0.7909495234489441,"x_center":0.07197642922401429,"y_center":0.5738170482494213,"width":0.14352320432662963,"height":0.44697898582175927,"source_id":0,"frame_num":1030,"label":"car"},{"class_id":2,"confidence":0.6548252105712891,"x_center":0.1353151281674703,"y_center":0.4978713424117477,"width":0.0805379311243693,"height":0.10421006944444444,"source_id":0,"frame_num":1030,"label":"car"},{"class_id":2,"confidence":0.5925870537757874,"x_center":0.3728524049123128,"y_center":0.5059275450529875,"width":0.05067853927612305,"height":0.07361955995912906,"source_id":0,"frame_num":1030,"label":"car"},{"class_id":2,"confidence":0.5427972078323364,"x_center":0.29060956637064617,"y_center":0.5016530919958044,"width":0.03932644526163737,"height":0.04747382269965278,"source_id":0,"frame_num":1030,"label":"car"}]}