{"schema_version":1,"timestamp_ms":1773270675096,"sequence":126,"detections":[{"class_id":2,"confidence":0.8914578557014465,"x_center":0.11685373385747273,"y_center":0.5538237536395038,"width":0.23337105909983316,"height":0.24152354487666378,"source_id":0,"frame_num":126,"label":"car"},{"class_id":2,"confidence":0.5863792896270752,"x_center":0.35889989535013833,"y_center":0.4890663005687572,"width":0.04359102249145508,"height":0.058488266556351275,"source_id":0,"frame_num":126,"label":"car"},{"class_id":2,"confidence":0.43430715799331665,"x_center":0.48076624870300294,"y_center":0.8879067597565827,"width":0.9547070503234864,"height":0.20858928539134838,"source_id":0,"frame_num":126,"label":"car"},{"class_id":2,"confidence":0.3592662513256073,"x_center":0.334077787399292,"y_center":0.46759550306532116,"width":0.02260732650756836,"height":0.023026021321614583,"source_id":0,"frame_num":126,"label":"car"}]}