{"schema_version":1,"timestamp_ms":1773270691354,"sequence":500,"detections":[{"class_id":2,"confidence":0.7539828419685364,"x_center":0.30788912773132326,"y_center":0.4978432266800492,"width":0.03662176132202148,"height":0.034300910101996526,"source_id":0,"frame_num":500,"label":"car"},{"class_id":2,"confidence":0.7208034992218018,"x_center":0.1683159907658895,"y_center":0.5234391954210069,"width":0.14070054690043132,"height":0.17361212836371528,"source_id":0,"frame_num":500,"label":"car"},{"class_id":2,"confidence":0.6756763458251953,"x_center":0.36905028025309244,"y_center":0.5085024798357928,"width":0.05216407775878906,"height":0.06670577437789352,"source_id":0,"frame_num":500,"label":"car"},{"class_id":2,"confidence":0.47154805064201355,"x_center":0.26532442569732667,"y_center":0.4798226109257451,"width":0.020717954635620116,"height":0.0317784344708478,"source_id":0,"frame_num":500,"label":"car"}]}