{"schema_version":1,"timestamp_ms":1773270684455,"sequence":339,"detections":[{"class_id":2,"confidence":0.6152812242507935,"x_center":0.36936192512512206,"y_center":0.49803202593768087,"width":0.052155590057373045,"height":0.07265283090096933,"source_id":0,"frame_num":339,"label":"car"},{"class_id":2,"confidence":0.5918922424316406,"x_center":0.27208614349365234,"y_center":0.49986452173303675,"width":0.05690345764160156,"height":0.07346307260018808,"source_id":0,"frame_num":339,"label":"car"},{"class_id":2,"confidence":0.5550661683082581,"x_center":0.14271758397420248,"y_center":0.4860376146104601,"width":0.055185858408610025,"height":0.05203976101345486,"source_id":0,"frame_num":339,"label":"car"},{"class_id":2,"confidence":0.4498489201068878,"x_center":0.23675127029418946,"y_center":0.47082205878363714,"width":0.028523349761962892,"height":0.042651197645399305,"source_id":0,"frame_num":339,"label":"car"}]}