{"schema_version":1,"timestamp_ms":1773270674148,"sequence":98,"detections":[{"class_id":2,"confidence":0.8658124804496765,"x_center":0.0956170380115509,"y_center":0.5751058649133753,"width":0.1909288763999939,"height":0.305658608895761,"source_id":0,"frame_num":98,"label":"car"},{"class_id":2,"confidence":0.5566316246986389,"x_center":0.35340442657470705,"y_center":0.48529223689326534,"width":0.04325675964355469,"height":0.05834483393916377,"source_id":0,"frame_num":98,"label":"car"},{"class_id":2,"confidence":0.4832884669303894,"x_center":0.48244266510009765,"y_center":0.9057586669921875,"width":0.9539794921875,"height":0.17878011067708333,"source_id":0,"frame_num":98,"label":"car"},{"class_id":2,"confidence":0.29669564962387085,"x_center":0.3264228979746501,"y_center":0.46661528128164786,"width":0.024300797780354818,"height":0.02547079015661169,"source_id":0,"frame_num":98,"label":"car"}]}