{"schema_version":1,"timestamp_ms":1773270684579,"sequence":341,"detections":[{"class_id":2,"confidence":0.689311683177948,"x_center":0.36945533752441406,"y_center":0.49797489024974684,"width":0.05166492462158203,"height":0.07191984388563367,"source_id":0,"frame_num":341,"label":"car"},{"class_id":2,"confidence":0.6690942645072937,"x_center":0.2734492063522339,"y_center":0.4990642547607422,"width":0.0577599048614502,"height":0.0725173102484809,"source_id":0,"frame_num":341,"label":"car"},{"class_id":2,"confidence":0.5729674696922302,"x_center":0.23736839294433593,"y_center":0.47047049910933886,"width":0.02851896286010742,"height":0.04382960001627604,"source_id":0,"frame_num":341,"label":"car"},{"class_id":2,"confidence":0.4967040419578552,"x_center":0.1445331335067749,"y_center":0.48549284758391203,"width":0.05156302452087402,"height":0.053093691225405096,"source_id":0,"frame_num":341,"label":"car"}]}