{"schema_version":1,"timestamp_ms":1773270677296,"sequence":188,"detections":[{"class_id":2,"confidence":0.7840670347213745,"x_center":0.2116116205851237,"y_center":0.527410888671875,"width":0.13261540730794272,"height":0.15510016547309027,"source_id":0,"frame_num":188,"label":"car"},{"class_id":2,"confidence":0.702810525894165,"x_center":0.36329291661580404,"y_center":0.4921618143717448,"width":0.04634799957275391,"height":0.06468421088324652,"source_id":0,"frame_num":188,"label":"car"},{"class_id":2,"confidence":0.47053322196006775,"x_center":0.42738924026489256,"y_center":0.9082276803475839,"width":0.8399843215942383,"height":0.17223324245876737,"source_id":0,"frame_num":188,"label":"car"},{"class_id":2,"confidence":0.30938446521759033,"x_center":0.30729724566141764,"y_center":0.4886264235885055,"width":0.02751474380493164,"height":0.04986959386754919,"source_id":0,"frame_num":188,"label":"car"}]}