{"schema_version":1,"timestamp_ms":1773270702384,"sequence":771,"detections":[{"class_id":2,"confidence":0.7226645946502686,"x_center":0.22603217760721842,"y_center":0.5189242045084635,"width":0.10274985631306967,"height":0.12481299506293403,"source_id":0,"frame_num":771,"label":"car"},{"class_id":2,"confidence":0.6517269015312195,"x_center":0.3033448060353597,"y_center":0.49687929506655093,"width":0.04023923873901367,"height":0.04488468876591435,"source_id":0,"frame_num":771,"label":"car"},{"class_id":7,"confidence":0.5508630871772766,"x_center":0.1456232746442159,"y_center":0.49447007355866607,"width":0.08001288572947184,"height":0.10045239483868634,"source_id":0,"frame_num":771,"label":"truck"},{"class_id":2,"confidence":0.3761356472969055,"x_center":0.36079861323038737,"y_center":0.5032751719156902,"width":0.04763984680175781,"height":0.07333009507921007,"source_id":0,"frame_num":771,"label":"car"}]}