{"schema_version":1,"timestamp_ms":1773270684888,"sequence":348,"detections":[{"class_id":2,"confidence":0.5915979146957397,"x_center":0.2759569565455119,"y_center":0.4997447826244213,"width":0.057124694188435875,"height":0.07051651566116898,"source_id":0,"frame_num":348,"label":"car"},{"class_id":2,"confidence":0.5596925616264343,"x_center":0.24047560691833497,"y_center":0.4712401213469329,"width":0.027745437622070313,"height":0.04188899287471065,"source_id":0,"frame_num":348,"label":"car"},{"class_id":2,"confidence":0.5151219964027405,"x_center":0.3710618495941162,"y_center":0.49913438867639615,"width":0.05297727584838867,"height":0.06988635592990451,"source_id":0,"frame_num":348,"label":"car"},{"class_id":2,"confidence":0.43161940574645996,"x_center":0.15133877992630004,"y_center":0.486108723393193,"width":0.05164659023284912,"height":0.0492283856427228,"source_id":0,"frame_num":348,"label":"car"}]}