{"schema_version":1,"timestamp_ms":1773270682064,"sequence":286,"detections":[{"class_id":2,"confidence":0.7641690373420715,"x_center":0.07926445007324219,"y_center":0.4895184693513093,"width":0.07698574066162109,"height":0.06870419537579572,"source_id":0,"frame_num":286,"label":"car"},{"class_id":2,"confidence":0.5805911421775818,"x_center":0.18870753447214764,"y_center":0.46187379625108504,"width":0.023819494247436523,"height":0.019716389973958335,"source_id":0,"frame_num":286,"label":"car"},{"class_id":2,"confidence":0.5720359086990356,"x_center":0.3634311676025391,"y_center":0.4971040231210214,"width":0.052316474914550784,"height":0.06957708288122107,"source_id":0,"frame_num":286,"label":"car"},{"class_id":2,"confidence":0.4942476749420166,"x_center":0.24439115524291993,"y_center":0.5047530986644604,"width":0.08237762451171875,"height":0.0917241131817853,"source_id":0,"frame_num":286,"label":"car"}]}