{"schema_version":1,"timestamp_ms":1773270678496,"sequence":217,"detections":[{"class_id":2,"confidence":0.6287511587142944,"x_center":0.06834164261817932,"y_center":0.47226552610044126,"width":0.036890733242034915,"height":0.04038252653899016,"source_id":0,"frame_num":217,"label":"car"},{"class_id":2,"confidence":0.5079158544540405,"x_center":0.36304187774658203,"y_center":0.4922160113299334,"width":0.04656200408935547,"height":0.06684926350911459,"source_id":0,"frame_num":217,"label":"car"},{"class_id":2,"confidence":0.4639483690261841,"x_center":0.22034773031870525,"y_center":0.5175773479320385,"width":0.10688169797261556,"height":0.13209157873083044,"source_id":0,"frame_num":217,"label":"car"},{"class_id":2,"confidence":0.31359606981277466,"x_center":0.4321748733520508,"y_center":0.9087673611111111,"width":0.8560100555419922,"height":0.17150472005208334,"source_id":0,"frame_num":217,"label":"car"}]}