{"schema_version":1,"timestamp_ms":1773270683281,"sequence":315,"detections":[{"class_id":2,"confidence":0.6705300807952881,"x_center":0.36368303298950194,"y_center":0.49581205579969617,"width":0.055010414123535155,"height":0.07190941704644097,"source_id":0,"frame_num":315,"label":"car"},{"class_id":2,"confidence":0.5863908529281616,"x_center":0.11619548797607422,"y_center":0.4874255145037616,"width":0.06416158676147461,"height":0.06127522786458333,"source_id":0,"frame_num":315,"label":"car"},{"class_id":2,"confidence":0.5744451284408569,"x_center":0.25667386054992675,"y_center":0.5029118573224103,"width":0.0652623176574707,"height":0.07969298186125578,"source_id":0,"frame_num":315,"label":"car"},{"class_id":2,"confidence":0.4175516963005066,"x_center":0.2237888971964518,"y_center":0.47334153917100696,"width":0.032755470275878905,"height":0.04440443250868056,"source_id":0,"frame_num":315,"label":"car"}]}