{"schema_version":1,"timestamp_ms":1773270674589,"sequence":111,"detections":[{"class_id":2,"confidence":0.8765043616294861,"x_center":0.10556308825810751,"y_center":0.5655385194001374,"width":0.21039075056711834,"height":0.2663646839283131,"source_id":0,"frame_num":111,"label":"car"},{"class_id":2,"confidence":0.5920403599739075,"x_center":0.3549998601277669,"y_center":0.48401514689127606,"width":0.04301872253417969,"height":0.06368798149956598,"source_id":0,"frame_num":111,"label":"car"},{"class_id":2,"confidence":0.4597722291946411,"x_center":0.4829503854115804,"y_center":0.900061939380787,"width":0.9579431215922037,"height":0.18296554000289353,"source_id":0,"frame_num":111,"label":"car"},{"class_id":2,"confidence":0.4503743648529053,"x_center":0.3308407783508301,"y_center":0.46515045166015623,"width":0.026690292358398437,"height":0.02590060763888889,"source_id":0,"frame_num":111,"label":"car"}]}