{"schema_version":1,"timestamp_ms":1773270684847,"sequence":347,"detections":[{"class_id":2,"confidence":0.574492335319519,"x_center":0.3702626864115397,"y_center":0.49850246288158273,"width":0.052918561299641925,"height":0.07074454978660301,"source_id":0,"frame_num":347,"label":"car"},{"class_id":2,"confidence":0.4868275821208954,"x_center":0.2744285980860392,"y_center":0.4995526914243345,"width":0.056980498631795246,"height":0.07078755696614583,"source_id":0,"frame_num":347,"label":"car"},{"class_id":2,"confidence":0.48527583479881287,"x_center":0.23959133625030518,"y_center":0.4707172676368996,"width":0.02735114097595215,"height":0.04177819711190683,"source_id":0,"frame_num":347,"label":"car"},{"class_id":2,"confidence":0.4688306152820587,"x_center":0.1467827041943868,"y_center":0.48472391764322914,"width":0.057473492622375486,"height":0.05137057834201389,"source_id":0,"frame_num":347,"label":"car"}]}