{"schema_version":1,"timestamp_ms":1773270673645,"sequence":83,"detections":[{"class_id":2,"confidence":0.8863956928253174,"x_center":0.0787063201268514,"y_center":0.6050671754059969,"width":0.15717584292093914,"height":0.3554934748896846,"source_id":0,"frame_num":83,"label":"car"},{"class_id":2,"confidence":0.7718521356582642,"x_center":0.11811523040135702,"y_center":0.48755323621961805,"width":0.08260492483774821,"height":0.10299309624565972,"source_id":0,"frame_num":83,"label":"car"},{"class_id":2,"confidence":0.6543898582458496,"x_center":0.35143108367919923,"y_center":0.4869727240668403,"width":0.04405841827392578,"height":0.05847439236111111,"source_id":0,"frame_num":83,"label":"car"},{"class_id":2,"confidence":0.38498374819755554,"x_center":0.4763947486877441,"y_center":0.9022496258770978,"width":0.9406694412231446,"height":0.1810003775137442,"source_id":0,"frame_num":83,"label":"car"}]}