{"schema_version":1,"timestamp_ms":1773270705821,"sequence":857,"detections":[{"class_id":2,"confidence":0.7305863499641418,"x_center":0.2702740748723348,"y_center":0.5190534521032263,"width":0.06549280484517415,"height":0.07809295654296874,"source_id":0,"frame_num":857,"label":"car"},{"class_id":2,"confidence":0.6474443078041077,"x_center":0.36303795178731285,"y_center":0.5116511874728733,"width":0.046991761525472006,"height":0.06359066433376737,"source_id":0,"frame_num":857,"label":"car"},{"class_id":2,"confidence":0.6053968071937561,"x_center":0.20842231909434,"y_center":0.49985597398546006,"width":0.05605359077453613,"height":0.07276085747612847,"source_id":0,"frame_num":857,"label":"car"},{"class_id":2,"confidence":0.4277423024177551,"x_center":0.31756065686543783,"y_center":0.5001984207718461,"width":0.02851896286010742,"height":0.036249796549479164,"source_id":0,"frame_num":857,"label":"car"}]}