{"schema_version":1,"timestamp_ms":1773270683193,"sequence":313,"detections":[{"class_id":2,"confidence":0.6950670480728149,"x_center":0.3637322266896566,"y_center":0.495653971919307,"width":0.05445038477579753,"height":0.07151249073169849,"source_id":0,"frame_num":313,"label":"car"},{"class_id":2,"confidence":0.6731235980987549,"x_center":0.11396446228027343,"y_center":0.4886282885516131,"width":0.06332836151123047,"height":0.060158764874493634,"source_id":0,"frame_num":313,"label":"car"},{"class_id":2,"confidence":0.6686045527458191,"x_center":0.25854464371999103,"y_center":0.5028629868118851,"width":0.06562727292378744,"height":0.07933533279984085,"source_id":0,"frame_num":313,"label":"car"},{"class_id":2,"confidence":0.4823925793170929,"x_center":0.22471473217010499,"y_center":0.4721943184181496,"width":0.031868600845336915,"height":0.04484589188187211,"source_id":0,"frame_num":313,"label":"car"}]}