{"schema_version":1,"timestamp_ms":1773270673982,"sequence":93,"detections":[{"class_id":2,"confidence":0.8672738075256348,"x_center":0.08945754369099936,"y_center":0.5864035571063007,"width":0.1789150873819987,"height":0.3215452123571325,"source_id":0,"frame_num":93,"label":"car"},{"class_id":2,"confidence":0.7041338086128235,"x_center":0.3525315602620443,"y_center":0.48529832628038194,"width":0.044974327087402344,"height":0.06148308648003472,"source_id":0,"frame_num":93,"label":"car"},{"class_id":2,"confidence":0.5322936773300171,"x_center":0.4730728467305501,"y_center":0.9034798516167535,"width":0.9376820246378581,"height":0.1821746826171875,"source_id":0,"frame_num":93,"label":"car"},{"class_id":2,"confidence":0.38878700137138367,"x_center":0.3231912930806478,"y_center":0.4674761454264323,"width":0.023432540893554687,"height":0.02317996554904514,"source_id":0,"frame_num":93,"label":"car"}]}