{"schema_version":1,"timestamp_ms":1773270677652,"sequence":196,"detections":[{"class_id":2,"confidence":0.7545961737632751,"x_center":0.21504958470662436,"y_center":0.5249297954418041,"width":0.12454166412353515,"height":0.1510011178475839,"source_id":0,"frame_num":196,"label":"car"},{"class_id":2,"confidence":0.6945144534111023,"x_center":0.3638175010681152,"y_center":0.49220952634458187,"width":0.046845436096191406,"height":0.06530843664098669,"source_id":0,"frame_num":196,"label":"car"},{"class_id":2,"confidence":0.4503496587276459,"x_center":0.4248002847035726,"y_center":0.9083832917390047,"width":0.8438081423441569,"height":0.17450267650462964,"source_id":0,"frame_num":196,"label":"car"},{"class_id":0,"confidence":0.26162928342819214,"x_center":0.5957185427347819,"y_center":0.5644861574526187,"width":0.012468910217285157,"height":0.04104054768880208,"source_id":0,"frame_num":196,"label":"person"}]}