{"schema_version":1,"timestamp_ms":1773270705344,"sequence":845,"detections":[{"class_id":2,"confidence":0.7796640396118164,"x_center":0.365117613474528,"y_center":0.5085712574146412,"width":0.045570691426595054,"height":0.06814428258825231,"source_id":0,"frame_num":845,"label":"car"},{"class_id":2,"confidence":0.6504040956497192,"x_center":0.26715978781382244,"y_center":0.5180506670916522,"width":0.06776712735493978,"height":0.08024941903573496,"source_id":0,"frame_num":845,"label":"car"},{"class_id":2,"confidence":0.5928549766540527,"x_center":0.20303773880004883,"y_center":0.506250508626302,"width":0.05621967315673828,"height":0.05878940158420139,"source_id":0,"frame_num":845,"label":"car"},{"class_id":2,"confidence":0.582237184047699,"x_center":0.31743369102478025,"y_center":0.5011239228425203,"width":0.03166418075561524,"height":0.04005629928023727,"source_id":0,"frame_num":845,"label":"car"}]}