{"schema_version":1,"timestamp_ms":1773270684314,"sequence":336,"detections":[{"class_id":2,"confidence":0.6489906907081604,"x_center":0.27090181509653727,"y_center":0.4995626237657335,"width":0.060503816604614256,"height":0.07368359035915799,"source_id":0,"frame_num":336,"label":"car"},{"class_id":2,"confidence":0.6029289960861206,"x_center":0.36951346397399903,"y_center":0.49714989838776763,"width":0.05198373794555664,"height":0.07365279021086517,"source_id":0,"frame_num":336,"label":"car"},{"class_id":2,"confidence":0.572637677192688,"x_center":0.23439688682556153,"y_center":0.4717010498046875,"width":0.02738361358642578,"height":0.04390903049045139,"source_id":0,"frame_num":336,"label":"car"},{"class_id":2,"confidence":0.5358166098594666,"x_center":0.13674688339233398,"y_center":0.48717685275607636,"width":0.05165586471557617,"height":0.04841952853732639,"source_id":0,"frame_num":336,"label":"car"}]}