{"schema_version":1,"timestamp_ms":1773270679457,"sequence":237,"detections":[{"class_id":2,"confidence":0.6025777459144592,"x_center":0.014449657499790191,"y_center":0.500913648252134,"width":0.028651008009910585,"height":0.08061639291268807,"source_id":0,"frame_num":237,"label":"car"},{"class_id":2,"confidence":0.5497764348983765,"x_center":0.22482183774312336,"y_center":0.5132026672363281,"width":0.10025351842244466,"height":0.11886918809678819,"source_id":0,"frame_num":237,"label":"car"},{"class_id":7,"confidence":0.4659482538700104,"x_center":0.22485493024190267,"y_center":0.5116996623851635,"width":0.09924860000610351,"height":0.12184140240704572,"source_id":0,"frame_num":237,"label":"truck"},{"class_id":2,"confidence":0.3886544406414032,"x_center":0.362678591410319,"y_center":0.4932522950349031,"width":0.04647134145100911,"height":0.06909685488100405,"source_id":0,"frame_num":237,"label":"car"}]}