{"schema_version":1,"timestamp_ms":1773270678805,"sequence":225,"detections":[{"class_id":2,"confidence":0.680670976638794,"x_center":0.22279714743296306,"y_center":0.5163929409450955,"width":0.10212012926737467,"height":0.12693837483723958,"source_id":0,"frame_num":225,"label":"car"},{"class_id":2,"confidence":0.486596941947937,"x_center":0.36287922859191896,"y_center":0.490234445642542,"width":0.047202014923095705,"height":0.07439436735930266,"source_id":0,"frame_num":225,"label":"car"},{"class_id":10,"confidence":0.4427621364593506,"x_center":0.6439009666442871,"y_center":0.5824258592393663,"width":0.016525077819824218,"height":0.06044226752387153,"source_id":0,"frame_num":225,"label":"fire hydrant"}]}