{"schema_version":1,"timestamp_ms":1773270684727,"sequence":344,"detections":[{"class_id":2,"confidence":0.683113694190979,"x_center":0.147302508354187,"y_center":0.485032879864728,"width":0.05395760536193848,"height":0.05310047290943287,"source_id":0,"frame_num":344,"label":"car"},{"class_id":2,"confidence":0.6800052523612976,"x_center":0.2743551174799601,"y_center":0.49961125409161605,"width":0.05820377667744955,"height":0.07212148595739294,"source_id":0,"frame_num":344,"label":"car"},{"class_id":2,"confidence":0.673258364200592,"x_center":0.3700791676839193,"y_center":0.498065510502568,"width":0.05275115966796875,"height":0.07233561763057002,"source_id":0,"frame_num":344,"label":"car"},{"class_id":2,"confidence":0.5645778179168701,"x_center":0.23896241188049316,"y_center":0.47148362618905526,"width":0.029528713226318358,"height":0.04047017980504919,"source_id":0,"frame_num":344,"label":"car"}]}