{"schema_version":1,"timestamp_ms":1773270702457,"sequence":773,"detections":[{"class_id":2,"confidence":0.6620756387710571,"x_center":0.22664213180541992,"y_center":0.5186602274576823,"width":0.10268592834472656,"height":0.12269677056206597,"source_id":0,"frame_num":773,"label":"car"},{"class_id":2,"confidence":0.642703652381897,"x_center":0.3021497090657552,"y_center":0.4966470506456163,"width":0.04243202209472656,"height":0.045138380262586805,"source_id":0,"frame_num":773,"label":"car"},{"class_id":2,"confidence":0.4798133671283722,"x_center":0.36144431432088214,"y_center":0.5034081211796513,"width":0.049579429626464847,"height":0.07295308996129919,"source_id":0,"frame_num":773,"label":"car"},{"class_id":7,"confidence":0.4429017901420593,"x_center":0.14825201034545898,"y_center":0.49474960609718605,"width":0.08096389770507813,"height":0.10231608638057002,"source_id":0,"frame_num":773,"label":"truck"}]}