{"schema_version":1,"timestamp_ms":1773270704218,"sequence":817,"detections":[{"class_id":2,"confidence":0.784978449344635,"x_center":0.25379416942596433,"y_center":0.5149652269151476,"width":0.07857041358947754,"height":0.09772118462456597,"source_id":0,"frame_num":817,"label":"car"},{"class_id":2,"confidence":0.6793479323387146,"x_center":0.3640318711598714,"y_center":0.5042941623263889,"width":0.04801740646362305,"height":0.06844075520833333,"source_id":0,"frame_num":817,"label":"car"},{"class_id":2,"confidence":0.671796441078186,"x_center":0.18527628580729166,"y_center":0.4932837450945819,"width":0.06666374206542969,"height":0.07837063824688947,"source_id":0,"frame_num":817,"label":"car"},{"class_id":2,"confidence":0.42977866530418396,"x_center":0.3101964473724365,"y_center":0.4955969633879485,"width":0.04111051559448242,"height":0.039983509205005784,"source_id":0,"frame_num":817,"label":"car"}]}