{"schema_version":1,"timestamp_ms":1773270674083,"sequence":96,"detections":[{"class_id":2,"confidence":0.8652355074882507,"x_center":0.09250194430351258,"y_center":0.5766369289822049,"width":0.18477693796157837,"height":0.30510152180989586,"source_id":0,"frame_num":96,"label":"car"},{"class_id":2,"confidence":0.6500079035758972,"x_center":0.3524947643280029,"y_center":0.48513276841905384,"width":0.04547319412231445,"height":0.062149895562065974,"source_id":0,"frame_num":96,"label":"car"},{"class_id":2,"confidence":0.49270522594451904,"x_center":0.47498884201049807,"y_center":0.9038623103389034,"width":0.9406038284301758,"height":0.18224413836443865,"source_id":0,"frame_num":96,"label":"car"},{"class_id":2,"confidence":0.27225372195243835,"x_center":0.3234320799509684,"y_center":0.46767474986888746,"width":0.0210966428120931,"height":0.02281304818612558,"source_id":0,"frame_num":96,"label":"car"}]}