{"schema_version":1,"timestamp_ms":1773270691765,"sequence":511,"detections":[{"class_id":2,"confidence":0.6638185381889343,"x_center":0.37117520968119305,"y_center":0.5062591411449291,"width":0.051908079783121744,"height":0.07124919184932002,"source_id":0,"frame_num":511,"label":"car"},{"class_id":2,"confidence":0.6383242011070251,"x_center":0.31193250020345054,"y_center":0.4969393977412471,"width":0.03414344787597656,"height":0.032406333640769676,"source_id":0,"frame_num":511,"label":"car"},{"class_id":2,"confidence":0.5700376629829407,"x_center":0.18535373210906983,"y_center":0.5211030748155382,"width":0.11985888481140136,"height":0.15689968532986112,"source_id":0,"frame_num":511,"label":"car"},{"class_id":2,"confidence":0.32758828997612,"x_center":0.26774300734202067,"y_center":0.4853999667697483,"width":0.018228801091512044,"height":0.02421959771050347,"source_id":0,"frame_num":511,"label":"car"}]}