{"schema_version":1,"timestamp_ms":1773270703823,"sequence":807,"detections":[{"class_id":2,"confidence":0.8595921993255615,"x_center":0.2480297088623047,"y_center":0.513566956696687,"width":0.08333301544189453,"height":0.10342458089192709,"source_id":0,"frame_num":807,"label":"car"},{"class_id":2,"confidence":0.675590991973877,"x_center":0.31130617459615073,"y_center":0.49437325089066114,"width":0.03463614781697591,"height":0.042230874520761,"source_id":0,"frame_num":807,"label":"car"},{"class_id":2,"confidence":0.5566316246986389,"x_center":0.1719027042388916,"y_center":0.4945543783682364,"width":0.057357501983642575,"height":0.07977868539315683,"source_id":0,"frame_num":807,"label":"car"},{"class_id":2,"confidence":0.5527039766311646,"x_center":0.363334067662557,"y_center":0.5047022642912689,"width":0.04802122116088867,"height":0.06543881451642072,"source_id":0,"frame_num":807,"label":"car"}]}