{"schema_version":1,"timestamp_ms":1773270674262,"sequence":101,"detections":[{"class_id":2,"confidence":0.8680373430252075,"x_center":0.09636167089144389,"y_center":0.5689162360297308,"width":0.19240340789159138,"height":0.29172854953342015,"source_id":0,"frame_num":101,"label":"car"},{"class_id":2,"confidence":0.48484939336776733,"x_center":0.3538453261057536,"y_center":0.4839127293339482,"width":0.04322245915730794,"height":0.06141524138274016,"source_id":0,"frame_num":101,"label":"car"},{"class_id":2,"confidence":0.33605673909187317,"x_center":0.4316466649373372,"y_center":0.9039556432653356,"width":0.8423151652018229,"height":0.18029016565393519,"source_id":0,"frame_num":101,"label":"car"}]}