{"schema_version":1,"timestamp_ms":1773270678732,"sequence":223,"detections":[{"class_id":2,"confidence":0.6491884589195251,"x_center":0.2229627291361491,"y_center":0.5163235699688947,"width":0.10337689717610678,"height":0.12702930591724537,"source_id":0,"frame_num":223,"label":"car"},{"class_id":2,"confidence":0.49702906608581543,"x_center":0.3630051136016846,"y_center":0.49034981904206454,"width":0.04719877243041992,"height":0.07323588618525752,"source_id":0,"frame_num":223,"label":"car"},{"class_id":10,"confidence":0.45820698142051697,"x_center":0.797229258219401,"y_center":0.6407193784360532,"width":0.0240692138671875,"height":0.11057660138165509,"source_id":0,"frame_num":223,"label":"fire hydrant"}]}