{"schema_version":1,"timestamp_ms":1773270674224,"sequence":100,"detections":[{"class_id":2,"confidence":0.884260892868042,"x_center":0.09541926980018615,"y_center":0.5701067606608073,"width":0.1905267596244812,"height":0.29736209445529516,"source_id":0,"frame_num":100,"label":"car"},{"class_id":2,"confidence":0.4554360806941986,"x_center":0.35370128949483237,"y_center":0.48430822866934314,"width":0.04335241317749024,"height":0.061135355631510416,"source_id":0,"frame_num":100,"label":"car"},{"class_id":2,"confidence":0.3948137164115906,"x_center":0.43404054641723633,"y_center":0.9052100287543403,"width":0.8408613204956055,"height":0.17989637586805557,"source_id":0,"frame_num":100,"label":"car"}]}