{"schema_version":1,"timestamp_ms":1773270678583,"sequence":219,"detections":[{"class_id":2,"confidence":0.6088329553604126,"x_center":0.22107198238372802,"y_center":0.5164840556957103,"width":0.10668835639953614,"height":0.12973816483109085,"source_id":0,"frame_num":219,"label":"car"},{"class_id":2,"confidence":0.5705484747886658,"x_center":0.3630863984425863,"y_center":0.4902737794099031,"width":0.046993350982666014,"height":0.07090146100079572,"source_id":0,"frame_num":219,"label":"car"},{"class_id":2,"confidence":0.44831383228302,"x_center":0.05133210023244222,"y_center":0.4740042086000796,"width":0.048009395599365234,"height":0.04466261687102141,"source_id":0,"frame_num":219,"label":"car"},{"class_id":2,"confidence":0.38007572293281555,"x_center":0.42437952359517417,"y_center":0.9074169017650463,"width":0.8407018343607585,"height":0.1751259132667824,"source_id":0,"frame_num":219,"label":"car"}]}