{"schema_version":1,"timestamp_ms":1773270684979,"sequence":350,"detections":[{"class_id":2,"confidence":0.6547820568084717,"x_center":0.2764749844868978,"y_center":0.49957139756944446,"width":0.057966359456380206,"height":0.06900872124565972,"source_id":0,"frame_num":350,"label":"car"},{"class_id":2,"confidence":0.5510852336883545,"x_center":0.3717235406239828,"y_center":0.499928961859809,"width":0.052440547943115236,"height":0.06839192708333333,"source_id":0,"frame_num":350,"label":"car"},{"class_id":2,"confidence":0.5097953081130981,"x_center":0.24104630947113037,"y_center":0.47264319525824655,"width":0.029988908767700197,"height":0.041401502821180554,"source_id":0,"frame_num":350,"label":"car"},{"class_id":2,"confidence":0.4691702425479889,"x_center":0.15055653651555378,"y_center":0.48674933822066696,"width":0.0474632183710734,"height":0.04596012256763599,"source_id":0,"frame_num":350,"label":"car"}]}