{"schema_version":1,"timestamp_ms":1773270677437,"sequence":192,"detections":[{"class_id":2,"confidence":0.7921678423881531,"x_center":0.21388940811157225,"y_center":0.5249683803982205,"width":0.12862091064453124,"height":0.15297224256727432,"source_id":0,"frame_num":192,"label":"car"},{"class_id":2,"confidence":0.6075133681297302,"x_center":0.3636782646179199,"y_center":0.4928800936098452,"width":0.04674530029296875,"height":0.06526995058412906,"source_id":0,"frame_num":192,"label":"car"},{"class_id":2,"confidence":0.4733350872993469,"x_center":0.42310476303100586,"y_center":0.9091767770272714,"width":0.8404611587524414,"height":0.17203566939742476,"source_id":0,"frame_num":192,"label":"car"}]}