{"schema_version":1,"timestamp_ms":1773270691730,"sequence":510,"detections":[{"class_id":2,"confidence":0.6311100125312805,"x_center":0.31195793151855467,"y_center":0.498065835458261,"width":0.03410263061523437,"height":0.030715320728443286,"source_id":0,"frame_num":510,"label":"car"},{"class_id":2,"confidence":0.5987416505813599,"x_center":0.18848040103912353,"y_center":0.5205779040301287,"width":0.12857346534729003,"height":0.15843740392614294,"source_id":0,"frame_num":510,"label":"car"},{"class_id":2,"confidence":0.585568368434906,"x_center":0.371256685256958,"y_center":0.5059967041015625,"width":0.05136404037475586,"height":0.0718112521701389,"source_id":0,"frame_num":510,"label":"car"},{"class_id":2,"confidence":0.2731441855430603,"x_center":0.2674571434656779,"y_center":0.48502314532244645,"width":0.017620642979939777,"height":0.025349737096715858,"source_id":0,"frame_num":510,"label":"car"}]}