{"schema_version":1,"timestamp_ms":1773270704492,"sequence":824,"detections":[{"class_id":2,"confidence":0.6928923726081848,"x_center":0.2588660796483358,"y_center":0.5147401456479673,"width":0.07814052899678549,"height":0.09044203581633391,"source_id":0,"frame_num":824,"label":"car"},{"class_id":2,"confidence":0.5931421518325806,"x_center":0.19000500837961834,"y_center":0.496001293041088,"width":0.0634270191192627,"height":0.07345671477141204,"source_id":0,"frame_num":824,"label":"car"},{"class_id":2,"confidence":0.3713169991970062,"x_center":0.3140073458353678,"y_center":0.49626202053493923,"width":0.03616765340169271,"height":0.03960147433810764,"source_id":0,"frame_num":824,"label":"car"},{"class_id":7,"confidence":0.2669689953327179,"x_center":0.3649953683217367,"y_center":0.5050994025336372,"width":0.046068604787190756,"height":0.06939782036675347,"source_id":0,"frame_num":824,"label":"truck"}]}