{"schema_version":1,"timestamp_ms":1773270674296,"sequence":102,"detections":[{"class_id":2,"confidence":0.8695177435874939,"x_center":0.09758202830950419,"y_center":0.5717177779586227,"width":0.19489090045293173,"height":0.2963676170066551,"source_id":0,"frame_num":102,"label":"car"},{"class_id":2,"confidence":0.5757200717926025,"x_center":0.3538403352101644,"y_center":0.4839776780870226,"width":0.04326810836791992,"height":0.0627775404188368,"source_id":0,"frame_num":102,"label":"car"},{"class_id":2,"confidence":0.41609811782836914,"x_center":0.4317228158315023,"y_center":0.9041522273310909,"width":0.8161771456400554,"height":0.18067960385923032,"source_id":0,"frame_num":102,"label":"car"},{"class_id":2,"confidence":0.2590014338493347,"x_center":0.17453949451446532,"y_center":0.49832739653410735,"width":0.03715338706970215,"height":0.07927328039098669,"source_id":0,"frame_num":102,"label":"car"}]}