{"schema_version":1,"timestamp_ms":1773270702420,"sequence":772,"detections":[{"class_id":2,"confidence":0.6515679359436035,"x_center":0.22661360104878744,"y_center":0.5197829211199725,"width":0.10420351028442383,"height":0.126050454598886,"source_id":0,"frame_num":772,"label":"car"},{"class_id":2,"confidence":0.6387431025505066,"x_center":0.30245264371236164,"y_center":0.4964197512026186,"width":0.04140532811482747,"height":0.04323374430338542,"source_id":0,"frame_num":772,"label":"car"},{"class_id":7,"confidence":0.5269807577133179,"x_center":0.14768974781036376,"y_center":0.49405158714011865,"width":0.08170857429504394,"height":0.10122143780743634,"source_id":0,"frame_num":772,"label":"truck"},{"class_id":2,"confidence":0.4673321843147278,"x_center":0.3613580703735352,"y_center":0.5032527217158564,"width":0.04991836547851562,"height":0.07331328215422454,"source_id":0,"frame_num":772,"label":"car"}]}