{"schema_version":1,"timestamp_ms":1773270684686,"sequence":343,"detections":[{"class_id":2,"confidence":0.6896896362304688,"x_center":0.37016075452168784,"y_center":0.49800152248806423,"width":0.05223290125528971,"height":0.07246721055772569,"source_id":0,"frame_num":343,"label":"car"},{"class_id":2,"confidence":0.6486480236053467,"x_center":0.2738545656204224,"y_center":0.49997555768048324,"width":0.05809931755065918,"height":0.0712057043004919,"source_id":0,"frame_num":343,"label":"car"},{"class_id":2,"confidence":0.5789967179298401,"x_center":0.23867373466491698,"y_center":0.47001688921893087,"width":0.031165599822998047,"height":0.042777817337601276,"source_id":0,"frame_num":343,"label":"car"},{"class_id":2,"confidence":0.5741417407989502,"x_center":0.14640684922536215,"y_center":0.48593570567943434,"width":0.052997255325317384,"height":0.05235762419524016,"source_id":0,"frame_num":343,"label":"car"}]}