{"schema_version":1,"timestamp_ms":1773270679129,"sequence":231,"detections":[{"class_id":2,"confidence":0.538349449634552,"x_center":0.22395628293355305,"y_center":0.515316715946904,"width":0.10303964614868164,"height":0.12447328920717593,"source_id":0,"frame_num":231,"label":"car"},{"class_id":10,"confidence":0.4953012466430664,"x_center":0.7752140998840332,"y_center":0.628705483895761,"width":0.02658252716064453,"height":0.10106150309244792,"source_id":0,"frame_num":231,"label":"fire hydrant"},{"class_id":2,"confidence":0.34650716185569763,"x_center":0.36240086555480955,"y_center":0.494045893351237,"width":0.046877574920654294,"height":0.06797442966037326,"source_id":0,"frame_num":231,"label":"car"}]}