{"schema_version":1,"timestamp_ms":1773270677332,"sequence":189,"detections":[{"class_id":2,"confidence":0.8178388476371765,"x_center":0.21219486395517986,"y_center":0.5271052183928313,"width":0.1313134988149007,"height":0.15388452035409433,"source_id":0,"frame_num":189,"label":"car"},{"class_id":2,"confidence":0.688269317150116,"x_center":0.36368141174316404,"y_center":0.4927300912362558,"width":0.045932579040527347,"height":0.06603178801359953,"source_id":0,"frame_num":189,"label":"car"},{"class_id":2,"confidence":0.49908626079559326,"x_center":0.4267594337463379,"y_center":0.9085105613425926,"width":0.8498540878295898,"height":0.1725658275462963,"source_id":0,"frame_num":189,"label":"car"},{"class_id":2,"confidence":0.2980557382106781,"x_center":0.3069262981414795,"y_center":0.488255861070421,"width":0.026736736297607422,"height":0.05028779771592882,"source_id":0,"frame_num":189,"label":"car"}]}