{"schema_version":1,"timestamp_ms":1773270673613,"sequence":82,"detections":[{"class_id":2,"confidence":0.874718189239502,"x_center":0.07791735728581746,"y_center":0.6051520029703776,"width":0.15563124815622967,"height":0.35969009399414065,"source_id":0,"frame_num":82,"label":"car"},{"class_id":2,"confidence":0.7144151329994202,"x_center":0.1166034738222758,"y_center":0.4867397590919777,"width":0.08545169035593668,"height":0.09996012934932003,"source_id":0,"frame_num":82,"label":"car"},{"class_id":2,"confidence":0.6164026856422424,"x_center":0.3516233762105306,"y_center":0.4866735811586733,"width":0.04370435078938802,"height":0.05912252355504919,"source_id":0,"frame_num":82,"label":"car"},{"class_id":2,"confidence":0.44357189536094666,"x_center":0.4804907162984212,"y_center":0.9000990691008391,"width":0.9494640986124675,"height":0.1864570900245949,"source_id":0,"frame_num":82,"label":"car"}]}