{"schema_version":1,"timestamp_ms":1773270677405,"sequence":191,"detections":[{"class_id":2,"confidence":0.8132559061050415,"x_center":0.21350396474202474,"y_center":0.5260388692220052,"width":0.129843266805013,"height":0.15287967258029514,"source_id":0,"frame_num":191,"label":"car"},{"class_id":2,"confidence":0.6430044770240784,"x_center":0.36371113459269205,"y_center":0.4929443076804832,"width":0.046420351664225264,"height":0.06589055944372106,"source_id":0,"frame_num":191,"label":"car"},{"class_id":2,"confidence":0.44166165590286255,"x_center":0.43238991101582847,"y_center":0.9093510663067853,"width":0.860466734568278,"height":0.17339336253978588,"source_id":0,"frame_num":191,"label":"car"},{"class_id":0,"confidence":0.4289252758026123,"x_center":0.6392204602559407,"y_center":0.5836642795138889,"width":0.014419110616048177,"height":0.04923027886284722,"source_id":0,"frame_num":191,"label":"person"}]}