{"schema_version":1,"timestamp_ms":1773270684767,"sequence":345,"detections":[{"class_id":2,"confidence":0.6897268891334534,"x_center":0.1478872537612915,"y_center":0.4859576613814742,"width":0.0533480167388916,"height":0.051885449444806137,"source_id":0,"frame_num":345,"label":"car"},{"class_id":2,"confidence":0.6332354545593262,"x_center":0.36988606452941897,"y_center":0.49829735932526764,"width":0.05215139389038086,"height":0.07157318680374711,"source_id":0,"frame_num":345,"label":"car"},{"class_id":2,"confidence":0.6108006834983826,"x_center":0.2742959896723429,"y_center":0.4994734870062934,"width":0.05685032208760579,"height":0.07206234402126736,"source_id":0,"frame_num":345,"label":"car"},{"class_id":2,"confidence":0.5488215684890747,"x_center":0.2388206958770752,"y_center":0.47158528080692996,"width":0.028476810455322264,"height":0.04037085639105903,"source_id":0,"frame_num":345,"label":"car"}]}