{"schema_version":1,"timestamp_ms":1773270684368,"sequence":337,"detections":[{"class_id":2,"confidence":0.6318933367729187,"x_center":0.27180620829264324,"y_center":0.4996650695800781,"width":0.05840854644775391,"height":0.07336985270182292,"source_id":0,"frame_num":337,"label":"car"},{"class_id":2,"confidence":0.6021038889884949,"x_center":0.3696861743927002,"y_center":0.4974133809407552,"width":0.052341365814208986,"height":0.07369639078776041,"source_id":0,"frame_num":337,"label":"car"},{"class_id":2,"confidence":0.5331345200538635,"x_center":0.23521196047465007,"y_center":0.47091735557273584,"width":0.026686382293701173,"height":0.04334493566442419,"source_id":0,"frame_num":337,"label":"car"},{"class_id":2,"confidence":0.4755626916885376,"x_center":0.1398491342862447,"y_center":0.48602475766782405,"width":0.051506177584330244,"height":0.051033867730034724,"source_id":0,"frame_num":337,"label":"car"}]}