{"schema_version":1,"timestamp_ms":1773270704257,"sequence":818,"detections":[{"class_id":2,"confidence":0.7651203274726868,"x_center":0.25525988737742106,"y_center":0.5151892626727069,"width":0.07795437177022298,"height":0.09571411697952836,"source_id":0,"frame_num":818,"label":"car"},{"class_id":2,"confidence":0.6706305742263794,"x_center":0.3643388112386068,"y_center":0.5038359747992621,"width":0.047831153869628905,"height":0.06901974148220485,"source_id":0,"frame_num":818,"label":"car"},{"class_id":2,"confidence":0.6003431677818298,"x_center":0.1848757028579712,"y_center":0.4935657077365451,"width":0.0648165225982666,"height":0.07751702202690972,"source_id":0,"frame_num":818,"label":"car"},{"class_id":2,"confidence":0.43542155623435974,"x_center":0.31033806800842284,"y_center":0.4953505622016059,"width":0.042114543914794925,"height":0.03974287245008681,"source_id":0,"frame_num":818,"label":"car"}]}