{"schema_version":1,"timestamp_ms":1773270691804,"sequence":512,"detections":[{"class_id":2,"confidence":0.6432165503501892,"x_center":0.371213165918986,"y_center":0.5048305794044777,"width":0.051247056325276694,"height":0.07403883757414641,"source_id":0,"frame_num":512,"label":"car"},{"class_id":2,"confidence":0.6157205700874329,"x_center":0.18920096158981323,"y_center":0.5192255938494647,"width":0.12410023212432861,"height":0.154783856427228,"source_id":0,"frame_num":512,"label":"car"},{"class_id":2,"confidence":0.6128466129302979,"x_center":0.3125816822052002,"y_center":0.4971119068287037,"width":0.03527917861938477,"height":0.032023790147569446,"source_id":0,"frame_num":512,"label":"car"},{"class_id":2,"confidence":0.36095115542411804,"x_center":0.2684760093688965,"y_center":0.484908534862377,"width":0.020393180847167968,"height":0.02435995031286169,"source_id":0,"frame_num":512,"label":"car"}]}