{"schema_version":1,"timestamp_ms":1773270675452,"sequence":137,"detections":[{"class_id":2,"confidence":0.895328938961029,"x_center":0.14002772569656372,"y_center":0.5433112956859447,"width":0.21316564083099365,"height":0.2136657432273582,"source_id":0,"frame_num":137,"label":"car"},{"class_id":2,"confidence":0.559862494468689,"x_center":0.48198814392089845,"y_center":0.8981001677336516,"width":0.9513416290283203,"height":0.18785004792390048,"source_id":0,"frame_num":137,"label":"car"},{"class_id":2,"confidence":0.5171879529953003,"x_center":0.3599183241526286,"y_center":0.4894721984863281,"width":0.04453833897908529,"height":0.05969119601779514,"source_id":0,"frame_num":137,"label":"car"},{"class_id":0,"confidence":0.30591002106666565,"x_center":0.26581082344055174,"y_center":0.49688602023654516,"width":0.026644802093505858,"height":0.068505859375,"source_id":0,"frame_num":137,"label":"person"}]}