{"schema_version":1,"timestamp_ms":1773270714216,"sequence":1079,"detections":[{"class_id":2,"confidence":0.8569397330284119,"x_center":0.11619889736175537,"y_center":0.5270375569661458,"width":0.20899901390075684,"height":0.24222310384114584,"source_id":0,"frame_num":1079,"label":"car"},{"class_id":2,"confidence":0.6727238297462463,"x_center":0.2687102158864339,"y_center":0.4883280294912833,"width":0.03477538426717122,"height":0.04770736694335938,"source_id":0,"frame_num":1079,"label":"car"},{"class_id":2,"confidence":0.6368298530578613,"x_center":0.29991683959960935,"y_center":0.4970500804759838,"width":0.03454036712646484,"height":0.04343973795572917,"source_id":0,"frame_num":1079,"label":"car"}]}