{"schema_version":1,"timestamp_ms":1773270683023,"sequence":309,"detections":[{"class_id":2,"confidence":0.7550045847892761,"x_center":0.256437873840332,"y_center":0.5020055700231482,"width":0.0679056167602539,"height":0.08145164207175926,"source_id":0,"frame_num":309,"label":"car"},{"class_id":2,"confidence":0.6512869000434875,"x_center":0.363406499226888,"y_center":0.49617774398238573,"width":0.055150413513183595,"height":0.07003103185583044,"source_id":0,"frame_num":309,"label":"car"},{"class_id":2,"confidence":0.597431480884552,"x_center":0.10921501715977987,"y_center":0.4872196762650101,"width":0.06275753180185954,"height":0.06075216222692419,"source_id":0,"frame_num":309,"label":"car"},{"class_id":2,"confidence":0.443494975566864,"x_center":0.22516585985819498,"y_center":0.4718125237358941,"width":0.02632007598876953,"height":0.043053690592447916,"source_id":0,"frame_num":309,"label":"car"}]}