{"schema_version":1,"timestamp_ms":1773270683368,"sequence":317,"detections":[{"class_id":2,"confidence":0.6760658621788025,"x_center":0.3636051654815674,"y_center":0.4958534523292824,"width":0.05654458999633789,"height":0.07090747974537037,"source_id":0,"frame_num":317,"label":"car"},{"class_id":2,"confidence":0.5638958215713501,"x_center":0.2586365222930908,"y_center":0.5026759536178024,"width":0.07100095748901367,"height":0.07891650729709201,"source_id":0,"frame_num":317,"label":"car"},{"class_id":2,"confidence":0.5351144075393677,"x_center":0.1185609777768453,"y_center":0.48915084556297017,"width":0.06195396582285563,"height":0.06036848845305266,"source_id":0,"frame_num":317,"label":"car"},{"class_id":2,"confidence":0.4238812327384949,"x_center":0.2272443930308024,"y_center":0.472542232937283,"width":0.029827213287353514,"height":0.04130062527126736,"source_id":0,"frame_num":317,"label":"car"}]}