{"schema_version":1,"timestamp_ms":1773270676271,"sequence":162,"detections":[{"class_id":2,"confidence":0.8639552593231201,"x_center":0.18713891506195068,"y_center":0.5363995304814091,"width":0.16262898445129395,"height":0.17697194417317708,"source_id":0,"frame_num":162,"label":"car"},{"class_id":2,"confidence":0.7461547255516052,"x_center":0.0680014948050181,"y_center":0.45889723036024305,"width":0.047246833642323814,"height":0.02977871365017361,"source_id":0,"frame_num":162,"label":"car"},{"class_id":2,"confidence":0.564398467540741,"x_center":0.3619714101155599,"y_center":0.4930238370542173,"width":0.04356803894042969,"height":0.05359929402669271,"source_id":0,"frame_num":162,"label":"car"},{"class_id":2,"confidence":0.464891642332077,"x_center":0.4713348229726156,"y_center":0.905329019052011,"width":0.9272309939066569,"height":0.17635797571252892,"source_id":0,"frame_num":162,"label":"car"}]}