{"schema_version":1,"timestamp_ms":1773270714795,"sequence":1095,"detections":[{"class_id":2,"confidence":0.7299839854240417,"x_center":0.15323309898376464,"y_center":0.5234196698224103,"width":0.16793289184570312,"height":0.21316364429615162,"source_id":0,"frame_num":1095,"label":"car"},{"class_id":2,"confidence":0.6551161408424377,"x_center":0.30635652542114256,"y_center":0.49691975911458336,"width":0.03365249633789062,"height":0.040669080946180554,"source_id":0,"frame_num":1095,"label":"car"},{"class_id":2,"confidence":0.5545055866241455,"x_center":0.2727696736653646,"y_center":0.49064723827220774,"width":0.031055577596028647,"height":0.04173770480685764,"source_id":0,"frame_num":1095,"label":"car"},{"class_id":2,"confidence":0.44857868552207947,"x_center":0.3760104974110921,"y_center":0.5025720243100766,"width":0.0512852668762207,"height":0.07144908198603878,"source_id":0,"frame_num":1095,"label":"car"}]}